,country,subnational1,lat,lon,umd_tree_cover_density_2000__threshold,gfw_forest_carbon_gross_removals__Mg_CO2_yr-1,gfw_forest_carbon_net_flux__Mg_CO2e_yr-1,umd_tree_cover_extent_2000__ha
0,Afghanistan,Badakhshan,36.8040254,71.367658,30,5999,-5959,1054
1,Afghanistan,Badakhshan,36.8040254,71.367658,50,2049,-2036,278
2,Afghanistan,Badakhshan,36.8040254,71.367658,75,766,-763,27
3,Afghanistan,Badghis,35.0,63.75,30,955,-843,516
4,Afghanistan,Badghis,35.0,63.75,50,650,-548,335
5,Afghanistan,Badghis,35.0,63.75,75,276,-204,94
6,Afghanistan,Baghlan,35.75,69.0,30,1358,-1283,316
7,Afghanistan,Baghlan,35.75,69.0,50,981,-910,136
8,Afghanistan,Baghlan,35.75,69.0,75,741,-711,27
9,Afghanistan,Balkh,36.7581299,66.8979753,30,558,-544,19
10,Afghanistan,Balkh,36.7581299,66.8979753,50,540,-528,10
11,Afghanistan,Balkh,36.7581299,66.8979753,75,525,-514,2
12,Afghanistan,Bamyan,34.75,67.25,30,23,-22,8
13,Afghanistan,Bamyan,34.75,67.25,50,20,-20,6
14,Afghanistan,Bamyan,34.75,67.25,75,16,-16,3
15,Afghanistan,Daykundi,33.725113,66.2196554,30,60,-60,3
16,Afghanistan,Daykundi,33.725113,66.2196554,50,57,-57,1
17,Afghanistan,Daykundi,33.725113,66.2196554,75,56,-56,0
18,Afghanistan,Farah,32.607111,62.671011,30,3,-3,0
19,Afghanistan,Farah,32.607111,62.671011,50,3,-3,0
20,Afghanistan,Farah,32.607111,62.671011,75,3,-3,0
21,Afghanistan,Faryab,35.9261784,64.6237758,30,899,-888,209
22,Afghanistan,Faryab,35.9261784,64.6237758,50,770,-762,122
23,Afghanistan,Faryab,35.9261784,64.6237758,75,639,-633,34
24,Afghanistan,Ghazni,33.5448968,68.4132108,30,195,-194,14
25,Afghanistan,Ghazni,33.5448968,68.4132108,50,194,-194,14
26,Afghanistan,Ghazni,33.5448968,68.4132108,75,175,-174,0
27,Afghanistan,Ghor,34.1605257,64.9201949,30,36,-36,2
28,Afghanistan,Ghor,34.1605257,64.9201949,50,35,-35,1
29,Afghanistan,Ghor,34.1605257,64.9201949,75,35,-35,1
30,Afghanistan,Helmand,31.0,64.0,30,4,-4,1
31,Afghanistan,Helmand,31.0,64.0,50,4,-4,1
32,Afghanistan,Helmand,31.0,64.0,75,3,-3,0
33,Afghanistan,Herat,34.3491443,62.2163252,30,466,-466,5
34,Afghanistan,Herat,34.3491443,62.2163252,50,462,-462,2
35,Afghanistan,Herat,34.3491443,62.2163252,75,459,-459,0
36,Afghanistan,Jowzjan,36.9665706,65.9560232,30,118,-109,30
37,Afghanistan,Jowzjan,36.9665706,65.9560232,50,106,-103,18
38,Afghanistan,Jowzjan,36.9665706,65.9560232,75,50,-50,0
39,Afghanistan,Kabul,34.5269503,69.1850584,30,502,-502,180
40,Afghanistan,Kabul,34.5269503,69.1850584,50,340,-340,112
41,Afghanistan,Kabul,34.5269503,69.1850584,75,89,-89,13
42,Afghanistan,Kandahar,31.6205738,65.7157573,30,2,-2,0
43,Afghanistan,Kandahar,31.6205738,65.7157573,50,2,-2,0
44,Afghanistan,Kandahar,31.6205738,65.7157573,75,2,-2,0
45,Afghanistan,Kapisa,34.905556,69.741667,30,260,-260,140
46,Afghanistan,Kapisa,34.905556,69.741667,50,184,-184,83
47,Afghanistan,Kapisa,34.905556,69.741667,75,85,-85,3
48,Afghanistan,Khost,33.4014634,69.8912294,30,9957,-6188,6409
49,Afghanistan,Khost,33.4014634,69.8912294,50,5834,-2782,3067
50,Afghanistan,Khost,33.4014634,69.8912294,75,3073,-2018,632
51,Afghanistan,Kunar,34.95,71.133333,30,181447,-176351,110515
52,Afghanistan,Kunar,34.95,71.133333,50,139146,-134563,84233
53,Afghanistan,Kunar,34.95,71.133333,75,78988,-76267,47407
54,Afghanistan,Kunduz,36.8707187,68.7563528,30,12520,-10528,3626
55,Afghanistan,Kunduz,36.8707187,68.7563528,50,7519,-5878,2179
56,Afghanistan,Kunduz,36.8707187,68.7563528,75,3793,-3032,1066
57,Afghanistan,Laghman,34.783333,70.183333,30,33478,-33352,13779
58,Afghanistan,Laghman,34.783333,70.183333,50,23182,-23078,9333
59,Afghanistan,Laghman,34.783333,70.183333,75,10596,-10526,3812
60,Afghanistan,Logar,34.0653595,69.160172,30,8,-6,1
61,Afghanistan,Logar,34.0653595,69.160172,50,7,-6,0
62,Afghanistan,Logar,34.0653595,69.160172,75,7,-6,0
63,Afghanistan,Nangarhar,34.220389,70.3800314,30,31383,-30877,11417
64,Afghanistan,Nangarhar,34.220389,70.3800314,50,21783,-21468,7089
65,Afghanistan,Nangarhar,34.220389,70.3800314,75,11298,-11186,2707
66,Afghanistan,Nimroz,30.7753811,62.4793088,30,0,0,0
67,Afghanistan,Nimroz,30.7753811,62.4793088,50,0,0,0
68,Afghanistan,Nimroz,30.7753811,62.4793088,75,0,0,0
69,Afghanistan,Nuristan,35.3,70.833333,30,71193,-70655,48390
70,Afghanistan,Nuristan,35.3,70.833333,50,53869,-53396,36416
71,Afghanistan,Nuristan,35.3,70.833333,75,27715,-27454,18106
72,Afghanistan,Paktika,32.3936231,68.7036514,30,2000,-1776,1109
73,Afghanistan,Paktika,32.3936231,68.7036514,50,1215,-1067,463
74,Afghanistan,Paktika,32.3936231,68.7036514,75,720,-693,43
75,Afghanistan,Paktia,33.705724,69.4083555,30,10284,-9322,4399
76,Afghanistan,Paktia,33.705724,69.4083555,50,7346,-6738,2103
77,Afghanistan,Paktia,33.705724,69.4083555,75,5046,-4886,309
78,Afghanistan,Panjshir,35.4338536,69.7930899,30,34,-34,15
79,Afghanistan,Panjshir,35.4338536,69.7930899,50,26,-26,8
80,Afghanistan,Panjshir,35.4338536,69.7930899,75,19,-19,2
81,Afghanistan,Parwan,34.9797014,68.9146703,30,80,-80,20
82,Afghanistan,Parwan,34.9797014,68.9146703,50,65,-65,9
83,Afghanistan,Parwan,34.9797014,68.9146703,75,58,-58,3
84,Afghanistan,Samangan,36.0,67.666667,30,430,168,136
85,Afghanistan,Samangan,36.0,67.666667,50,373,20,80
86,Afghanistan,Samangan,36.0,67.666667,75,328,-138,35
87,Afghanistan,Sar-e Pol,35.5532126,66.2426766,30,1574,-1536,207
88,Afghanistan,Sar-e Pol,35.5532126,66.2426766,50,1437,-1403,101
89,Afghanistan,Sar-e Pol,35.5532126,66.2426766,75,1344,-1311,30
90,Afghanistan,Takhar,36.5940732,69.7938996,30,10939,-9713,3245
91,Afghanistan,Takhar,36.5940732,69.7938996,50,7621,-6527,2213
92,Afghanistan,Takhar,36.5940732,69.7938996,75,4138,-3505,1126
93,Afghanistan,Urozgan,32.8129681,66.0183185,30,13,-13,0
94,Afghanistan,Urozgan,32.8129681,66.0183185,50,13,-13,0
95,Afghanistan,Urozgan,32.8129681,66.0183185,75,13,-13,0
96,Afghanistan,Wardak,34.3191345,68.3360426,30,21,-21,3
97,Afghanistan,Wardak,34.3191345,68.3360426,50,19,-19,2
98,Afghanistan,Wardak,34.3191345,68.3360426,75,18,-18,0
99,Afghanistan,Zabul,32.3068942,67.129904,30,1,-1,0
100,Afghanistan,Zabul,32.3068942,67.129904,50,1,-1,0
101,Afghanistan,Zabul,32.3068942,67.129904,75,1,-1,0
102,Albania,Berat,40.7018636,19.9580758,30,227784,-198235,39870
103,Albania,Berat,40.7018636,19.9580758,50,187130,-159809,32144
104,Albania,Berat,40.7018636,19.9580758,75,125904,-104711,20902
105,Albania,Dibër,41.622192,20.180816,30,754425,-640647,76478
106,Albania,Dibër,41.622192,20.180816,50,641854,-534233,64378
107,Albania,Dibër,41.622192,20.180816,75,445337,-353385,44034
108,Albania,Durrës,41.313255,19.4462348,30,52710,-46554,11362
109,Albania,Durrës,41.313255,19.4462348,50,41897,-36402,9316
110,Albania,Durrës,41.313255,19.4462348,75,25423,-21466,5920
111,Albania,Elbasan,41.1126792,20.0820858,30,612745,-533330,77451
112,Albania,Elbasan,41.1126792,20.0820858,50,515725,-438576,62577
113,Albania,Elbasan,41.1126792,20.0820858,75,367240,-297116,42107
114,Albania,Fier,40.7251118,19.5582079,30,44424,-33969,11520
115,Albania,Fier,40.7251118,19.5582079,50,34853,-25886,8904
116,Albania,Fier,40.7251118,19.5582079,75,20313,-14353,5233
117,Albania,Gjirokastër,40.0770871,20.1393359,30,289220,-265589,52321
118,Albania,Gjirokastër,40.0770871,20.1393359,50,235366,-213632,41961
119,Albania,Gjirokastër,40.0770871,20.1393359,75,160190,-142293,28267
120,Albania,Korçë,40.6158967,20.7772187,30,715980,-601668,78124
121,Albania,Korçë,40.6158967,20.7772187,50,591160,-480651,64293
122,Albania,Korçë,40.6158967,20.7772187,75,400516,-302910,43325
123,Albania,Kukës,42.0768978,20.4163203,30,720636,-682426,70600
124,Albania,Kukës,42.0768978,20.4163203,50,619680,-583611,59963
125,Albania,Kukës,42.0768978,20.4163203,75,446119,-416393,42079
126,Albania,Lezhë,41.7816638,19.6433538,30,276539,-203971,51802
127,Albania,Lezhë,41.7816638,19.6433538,50,219716,-151975,41627
128,Albania,Lezhë,41.7816638,19.6433538,75,140255,-87774,27599
129,Albania,Shkodër,42.0681371,19.5121437,30,1023458,-860945,110061
130,Albania,Shkodër,42.0681371,19.5121437,50,882206,-725504,93400
131,Albania,Shkodër,42.0681371,19.5121437,75,639782,-503208,66435
132,Albania,Tirana,41.3281482,19.8184435,30,224651,-204113,33380
133,Albania,Tirana,41.3281482,19.8184435,50,196913,-177934,28292
134,Albania,Tirana,41.3281482,19.8184435,75,142181,-126895,19209
135,Albania,Vlorë,40.4707602,19.4912716,30,161018,-110334,35490
136,Albania,Vlorë,40.4707602,19.4912716,50,128128,-83495,27817
137,Albania,Vlorë,40.4707602,19.4912716,75,88464,-54920,18598
138,Algeria,Adrar,26.4888155,-1.3582442,30,6,-6,0
139,Algeria,Adrar,26.4888155,-1.3582442,50,6,-6,0
140,Algeria,Adrar,26.4888155,-1.3582442,75,6,-6,0
141,Algeria,Adrar,26.4888155,-1.3582442,30,56,-56,0
142,Algeria,Adrar,26.4888155,-1.3582442,50,56,-56,0
143,Algeria,Adrar,26.4888155,-1.3582442,75,56,-56,0
144,Algeria,Algiers,36.7729333,3.0588445,30,18883,-15475,3218
145,Algeria,Algiers,36.7729333,3.0588445,50,12105,-9759,1953
146,Algeria,Algiers,36.7729333,3.0588445,75,5362,-4424,712
147,Algeria,Annaba,36.8982165,7.7549272,30,186294,-77255,50397
148,Algeria,Annaba,36.8982165,7.7549272,50,148738,-59077,40137
149,Algeria,Annaba,36.8982165,7.7549272,75,86331,-30381,23190
150,Algeria,Aïn Defla,36.1586843,2.0842817,30,237615,-160592,62089
151,Algeria,Aïn Defla,36.1586843,2.0842817,50,140796,-79331,37556
152,Algeria,Aïn Defla,36.1586843,2.0842817,75,64544,-32341,16496
153,Algeria,Aïn Témouchent,35.3651297,-0.9452171,30,8185,-7633,1877
154,Algeria,Aïn Témouchent,35.3651297,-0.9452171,50,4110,-3870,812
155,Algeria,Aïn Témouchent,35.3651297,-0.9452171,75,1730,-1643,188
156,Algeria,Batna,35.3384291,5.7315453,30,70837,-55960,15323
157,Algeria,Batna,35.3384291,5.7315453,50,44134,-33908,9199
158,Algeria,Batna,35.3384291,5.7315453,75,20605,-15286,3945
159,Algeria,Biskra,34.8508816,5.729074,30,4556,-4552,35
160,Algeria,Biskra,34.8508816,5.729074,50,4427,-4427,1
161,Algeria,Biskra,34.8508816,5.729074,75,4426,-4426,0
162,Algeria,Blida,36.4705658,2.8274937,30,210594,-164731,48370
163,Algeria,Blida,36.4705658,2.8274937,50,163840,-125234,37968
164,Algeria,Blida,36.4705658,2.8274937,75,95651,-73389,22333
165,Algeria,Bordj Bou Arréridj,36.0962029,4.6602742,30,44801,-37927,9868
166,Algeria,Bordj Bou Arréridj,36.0962029,4.6602742,50,21086,-16634,4356
167,Algeria,Bordj Bou Arréridj,36.0962029,4.6602742,75,10582,-8744,1833
168,Algeria,Bouira,36.2316481,3.9082579,30,163487,-125735,35769
169,Algeria,Bouira,36.2316481,3.9082579,50,90104,-65520,19057
170,Algeria,Bouira,36.2316481,3.9082579,75,36463,-26348,6653
171,Algeria,Boumerdès,36.7358032,3.6163046,30,115178,-80369,28214
172,Algeria,Boumerdès,36.7358032,3.6163046,50,77291,-49506,18988
173,Algeria,Boumerdès,36.7358032,3.6163046,75,36164,-19804,8738
174,Algeria,Béchar,31.385726,-2.0115958,30,6,-6,0
175,Algeria,Béchar,31.385726,-2.0115958,50,6,-6,0
176,Algeria,Béchar,31.385726,-2.0115958,75,6,-6,0
177,Algeria,Béjaïa,36.7511783,5.0643687,30,385635,-189539,101004
178,Algeria,Béjaïa,36.7511783,5.0643687,50,286346,-123956,75336
179,Algeria,Béjaïa,36.7511783,5.0643687,75,166571,-66326,43174
180,Algeria,Chlef,36.20342,1.2680696,30,181107,-143122,37168
181,Algeria,Chlef,36.20342,1.2680696,50,125545,-95539,25133
182,Algeria,Chlef,36.20342,1.2680696,75,54436,-37234,10464
183,Algeria,Constantine,36.3641642,6.6084281,30,25291,-13852,5920
184,Algeria,Constantine,36.3641642,6.6084281,50,15120,-6470,3520
185,Algeria,Constantine,36.3641642,6.6084281,75,6681,-2241,1462
186,Algeria,Djelfa,34.342841,3.2172531,30,2368,-2368,642
187,Algeria,Djelfa,34.342841,3.2172531,50,983,-983,59
188,Algeria,Djelfa,34.342841,3.2172531,75,796,-796,1
189,Algeria,El Bayadh,32.570303,1.1259581,30,139,-139,17
190,Algeria,El Bayadh,32.570303,1.1259581,50,9,-9,0
191,Algeria,El Bayadh,32.570303,1.1259581,75,8,-8,0
192,Algeria,El Oued,33.215441,7.1553214,30,796,-796,0
193,Algeria,El Oued,33.215441,7.1553214,50,796,-796,0
194,Algeria,El Oued,33.215441,7.1553214,75,796,-796,0
195,Algeria,El Tarf,36.6713563,8.070134,30,486183,-104179,121117
196,Algeria,El Tarf,36.6713563,8.070134,50,385561,-62177,97073
197,Algeria,El Tarf,36.6713563,8.070134,75,227975,-16087,57554
198,Algeria,Ghardaïa,32.440827,3.5618209,30,29,-29,0
199,Algeria,Ghardaïa,32.440827,3.5618209,50,29,-29,0
200,Algeria,Ghardaïa,32.440827,3.5618209,75,29,-29,0
201,Algeria,Guelma,36.3491635,7.409499,30,228287,-73694,58990
202,Algeria,Guelma,36.3491635,7.409499,50,171862,-48133,44422
203,Algeria,Guelma,36.3491635,7.409499,75,85782,-18167,21496
204,Algeria,Illizi,27.8528505,7.8189636,30,28,-28,0
205,Algeria,Illizi,27.8528505,7.8189636,50,28,-28,0
206,Algeria,Illizi,27.8528505,7.8189636,75,28,-28,0
207,Algeria,Jijel,36.8167305,5.771494,30,380027,-231239,114005
208,Algeria,Jijel,36.8167305,5.771494,50,327468,-189978,98254
209,Algeria,Jijel,36.8167305,5.771494,75,231727,-126829,69637
210,Algeria,Khenchela,34.9133455,6.9059431,30,116155,-105084,20041
211,Algeria,Khenchela,34.9133455,6.9059431,50,89224,-80863,14610
212,Algeria,Khenchela,34.9133455,6.9059431,75,48611,-44536,7440
213,Algeria,Laghouat,33.7504405,2.6431094,30,2,-2,0
214,Algeria,Laghouat,33.7504405,2.6431094,50,2,-2,0
215,Algeria,Laghouat,33.7504405,2.6431094,75,2,-2,0
216,Algeria,M'Sila,35.1300205,4.2003107,30,1143,-1135,177
217,Algeria,M'Sila,35.1300205,4.2003107,50,790,-786,91
218,Algeria,M'Sila,35.1300205,4.2003107,75,462,-462,17
219,Algeria,Mascara,35.3978385,0.2430195,30,10205,-9124,2497
220,Algeria,Mascara,35.3978385,0.2430195,50,3980,-3474,523
221,Algeria,Mascara,35.3978385,0.2430195,75,2699,-2516,87
222,Algeria,Mila,36.2502135,6.1652163,30,24090,-18536,5562
223,Algeria,Mila,36.2502135,6.1652163,50,18003,-13172,3993
224,Algeria,Mila,36.2502135,6.1652163,75,11618,-8450,2245
225,Algeria,Mostaganem,35.928808,0.089978,30,30183,-27769,4735
226,Algeria,Mostaganem,35.928808,0.089978,50,14512,-13212,2134
227,Algeria,Mostaganem,35.928808,0.089978,75,5074,-4717,531
228,Algeria,Médéa,35.9752045,3.0123504,30,212132,-161553,46598
229,Algeria,Médéa,35.9752045,3.0123504,50,131735,-96843,27980
230,Algeria,Médéa,35.9752045,3.0123504,75,58620,-44681,10811
231,Algeria,Naâma,33.2336851,-0.8151958,30,2,-2,0
232,Algeria,Naâma,33.2336851,-0.8151958,50,2,-2,0
233,Algeria,Naâma,33.2336851,-0.8151958,75,2,-2,0
234,Algeria,Oran,35.7044415,-0.6502981,30,42260,-35811,10051
235,Algeria,Oran,35.7044415,-0.6502981,50,29552,-24690,6839
236,Algeria,Oran,35.7044415,-0.6502981,75,13026,-10657,2849
237,Algeria,Ouargla,31.9444998,5.3217813,30,390,-390,0
238,Algeria,Ouargla,31.9444998,5.3217813,50,390,-390,0
239,Algeria,Ouargla,31.9444998,5.3217813,75,390,-390,0
240,Algeria,Oum el Bouaghi,35.8105805,7.0184178,30,7672,-6240,1568
241,Algeria,Oum el Bouaghi,35.8105805,7.0184178,50,4603,-3975,824
242,Algeria,Oum el Bouaghi,35.8105805,7.0184178,75,1837,-1644,199
243,Algeria,Relizane,35.8363185,0.9118537,30,43909,-40293,8623
244,Algeria,Relizane,35.8363185,0.9118537,50,26397,-23981,4929
245,Algeria,Relizane,35.8363185,0.9118537,75,10980,-10011,1763
246,Algeria,Saïda,34.743349,0.2440764,30,7436,-6447,1081
247,Algeria,Saïda,34.743349,0.2440764,50,4558,-4049,273
248,Algeria,Saïda,34.743349,0.2440764,75,3342,-3255,34
249,Algeria,Sidi Bel Abbès,34.682268,-0.4357555,30,11852,-10084,3420
250,Algeria,Sidi Bel Abbès,34.682268,-0.4357555,50,6720,-5797,1146
251,Algeria,Sidi Bel Abbès,34.682268,-0.4357555,75,4674,-4267,348
252,Algeria,Skikda,36.8801317,6.9077363,30,512356,-240750,149824
253,Algeria,Skikda,36.8801317,6.9077363,50,415630,-185661,121088
254,Algeria,Skikda,36.8801317,6.9077363,75,273037,-116091,78205
255,Algeria,Souk Ahras,36.1378681,7.8262426,30,113352,-57077,28841
256,Algeria,Souk Ahras,36.1378681,7.8262426,50,89867,-44848,22871
257,Algeria,Souk Ahras,36.1378681,7.8262426,75,50446,-24719,12598
258,Algeria,Sétif,36.1893494,5.4046876,30,109779,-96841,25041
259,Algeria,Sétif,36.1893494,5.4046876,50,73171,-62794,16560
260,Algeria,Sétif,36.1893494,5.4046876,75,40894,-34571,8825
261,Algeria,Tamanrasset,24.3753438,4.3208436,30,93,-93,0
262,Algeria,Tamanrasset,24.3753438,4.3208436,50,93,-93,0
263,Algeria,Tamanrasset,24.3753438,4.3208436,75,93,-93,0
264,Algeria,Tiaret,34.8947575,1.5945792,30,21947,-19904,4079
265,Algeria,Tiaret,34.8947575,1.5945792,50,7474,-6384,1229
266,Algeria,Tiaret,34.8947575,1.5945792,75,2485,-2268,195
267,Algeria,Tindouf,27.543907,-6.2400411,30,0,0,0
268,Algeria,Tindouf,27.543907,-6.2400411,50,0,0,0
269,Algeria,Tindouf,27.543907,-6.2400411,75,0,0,0
270,Algeria,Tipaza,36.527157,2.1672012,30,246524,-199069,54692
271,Algeria,Tipaza,36.527157,2.1672012,50,183990,-144997,40567
272,Algeria,Tipaza,36.527157,2.1672012,75,104924,-80534,22651
273,Algeria,Tissemsilt,35.7858975,1.8340957,30,83486,-73432,19663
274,Algeria,Tissemsilt,35.7858975,1.8340957,50,47988,-40748,11114
275,Algeria,Tissemsilt,35.7858975,1.8340957,75,19662,-16361,4110
276,Algeria,Tizi Ouzou,36.6816175,4.237186,30,390170,-277961,113122
277,Algeria,Tizi Ouzou,36.6816175,4.237186,50,307003,-211645,90069
278,Algeria,Tizi Ouzou,36.6816175,4.237186,75,171547,-115754,51223
279,Algeria,Tlemcen,34.881789,-1.316699,30,116522,-109331,25498
280,Algeria,Tlemcen,34.881789,-1.316699,50,60118,-56353,12570
281,Algeria,Tlemcen,34.881789,-1.316699,75,23277,-21909,3918
282,Algeria,Tébessa,35.124945,7.9011735,30,21100,-14632,4192
283,Algeria,Tébessa,35.124945,7.9011735,50,11213,-7035,2126
284,Algeria,Tébessa,35.124945,7.9011735,75,3778,-2408,609
285,Angola,Bengo,-8.3196672,13.8656195,30,7669412,-4318114,1962852
286,Angola,Bengo,-8.3196672,13.8656195,50,5823788,-2664986,1493646
287,Angola,Bengo,-8.3196672,13.8656195,75,2403063,-240679,592551
288,Angola,Benguela,-12.5790048,13.4037117,30,2786075,-778780,976480
289,Angola,Benguela,-12.5790048,13.4037117,50,927117,30658,262764
290,Angola,Benguela,-12.5790048,13.4037117,75,331489,-240036,6405
291,Angola,Bié,-12.2630485,17.4967812,30,7598075,132217,3802286
292,Angola,Bié,-12.2630485,17.4967812,50,4565115,-474906,2087364
293,Angola,Bié,-12.2630485,17.4967812,75,681946,-366371,3648
294,Angola,Cabinda,-5.056395,12.3211749,30,2151764,-765851,598211
295,Angola,Cabinda,-5.056395,12.3211749,50,1976374,-647173,548791
296,Angola,Cabinda,-5.056395,12.3211749,75,1564310,-637148,431251
297,Angola,Cuando Cubango,-16.0457694,19.5621532,30,5137693,-2894520,2369914
298,Angola,Cuando Cubango,-16.0457694,19.5621532,50,1926080,-1047796,761509
299,Angola,Cuando Cubango,-16.0457694,19.5621532,75,439439,-379292,1716
300,Angola,Cuanza Norte,-9.0296752,15.0926324,30,7837012,-4412497,1734583
301,Angola,Cuanza Norte,-9.0296752,15.0926324,50,5543848,-2288849,1220685
302,Angola,Cuanza Norte,-9.0296752,15.0926324,75,3064469,-596456,708520
303,Angola,Cuanza Sul,-10.7707527,15.0975712,30,8496436,-3614893,3647764
304,Angola,Cuanza Sul,-10.7707527,15.0975712,50,4573611,-1233660,1919671
305,Angola,Cuanza Sul,-10.7707527,15.0975712,75,567130,-200378,56468
306,Angola,Cunene,-16.5568536,15.7867319,30,167180,-82892,33088
307,Angola,Cunene,-16.5568536,15.7867319,50,84333,-31790,3337
308,Angola,Cunene,-16.5568536,15.7867319,75,82255,-59828,875
309,Angola,Huambo,-12.7772455,15.7346713,30,1624427,448595,614962
310,Angola,Huambo,-12.7772455,15.7346713,50,595645,63407,79481
311,Angola,Huambo,-12.7772455,15.7346713,75,456522,-218097,1709
312,Angola,Huíla,-14.6957808,15.0976293,30,2832333,801471,970971
313,Angola,Huíla,-14.6957808,15.0976293,50,861111,-32093,61798
314,Angola,Huíla,-14.6957808,15.0976293,75,767024,-451445,1996
315,Angola,Luanda,-8.8272699,13.2439512,30,65684,-57961,14322
316,Angola,Luanda,-8.8272699,13.2439512,50,48428,-41816,9486
317,Angola,Luanda,-8.8272699,13.2439512,75,30049,-25714,3591
318,Angola,Lunda Norte,-8.5088253,19.7538618,30,30199069,-26913900,8455945
319,Angola,Lunda Norte,-8.5088253,19.7538618,50,18295278,-15657083,5130931
320,Angola,Lunda Norte,-8.5088253,19.7538618,75,1067793,-893415,125600
321,Angola,Lunda Sul,-10.1473779,20.9907756,30,10795689,-8612925,5461334
322,Angola,Lunda Sul,-10.1473779,20.9907756,50,6159115,-4512956,3085017
323,Angola,Lunda Sul,-10.1473779,20.9907756,75,432387,-388963,25954
324,Angola,Malanje,-9.535332,16.9364293,30,20228854,-16116522,6261632
325,Angola,Malanje,-9.535332,16.9364293,50,10916186,-7956239,3368753
326,Angola,Malanje,-9.535332,16.9364293,75,1142480,-595023,174604
327,Angola,Moxico,-12.7287195,21.2737637,30,22687103,-15338973,11038081
328,Angola,Moxico,-12.7287195,21.2737637,50,14942033,-8836316,7366076
329,Angola,Moxico,-12.7287195,21.2737637,75,569859,-305406,38144
330,Angola,Namibe,-15.2669341,12.7064561,30,380241,-320920,99461
331,Angola,Namibe,-15.2669341,12.7064561,50,79976,-60489,12360
332,Angola,Namibe,-15.2669341,12.7064561,75,42761,-37261,526
333,Angola,Uíge,-6.9516802,15.4799164,30,28446924,-15380091,5076127
334,Angola,Uíge,-6.9516802,15.4799164,50,18422260,-5774848,3338292
335,Angola,Uíge,-6.9516802,15.4799164,75,5815361,1227702,1281896
336,Angola,Zaire,-6.6925131,13.5293029,30,11512045,-9986887,2158122
337,Angola,Zaire,-6.6925131,13.5293029,50,5598340,-4247799,1155212
338,Angola,Zaire,-6.6925131,13.5293029,75,1619191,-1056791,327481
339,Argentina,Buenos Aires,-34.6095579,-58.3887904,30,1170282,-714188,421145
340,Argentina,Buenos Aires,-34.6095579,-58.3887904,50,818500,-405577,269694
341,Argentina,Buenos Aires,-34.6095579,-58.3887904,75,442397,-140421,119302
342,Argentina,Catamarca,-27.7758659,-67.171292,30,2147866,-1707705,679716
343,Argentina,Catamarca,-27.7758659,-67.171292,50,1052256,-815303,329218
344,Argentina,Catamarca,-27.7758659,-67.171292,75,327848,-233552,105485
345,Argentina,Chaco,-26.3829647,-60.8816092,30,26166835,-16776567,5967940
346,Argentina,Chaco,-26.3829647,-60.8816092,50,15748934,-7845393,3498862
347,Argentina,Chaco,-26.3829647,-60.8816092,75,2514029,119034,700378
348,Argentina,Chubut,-43.7128356,-68.7461817,30,3655598,-3227331,784763
349,Argentina,Chubut,-43.7128356,-68.7461817,50,3332439,-2919932,708631
350,Argentina,Chubut,-43.7128356,-68.7461817,75,2842049,-2475183,597060
351,Argentina,Ciudad Autónoma de Buenos Aires,-34.6095579,-58.3887904,30,229,-225,67
352,Argentina,Ciudad Autónoma de Buenos Aires,-34.6095579,-58.3887904,50,132,-130,25
353,Argentina,Ciudad Autónoma de Buenos Aires,-34.6095579,-58.3887904,75,85,-84,4
354,Argentina,Corrientes,-29.0177384,-57.8869739,30,11824031,-6200112,1254785
355,Argentina,Corrientes,-29.0177384,-57.8869739,50,9506018,-4055755,871532
356,Argentina,Corrientes,-29.0177384,-57.8869739,75,6763777,-1856462,465240
357,Argentina,Córdoba,-31.4166867,-64.1834193,30,2254811,-1603690,724143
358,Argentina,Córdoba,-31.4166867,-64.1834193,50,650192,-348615,209835
359,Argentina,Córdoba,-31.4166867,-64.1834193,75,174089,8618,57441
360,Argentina,Córdoba,-31.4166867,-64.1834193,30,5247415,-3940542,1345154
361,Argentina,Córdoba,-31.4166867,-64.1834193,50,4483340,-3235833,1166335
362,Argentina,Córdoba,-31.4166867,-64.1834193,75,3150286,-2072996,826263
363,Argentina,Entre Ríos,-32.1290686,-59.5077664,30,8332398,-5195581,1432458
364,Argentina,Entre Ríos,-32.1290686,-59.5077664,50,6008867,-3170136,966558
365,Argentina,Entre Ríos,-32.1290686,-59.5077664,75,3351023,-1094840,438220
366,Argentina,Formosa,-24.5955306,-60.4289718,30,20512866,-12752615,5047807
367,Argentina,Formosa,-24.5955306,-60.4289718,50,12565943,-6050547,3137638
368,Argentina,Formosa,-24.5955306,-60.4289718,75,2626884,103256,847215
369,Argentina,Jujuy,-23.1546219,-66.1110913,30,3222632,-2088858,1043448
370,Argentina,Jujuy,-23.1546219,-66.1110913,50,2855404,-1786108,969151
371,Argentina,Jujuy,-23.1546219,-66.1110913,75,1752022,-1020830,693062
372,Argentina,La Pampa,-37.1789623,-65.704912,30,199011,-194073,85413
373,Argentina,La Pampa,-37.1789623,-65.704912,50,25693,-23041,9645
374,Argentina,La Pampa,-37.1789623,-65.704912,75,6302,-4717,1012
375,Argentina,La Rioja,-29.7824554,-67.1147124,30,107987,-101243,40773
376,Argentina,La Rioja,-29.7824554,-67.1147124,50,46726,-45329,17018
377,Argentina,La Rioja,-29.7824554,-67.1147124,75,20736,-19838,6899
378,Argentina,La Rioja,-29.7824554,-67.1147124,30,1407290,-1179274,158744
379,Argentina,La Rioja,-29.7824554,-67.1147124,50,1188612,-978245,132306
380,Argentina,La Rioja,-29.7824554,-67.1147124,75,937828,-764103,102596
381,Argentina,Mendoza,-34.5970325,-68.7304797,30,26079,-22008,14035
382,Argentina,Mendoza,-34.5970325,-68.7304797,50,8887,-5500,4400
383,Argentina,Mendoza,-34.5970325,-68.7304797,75,2910,-861,1012
384,Argentina,Misiones,-26.737224,-54.4315257,30,11967291,927230,2569023
385,Argentina,Misiones,-26.737224,-54.4315257,50,11169047,1518336,2420602
386,Argentina,Misiones,-26.737224,-54.4315257,75,9795297,2244579,2183116
387,Argentina,Misiones,-26.737224,-54.4315257,30,1417297,-1315747,157713
388,Argentina,Misiones,-26.737224,-54.4315257,50,867183,-787569,85774
389,Argentina,Misiones,-26.737224,-54.4315257,75,559936,-505517,49453
390,Argentina,Neuquén,-38.8502546,-69.832275,30,3716796,-3585815,727778
391,Argentina,Neuquén,-38.8502546,-69.832275,50,3469836,-3345109,644900
392,Argentina,Neuquén,-38.8502546,-69.832275,75,3121493,-3014590,550158
393,Argentina,Río Negro,-40.4811973,-67.6145911,30,2174300,-1975233,419612
394,Argentina,Río Negro,-40.4811973,-67.6145911,50,1999742,-1809185,373948
395,Argentina,Río Negro,-40.4811973,-67.6145911,75,1762863,-1593591,315244
396,Argentina,Salta,-25.2269908,-64.5911956,30,23468575,-10695636,7633523
397,Argentina,Salta,-25.2269908,-64.5911956,50,11522109,-2434694,4136209
398,Argentina,Salta,-25.2269908,-64.5911956,75,5185710,-542374,2199995
399,Argentina,San Juan,-30.7054363,-69.1988222,30,21631,-20292,10517
400,Argentina,San Juan,-30.7054363,-69.1988222,50,6165,-5081,2053
401,Argentina,San Juan,-30.7054363,-69.1988222,75,3389,-2715,434
402,Argentina,San Juan,-30.7054363,-69.1988222,30,696922,-362907,172567
403,Argentina,San Juan,-30.7054363,-69.1988222,50,497209,-201583,132939
404,Argentina,San Juan,-30.7054363,-69.1988222,75,305444,-82080,92601
405,Argentina,San Luis,-33.8985562,-66.0614179,30,107982,-63072,34338
406,Argentina,San Luis,-33.8985562,-66.0614179,50,17036,-14913,3998
407,Argentina,San Luis,-33.8985562,-66.0614179,75,4069,-3748,496
408,Argentina,Santa Cruz,-49.0468648,-70.27054,30,1615481,-1565426,229412
409,Argentina,Santa Cruz,-49.0468648,-70.27054,50,1443307,-1394045,202041
410,Argentina,Santa Cruz,-49.0468648,-70.27054,75,1026020,-980373,142429
411,Argentina,Santa Cruz,-49.0468648,-70.27054,30,90778605,14396100,31493381
412,Argentina,Santa Cruz,-49.0468648,-70.27054,50,73436073,27953020,27404207
413,Argentina,Santa Cruz,-49.0468648,-70.27054,75,44228245,39890622,20626187
414,Argentina,Santa Fe,-30.3154739,-61.1645076,30,6935677,-6201764,1191110
415,Argentina,Santa Fe,-30.3154739,-61.1645076,50,4557315,-3969609,763844
416,Argentina,Santa Fe,-30.3154739,-61.1645076,75,1468724,-1187882,233253
417,Argentina,Santiago del Estero,-27.6431016,-63.5408542,30,22825462,-10242775,7078220
418,Argentina,Santiago del Estero,-27.6431016,-63.5408542,50,6980037,-354183,2152828
419,Argentina,Santiago del Estero,-27.6431016,-63.5408542,75,283041,270571,71975
420,Argentina,Tierra del Fuego,-54.3815213,-67.5678997,30,7120426,-6985114,703317
421,Argentina,Tierra del Fuego,-54.3815213,-67.5678997,50,6612440,-6479227,654087
422,Argentina,Tierra del Fuego,-54.3815213,-67.5678997,75,3766656,-3649046,371908
423,Argentina,Tucumán,-27.0448424,-65.3657954,30,3207357,-1842054,976631
424,Argentina,Tucumán,-27.0448424,-65.3657954,50,2439360,-1357570,753803
425,Argentina,Tucumán,-27.0448424,-65.3657954,75,1486682,-877385,480047
426,Australia,Ashmore and Cartier Islands,-12.2354389,123.0851206,30,0,0,1
427,Australia,Ashmore and Cartier Islands,-12.2354389,123.0851206,50,0,0,1
428,Australia,Ashmore and Cartier Islands,-12.2354389,123.0851206,75,0,0,0
429,Australia,Australian Capital Territory,-35.4883502,149.0026942,30,507471,316034,122917
430,Australia,Australian Capital Territory,-35.4883502,149.0026942,50,421837,325433,104791
431,Australia,Australian Capital Territory,-35.4883502,149.0026942,75,159001,134363,38830
432,Australia,Coral Sea Islands,-17.4512186,151.6138383,30,0,0,0
433,Australia,Coral Sea Islands,-17.4512186,151.6138383,50,0,0,0
434,Australia,Coral Sea Islands,-17.4512186,151.6138383,75,0,0,0
435,Australia,Jervis Bay Territory,-35.1494368,150.7085321,30,11029,3075,5824
436,Australia,Jervis Bay Territory,-35.1494368,150.7085321,50,10626,3338,5610
437,Australia,Jervis Bay Territory,-35.1494368,150.7085321,75,8761,3728,4611
438,Australia,New South Wales,-31.8759835,147.2869493,30,44660167,-10869596,12505268
439,Australia,New South Wales,-31.8759835,147.2869493,50,33288856,-3340502,8688484
440,Australia,New South Wales,-31.8759835,147.2869493,75,24156444,-1066830,5905498
441,Australia,Northern Territory,-19.8516101,133.2303375,30,5395059,-5215310,925734
442,Australia,Northern Territory,-19.8516101,133.2303375,50,2889476,-2812729,114066
443,Australia,Northern Territory,-19.8516101,133.2303375,75,2739339,-2700966,18112
444,Australia,Queensland,-22.1646782,144.5844903,30,42671969,-33413388,10780190
445,Australia,Queensland,-22.1646782,144.5844903,50,24992440,-18782815,4541789
446,Australia,Queensland,-22.1646782,144.5844903,75,18683067,-14467590,2603481
447,Australia,South Australia,-30.5343665,135.6301212,30,5622448,-1892021,848944
448,Australia,South Australia,-30.5343665,135.6301212,50,4000815,-811195,374095
449,Australia,South Australia,-30.5343665,135.6301212,75,3171086,-534086,198441
450,Australia,Tasmania,-42.035067,146.6366887,30,45429549,-31917906,5008509
451,Australia,Tasmania,-42.035067,146.6366887,50,43451012,-30389860,4782067
452,Australia,Tasmania,-42.035067,146.6366887,75,36439937,-25023274,3897323
453,Australia,Victoria,-36.5986096,144.6780052,30,37729372,-16855717,6393236
454,Australia,Victoria,-36.5986096,144.6780052,50,33675387,-14047582,5307522
455,Australia,Victoria,-36.5986096,144.6780052,75,27489545,-10560905,4185783
456,Australia,Western Australia,-25.2303005,121.0187246,30,23864800,-11741492,5690816
457,Australia,Western Australia,-25.2303005,121.0187246,50,13945302,-6524560,1802709
458,Australia,Western Australia,-25.2303005,121.0187246,75,9717019,-4721783,930653
459,Austria,Burgenland,47.5000001,16.4166666,30,998142,-735848,132534
460,Austria,Burgenland,47.5000001,16.4166666,50,941726,-680524,124570
461,Austria,Burgenland,47.5000001,16.4166666,75,851306,-598694,112564
462,Austria,Carinthia,46.7500001,13.8333333,30,3792760,-1985565,610279
463,Austria,Carinthia,46.7500001,13.8333333,50,3619777,-1824122,583284
464,Austria,Carinthia,46.7500001,13.8333333,75,3034053,-1337512,491578
465,Austria,Lower Austria,48.2817813,15.7632457,30,6426424,-4476144,834428
466,Austria,Lower Austria,48.2817813,15.7632457,50,6131550,-4195151,797259
467,Austria,Lower Austria,48.2817813,15.7632457,75,5037269,-3273314,658967
468,Austria,Upper Austria,48.25,14.0,30,3953359,-2466603,552972
469,Austria,Upper Austria,48.25,14.0,50,3763719,-2284277,527457
470,Austria,Upper Austria,48.25,14.0,75,3114395,-1709118,440272
471,Austria,Salzburg,47.7981346,13.0464806,30,2786362,-2071844,408007
472,Austria,Salzburg,47.7981346,13.0464806,50,2641821,-1931030,386839
473,Austria,Salzburg,47.7981346,13.0464806,75,2170240,-1487982,320261
474,Austria,Styria,47.2500001,15.1666665,30,6849121,-4395613,1081989
475,Austria,Styria,47.2500001,15.1666665,50,6506430,-4068841,1030371
476,Austria,Styria,47.2500001,15.1666665,75,5366783,-3071564,858354
477,Austria,Tyrol,47.223193,11.5261028,30,3672741,-2883864,576532
478,Austria,Tyrol,47.223193,11.5261028,50,3418662,-2636698,535920
479,Austria,Tyrol,47.223193,11.5261028,75,2628973,-1901363,411843
480,Austria,Vorarlberg,47.25,9.9166667,30,956928,-883142,133435
481,Austria,Vorarlberg,47.25,9.9166667,50,892538,-819244,124067
482,Austria,Vorarlberg,47.25,9.9166667,75,691513,-621602,96106
483,Austria,Vienna,48.2083537,16.3725042,30,80082,-76639,10107
484,Austria,Vienna,48.2083537,16.3725042,50,71237,-67854,8847
485,Austria,Vienna,48.2083537,16.3725042,75,61175,-58004,7411
486,Azerbaijan,Absheron,40.3361899,49.2093,30,74489,-71935,17313
487,Azerbaijan,Absheron,40.3361899,49.2093,50,64362,-62441,14417
488,Azerbaijan,Absheron,40.3361899,49.2093,75,43081,-41988,9437
489,Azerbaijan,Aran,40.6261638,46.9801621,30,35723,-31158,65152
490,Azerbaijan,Aran,40.6261638,46.9801621,50,23044,-19263,42657
491,Azerbaijan,Aran,40.6261638,46.9801621,75,10062,-7727,19368
492,Azerbaijan,Daglig-Shirvan,40.6579171,48.4822935,30,519928,-511057,114085
493,Azerbaijan,Daglig-Shirvan,40.6579171,48.4822935,50,476718,-468288,103928
494,Azerbaijan,Daglig-Shirvan,40.6579171,48.4822935,75,337979,-331379,72532
495,Azerbaijan,Ganja-Qazakh,,,30,287088,-261327,133916
496,Azerbaijan,Ganja-Qazakh,,,50,237895,-213762,113920
497,Azerbaijan,Ganja-Qazakh,,,75,171402,-152349,85444
498,Azerbaijan,Kalbajar-Lachin,39.5962425,46.5420946,30,408624,-400814,158354
499,Azerbaijan,Kalbajar-Lachin,39.5962425,46.5420946,50,348111,-340974,137434
500,Azerbaijan,Kalbajar-Lachin,39.5962425,46.5420946,75,239681,-234115,101198
501,Azerbaijan,Lankaran,38.7537311,48.8539286,30,240435,-218592,147370
502,Azerbaijan,Lankaran,38.7537311,48.8539286,50,218766,-197935,131613
503,Azerbaijan,Lankaran,38.7537311,48.8539286,75,153238,-138079,93135
504,Azerbaijan,Nakhchivan,39.217497,45.4069671,30,1644,-1617,1049
505,Azerbaijan,Nakhchivan,39.217497,45.4069671,50,1271,-1250,746
506,Azerbaijan,Nakhchivan,39.217497,45.4069671,75,864,-851,412
507,Azerbaijan,Quba-Khachmaz,41.4231726,48.6700539,30,841632,-834192,179877
508,Azerbaijan,Quba-Khachmaz,41.4231726,48.6700539,50,742577,-736070,157350
509,Azerbaijan,Quba-Khachmaz,41.4231726,48.6700539,75,544652,-540689,112811
510,Azerbaijan,Shaki-Zaqatala,,,30,1310903,-1294888,295459
511,Azerbaijan,Shaki-Zaqatala,,,50,1204208,-1188571,268738
512,Azerbaijan,Shaki-Zaqatala,,,75,982818,-968396,215759
513,Azerbaijan,Yukhari-Karabakh,,,30,632669,-624868,156030
514,Azerbaijan,Yukhari-Karabakh,,,50,574996,-567736,142581
515,Azerbaijan,Yukhari-Karabakh,,,75,429625,-423879,109418
516,Bangladesh,Barisal,22.4934035,90.3548015,30,754867,-746123,102313
517,Bangladesh,Barisal,22.4934035,90.3548015,50,672764,-664602,57488
518,Bangladesh,Barisal,22.4934035,90.3548015,75,565741,-558440,347
519,Bangladesh,Chittagong,22.333778,91.8344348,30,7413326,-1396237,1267579
520,Bangladesh,Chittagong,22.333778,91.8344348,50,6593239,-840011,1110037
521,Bangladesh,Chittagong,22.333778,91.8344348,75,4258090,-274027,666791
522,Bangladesh,Dhaka,23.7643863,90.3890144,30,412956,-361199,62228
523,Bangladesh,Dhaka,23.7643863,90.3890144,50,315166,-274668,20424
524,Bangladesh,Dhaka,23.7643863,90.3890144,75,275251,-251194,1638
525,Bangladesh,Khulna,22.9372087,89.2852741,30,9351914,-9344453,331746
526,Bangladesh,Khulna,22.9372087,89.2852741,50,9303556,-9296920,239312
527,Bangladesh,Khulna,22.9372087,89.2852741,75,9272589,-9266571,2127
528,Bangladesh,Mymensingh,24.8889305,90.3845187,30,193755,-130761,29462
529,Bangladesh,Mymensingh,24.8889305,90.3845187,50,124943,-74204,10341
530,Bangladesh,Mymensingh,24.8889305,90.3845187,75,95375,-72882,1262
531,Bangladesh,Rajshahi,24.6285432,89.0376862,30,187491,-181929,7466
532,Bangladesh,Rajshahi,24.6285432,89.0376862,50,174224,-169918,840
533,Bangladesh,Rajshahi,24.6285432,89.0376862,75,173185,-171700,183
534,Bangladesh,Rangpur,25.6376135,89.0826381,30,178574,-168203,9723
535,Bangladesh,Rangpur,25.6376135,89.0826381,50,161109,-153598,1259
536,Bangladesh,Rangpur,25.6376135,89.0826381,75,159145,-155038,189
537,Bangladesh,Sylhet,24.89922,91.8685271,30,821254,-644073,128443
538,Bangladesh,Sylhet,24.89922,91.8685271,50,563688,-411296,83167
539,Bangladesh,Sylhet,24.89922,91.8685271,75,193983,-119579,13045
540,Belarus,Brest,52.093751,23.6851851,30,9312182,-7196744,1343871
541,Belarus,Brest,52.093751,23.6851851,50,8463575,-6407746,1204852
542,Belarus,Brest,52.093751,23.6851851,75,5510921,-4000639,756565
543,Belarus,Gomel,52.4238936,31.0131698,30,14703265,-9699764,1985282
544,Belarus,Gomel,52.4238936,31.0131698,50,13443189,-8557887,1784943
545,Belarus,Gomel,52.4238936,31.0131698,75,9127649,-5780381,1162519
546,Belarus,Grodno,53.6834599,23.8342648,30,6691539,-5125278,967072
547,Belarus,Grodno,53.6834599,23.8342648,50,6349599,-4802479,905783
548,Belarus,Grodno,53.6834599,23.8342648,75,4433647,-3182926,615545
549,Belarus,Minsk,53.9024716,27.5618225,30,11575159,-7841900,1607053
550,Belarus,Minsk,53.9024716,27.5618225,50,10956464,-7261734,1501504
551,Belarus,Minsk,53.9024716,27.5618225,75,8064714,-5013872,1081339
552,Belarus,Mogilev,53.9090245,30.3429838,30,8005928,-5345111,1200365
553,Belarus,Mogilev,53.9090245,30.3429838,50,7565324,-4929462,1117589
554,Belarus,Mogilev,53.9090245,30.3429838,75,5639737,-3462619,799025
555,Belarus,Vitebsk,55.1930197,30.2070437,30,13569034,-10822633,1945875
556,Belarus,Vitebsk,55.1930197,30.2070437,50,12741520,-10014930,1805677
557,Belarus,Vitebsk,55.1930197,30.2070437,75,9664129,-7212994,1334437
558,Belgium,Brussels,50.8465573,4.351697,30,37970,-36127,3619
559,Belgium,Brussels,50.8465573,4.351697,50,27824,-26089,2603
560,Belgium,Brussels,50.8465573,4.351697,75,17256,-15850,1582
561,Belgium,Flanders,51.0962462,4.1786291,30,2239114,-1897792,243872
562,Belgium,Flanders,51.0962462,4.1786291,50,1843370,-1515613,200155
563,Belgium,Flanders,51.0962462,4.1786291,75,1087592,-842430,115613
564,Belgium,Wallonia,50.1545523,5.3992119,30,3385062,-948338,617934
565,Belgium,Wallonia,50.1545523,5.3992119,50,3142421,-727376,575529
566,Belgium,Wallonia,50.1545523,5.3992119,75,2504129,-270688,459721
567,Benin,Alibori,11.4649482,2.7938798,30,67703,-54700,106
568,Benin,Alibori,11.4649482,2.7938798,50,67670,-55835,8
569,Benin,Alibori,11.4649482,2.7938798,75,67669,-55945,0
570,Benin,Atakora,10.7160515,1.5331527,30,89934,-80539,26
571,Benin,Atakora,10.7160515,1.5331527,50,89920,-80833,0
572,Benin,Atakora,10.7160515,1.5331527,75,89920,-80835,0
573,Benin,Atlantique,6.540829,2.223095,30,239907,-71027,15454
574,Benin,Atlantique,6.540829,2.223095,50,120120,-46516,1390
575,Benin,Atlantique,6.540829,2.223095,75,115791,-57353,78
576,Benin,Borgou,9.7097453,2.7422648,30,321241,-254109,6345
577,Benin,Borgou,9.7097453,2.7422648,50,310990,-276264,29
578,Benin,Borgou,9.7097453,2.7422648,75,310956,-276569,0
579,Benin,Collines,8.1085479,2.1853101,30,418777,-181801,65749
580,Benin,Collines,8.1085479,2.1853101,50,305213,-243736,4560
581,Benin,Collines,8.1085479,2.1853101,75,301984,-277474,571
582,Benin,Donga,9.2679806,1.7170684,30,160314,-58658,45749
583,Benin,Donga,9.2679806,1.7170684,50,74361,-62762,275
584,Benin,Donga,9.2679806,1.7170684,75,74028,-64042,18
585,Benin,Kouffo,7.1312662,1.7567394,30,54612,-20731,4292
586,Benin,Kouffo,7.1312662,1.7567394,50,26095,-10960,390
587,Benin,Kouffo,7.1312662,1.7567394,75,25414,-15155,39
588,Benin,Littoral,6.3663195,2.4170608,30,1773,-1765,2
589,Benin,Littoral,6.3663195,2.4170608,50,1760,-1758,0
590,Benin,Littoral,6.3663195,2.4170608,75,1759,-1757,0
591,Benin,Littoral,6.3663195,2.4170608,30,9654215,-4007523,1864595
592,Benin,Littoral,6.3663195,2.4170608,50,8303456,-3507805,1666922
593,Benin,Littoral,6.3663195,2.4170608,75,4635765,-2894211,840129
594,Benin,Mono,6.457624,1.867408,30,93889,-43028,6457
595,Benin,Mono,6.457624,1.867408,50,51474,-22726,752
596,Benin,Mono,6.457624,1.867408,75,49346,-26767,106
597,Benin,Ouémé,6.6013531,2.550566,30,116966,-75136,3986
598,Benin,Ouémé,6.6013531,2.550566,50,91592,-74215,398
599,Benin,Ouémé,6.6013531,2.550566,75,90004,-78177,3
600,Benin,Plateau,7.1002602,2.6409144,30,143916,-37305,8552
601,Benin,Plateau,7.1002602,2.6409144,50,95692,-52994,665
602,Benin,Plateau,7.1002602,2.6409144,75,92688,-59828,12
603,Benin,Plateau,7.1002602,2.6409144,30,92481,-82747,8238
604,Benin,Plateau,7.1002602,2.6409144,50,73319,-68265,715
605,Benin,Plateau,7.1002602,2.6409144,75,71315,-67292,2
606,Benin,Zou,7.2834335,2.1227604,30,95044,-59025,11484
607,Benin,Zou,7.2834335,2.1227604,50,30796,-22442,520
608,Benin,Zou,7.2834335,2.1227604,75,29640,-26122,13
609,Bhutan,Bumthang,27.7079133,90.7697435,30,141727,-109582,143111
610,Bhutan,Bumthang,27.7079133,90.7697435,50,126474,-95405,130252
611,Bhutan,Bumthang,27.7079133,90.7697435,75,96406,-68796,102809
612,Bhutan,Chhukha,27.0,89.55,30,69736,-27891,153967
613,Bhutan,Chhukha,27.0,89.55,50,46790,-8040,141310
614,Bhutan,Chhukha,27.0,89.55,75,5916,18083,85232
615,Bhutan,Dagana,27.0711389,89.820104,30,85882,-45485,145983
616,Bhutan,Dagana,27.0711389,89.820104,50,64157,-26506,136133
617,Bhutan,Dagana,27.0711389,89.820104,75,6825,15751,86721
618,Bhutan,Gasa,27.9190875,89.7875318,30,77926,-68363,62212
619,Bhutan,Gasa,27.9190875,89.7875318,50,61041,-52697,48197
620,Bhutan,Gasa,27.9190875,89.7875318,75,26987,-22746,19426
621,Bhutan,Haa,27.3596658,89.2357556,30,67732,-41201,125136
622,Bhutan,Haa,27.3596658,89.2357556,50,55059,-30176,115711
623,Bhutan,Haa,27.3596658,89.2357556,75,18983,-1044,79294
624,Bhutan,Lhuentse,27.664529,91.188305,30,80468,-58575,161152
625,Bhutan,Lhuentse,27.664529,91.188305,50,59032,-38832,143357
626,Bhutan,Lhuentse,27.664529,91.188305,75,15778,-943,99576
627,Bhutan,Monggar,27.274129,91.2574639,30,-35304,78066,156891
628,Bhutan,Monggar,27.274129,91.2574639,50,-48487,88091,148885
629,Bhutan,Monggar,27.274129,91.2574639,75,-70602,99502,122834
630,Bhutan,Paro,27.4646365,89.3183409,30,72949,-44436,63648
631,Bhutan,Paro,27.4646365,89.3183409,50,60290,-35677,55587
632,Bhutan,Paro,27.4646365,89.3183409,75,29950,-17825,31727
633,Bhutan,Pemagatshel,27.0030415,91.3677054,30,92449,-55987,87933
634,Bhutan,Pemagatshel,27.0030415,91.3677054,50,81874,-47382,84486
635,Bhutan,Pemagatshel,27.0030415,91.3677054,75,41148,-16184,67633
636,Bhutan,Punakha,27.5842857,89.8593094,30,33527,-12956,83420
637,Bhutan,Punakha,27.5842857,89.8593094,50,21253,-3448,72465
638,Bhutan,Punakha,27.5842857,89.8593094,75,5507,3310,38690
639,Bhutan,Samdrup Jongkhar,26.8751197,91.5511211,30,139448,-96607,158406
640,Bhutan,Samdrup Jongkhar,26.8751197,91.5511211,50,118719,-79280,151879
641,Bhutan,Samdrup Jongkhar,26.8751197,91.5511211,75,39876,-13527,118904
642,Bhutan,Samtse,27.0352532,89.0147344,30,157100,-126801,99658
643,Bhutan,Samtse,27.0352532,89.0147344,50,127025,-98809,90771
644,Bhutan,Samtse,27.0352532,89.0147344,75,39256,-20063,53156
645,Bhutan,Sarpang,26.9863897,90.3800673,30,155297,-125287,140376
646,Bhutan,Sarpang,26.9863897,90.3800673,50,131363,-105152,133784
647,Bhutan,Sarpang,26.9863897,90.3800673,75,43579,-30094,94852
648,Bhutan,Thimphu,27.4713546,89.6336729,30,83754,-67061,72340
649,Bhutan,Thimphu,27.4713546,89.6336729,50,68969,-54975,62374
650,Bhutan,Thimphu,27.4713546,89.6336729,75,36391,-28683,36497
651,Bhutan,Trashi Yangtse,,,30,17613,-6448,93484
652,Bhutan,Trashi Yangtse,,,50,8589,1738,85827
653,Bhutan,Trashi Yangtse,,,75,-9777,17303,64434
654,Bhutan,Trashigang,27.3312843,91.5520668,30,14583,11753,162127
655,Bhutan,Trashigang,27.3312843,91.5520668,50,1272,23291,150859
656,Bhutan,Trashigang,27.3312843,91.5520668,75,-24936,43695,114403
657,Bhutan,Trongsa,27.5016134,90.5075946,30,-19259,52140,144095
658,Bhutan,Trongsa,27.5016134,90.5075946,50,-32332,63005,131604
659,Bhutan,Trongsa,27.5016134,90.5075946,75,-52685,73509,94270
660,Bhutan,Tsirang,27.0059066,90.1577794,30,106985,-88495,54747
661,Bhutan,Tsirang,27.0059066,90.1577794,50,90637,-73389,50758
662,Bhutan,Tsirang,27.0059066,90.1577794,75,41885,-31635,34702
663,Bhutan,Wangdue Phodrang,27.4883053,89.9006295,30,110495,-28682,248594
664,Bhutan,Wangdue Phodrang,27.4883053,89.9006295,50,69499,3745,219155
665,Bhutan,Wangdue Phodrang,27.4883053,89.9006295,75,15667,28748,136560
666,Bhutan,Zhemgang,27.0821149,90.8408984,30,105304,-63720,219959
667,Bhutan,Zhemgang,27.0821149,90.8408984,50,88533,-48738,213082
668,Bhutan,Zhemgang,27.0821149,90.8408984,75,33286,-2056,182337
669,Bolivia,Beni,-14.0,-65.0,30,36220362,-10311135,12141735
670,Bolivia,Beni,-14.0,-65.0,50,30800093,-5510296,11069517
671,Bolivia,Beni,-14.0,-65.0,75,25060389,-1280440,9897032
672,Bolivia,Chuquisaca,-19.0477251,-65.2594306,30,7938165,-6457865,2399825
673,Bolivia,Chuquisaca,-19.0477251,-65.2594306,50,5410663,-4050729,1743588
674,Bolivia,Chuquisaca,-19.0477251,-65.2594306,75,3154013,-2086892,1156450
675,Bolivia,Cochabamba,-17.4012458,-66.1675681,30,6100780,588904,2752663
676,Bolivia,Cochabamba,-17.4012458,-66.1675681,50,5551486,1092856,2639854
677,Bolivia,Cochabamba,-17.4012458,-66.1675681,75,4777492,1703354,2465946
678,Bolivia,La Paz,-16.4955455,-68.1336229,30,15274899,-6915372,7137111
679,Bolivia,La Paz,-16.4955455,-68.1336229,50,14371322,-6094615,6941324
680,Bolivia,La Paz,-16.4955455,-68.1336229,75,12941534,-4944507,6601001
681,Bolivia,La Paz,-16.4955455,-68.1336229,30,227180,-174571,44016
682,Bolivia,La Paz,-16.4955455,-68.1336229,50,203300,-153892,38640
683,Bolivia,La Paz,-16.4955455,-68.1336229,75,142991,-111888,23701
684,Bolivia,La Paz,-16.4955455,-68.1336229,30,848015,-604479,153083
685,Bolivia,La Paz,-16.4955455,-68.1336229,50,672569,-446720,121319
686,Bolivia,La Paz,-16.4955455,-68.1336229,75,427953,-248502,78144
687,Bolivia,Oruro,-18.666667,-67.666667,30,1385,-1346,243
688,Bolivia,Oruro,-18.666667,-67.666667,50,635,-607,97
689,Bolivia,Oruro,-18.666667,-67.666667,75,264,-242,24
690,Bolivia,Pando,-11.183333,-67.183333,30,13894396,-6430887,6220250
691,Bolivia,Pando,-11.183333,-67.183333,50,13807385,-6365721,6203100
692,Bolivia,Pando,-11.183333,-67.183333,75,13629401,-6258208,6166152
693,Bolivia,Potosí,-19.5892896,-65.7534713,30,111122,-110279,22521
694,Bolivia,Potosí,-19.5892896,-65.7534713,50,67577,-66977,13366
695,Bolivia,Potosí,-19.5892896,-65.7534713,75,30583,-30327,5647
696,Bolivia,Santa Cruz,-17.333333,-61.5,30,1615481,-1565426,229412
697,Bolivia,Santa Cruz,-17.333333,-61.5,50,1443307,-1394045,202041
698,Bolivia,Santa Cruz,-17.333333,-61.5,75,1026020,-980373,142429
699,Bolivia,Santa Cruz,-17.333333,-61.5,30,90778605,14396100,31493381
700,Bolivia,Santa Cruz,-17.333333,-61.5,50,73436073,27953020,27404207
701,Bolivia,Santa Cruz,-17.333333,-61.5,75,44228245,39890622,20626187
702,Bolivia,Tarija,-21.583333,-63.833333,30,7203395,-4770074,2388558
703,Bolivia,Tarija,-21.583333,-63.833333,50,3960054,-2039640,1498185
704,Bolivia,Tarija,-21.583333,-63.833333,75,1956597,-891640,938296
705,Bosnia and Herzegovina,Brčko District,44.8437595,18.7984109,30,120232,-115556,17611
706,Bosnia and Herzegovina,Brčko District,44.8437595,18.7984109,50,107097,-102564,15355
707,Bosnia and Herzegovina,Brčko District,44.8437595,18.7984109,75,82782,-78789,11298
708,Bosnia and Herzegovina,Federation of Bosnia and Herzegovina,43.9167411,17.5482072,30,13670088,-13288117,1310233
709,Bosnia and Herzegovina,Federation of Bosnia and Herzegovina,43.9167411,17.5482072,50,12939908,-12573691,1223172
710,Bosnia and Herzegovina,Federation of Bosnia and Herzegovina,43.9167411,17.5482072,75,11034504,-10721113,1018747
711,Bosnia and Herzegovina,Republika Srpska,44.6696196,17.3659025,30,13874086,-13444960,1330136
712,Bosnia and Herzegovina,Republika Srpska,44.6696196,17.3659025,50,13074230,-12654647,1238680
713,Bosnia and Herzegovina,Republika Srpska,44.6696196,17.3659025,75,11039357,-10668776,1024683
714,Botswana,Central,-21.4790187,26.2154174,30,18805,-17663,4184
715,Botswana,Central,-21.4790187,26.2154174,50,4010,-3501,141
716,Botswana,Central,-21.4790187,26.2154174,75,3610,-3524,5
717,Botswana,Central,-21.4790187,26.2154174,30,1685610,-1564217,420186
718,Botswana,Central,-21.4790187,26.2154174,50,1584548,-1465693,402314
719,Botswana,Central,-21.4790187,26.2154174,75,1445104,-1331983,376003
720,Botswana,Central,-21.4790187,26.2154174,30,5231700,-167875,750595
721,Botswana,Central,-21.4790187,26.2154174,50,3357357,182991,465307
722,Botswana,Central,-21.4790187,26.2154174,75,472347,62146,18025
723,Botswana,Central,-21.4790187,26.2154174,30,4192611,-3765965,1160588
724,Botswana,Central,-21.4790187,26.2154174,50,3481695,-3123775,987702
725,Botswana,Central,-21.4790187,26.2154174,75,1327181,-1135990,448751
726,Botswana,Central,-21.4790187,26.2154174,30,5228223,-3252554,2663684
727,Botswana,Central,-21.4790187,26.2154174,50,5025644,-3058486,2605597
728,Botswana,Central,-21.4790187,26.2154174,75,4594461,-2679008,2475829
729,Botswana,Central,-21.4790187,26.2154174,30,475523,-387323,65704
730,Botswana,Central,-21.4790187,26.2154174,50,308279,-232094,43880
731,Botswana,Central,-21.4790187,26.2154174,75,156982,-105925,21650
732,Botswana,Central,-21.4790187,26.2154174,30,264593,-171759,60108
733,Botswana,Central,-21.4790187,26.2154174,50,260254,-167703,59328
734,Botswana,Central,-21.4790187,26.2154174,75,247011,-156760,56855
735,Botswana,Central,-21.4790187,26.2154174,30,5540593,-900420,2086299
736,Botswana,Central,-21.4790187,26.2154174,50,849445,-208603,169780
737,Botswana,Central,-21.4790187,26.2154174,75,452214,-274285,453
738,Botswana,Chobe,-18.3915085,24.7067518,30,6095,-5293,272
739,Botswana,Chobe,-18.3915085,24.7067518,50,5319,-5267,9
740,Botswana,Chobe,-18.3915085,24.7067518,75,5285,-5242,0
741,Botswana,Francistown,-21.16636,27.502515,30,29,69,17
742,Botswana,Francistown,-21.16636,27.502515,50,15,-14,0
743,Botswana,Francistown,-21.16636,27.502515,75,14,-14,0
744,Botswana,Gaborone,-24.6581357,25.9088474,30,115,-102,4
745,Botswana,Gaborone,-24.6581357,25.9088474,50,108,-102,0
746,Botswana,Gaborone,-24.6581357,25.9088474,75,108,-102,0
747,Botswana,Ghanzi,-22.145794,22.7610828,30,1,8,1
748,Botswana,Ghanzi,-22.145794,22.7610828,50,1,-1,0
749,Botswana,Ghanzi,-22.145794,22.7610828,75,1,-1,0
750,Botswana,Jwaneng,-24.600417,24.730277,30,0,0,0
751,Botswana,Jwaneng,-24.600417,24.730277,50,0,0,0
752,Botswana,Jwaneng,-24.600417,24.730277,75,0,0,0
753,Botswana,Kgalagadi,-24.8490576,21.7883349,30,0,0,0
754,Botswana,Kgalagadi,-24.8490576,21.7883349,50,0,0,0
755,Botswana,Kgalagadi,-24.8490576,21.7883349,75,0,0,0
756,Botswana,Kgatleng,-24.134085,26.4177246,30,171,-145,57
757,Botswana,Kgatleng,-24.134085,26.4177246,50,56,-56,2
758,Botswana,Kgatleng,-24.134085,26.4177246,75,51,-51,0
759,Botswana,Kweneng,-23.9028101,24.9214122,30,108,-53,32
760,Botswana,Kweneng,-23.9028101,24.9214122,50,55,-53,0
761,Botswana,Kweneng,-23.9028101,24.9214122,75,55,-55,0
762,Botswana,Lobatse,-25.2100604,25.6819594,30,9,-4,1
763,Botswana,Lobatse,-25.2100604,25.6819594,50,7,-7,0
764,Botswana,Lobatse,-25.2100604,25.6819594,75,7,-7,0
765,Botswana,North-East,-21.0244816,27.5147504,30,1067,-738,265
766,Botswana,North-East,-21.0244816,27.5147504,50,194,-177,3
767,Botswana,North-East,-21.0244816,27.5147504,75,184,-183,0
768,Botswana,North-West,-19.3893529,23.267951,30,83654,-81723,15293
769,Botswana,North-West,-19.3893529,23.267951,50,31095,-30831,1117
770,Botswana,North-West,-19.3893529,23.267951,75,27016,-26896,17
771,Botswana,Selebi-Phikwe,-21.9785377,27.8373825,30,0,0,0
772,Botswana,Selebi-Phikwe,-21.9785377,27.8373825,50,0,0,0
773,Botswana,Selebi-Phikwe,-21.9785377,27.8373825,75,0,0,0
774,Botswana,South-East,-24.6563846,26.0575429,30,214,-132,87
775,Botswana,South-East,-24.6563846,26.0575429,50,34,-33,1
776,Botswana,South-East,-24.6563846,26.0575429,75,33,-32,0
777,Botswana,Southern,-24.7998688,24.5800692,30,429,-409,116
778,Botswana,Southern,-24.7998688,24.5800692,50,163,-161,2
779,Botswana,Southern,-24.7998688,24.5800692,75,157,-155,0
780,Botswana,Southern,-24.7998688,24.5800692,30,18508173,731926,1680627
781,Botswana,Southern,-24.7998688,24.5800692,50,15006089,1107613,1267173
782,Botswana,Southern,-24.7998688,24.5800692,75,3268742,-2308740,30855
783,Botswana,Southern,-24.7998688,24.5800692,30,875946,-688750,209429
784,Botswana,Southern,-24.7998688,24.5800692,50,109939,-95155,2640
785,Botswana,Southern,-24.7998688,24.5800692,75,101343,-91567,10
786,Botswana,Sowa,-20.563596,26.221489,30,0,0,0
787,Botswana,Sowa,-20.563596,26.221489,50,0,0,0
788,Botswana,Sowa,-20.563596,26.221489,75,0,0,0
789,Brazil,Acre,-9.0478679,-70.5264976,30,33825044,21951985,15511736
790,Brazil,Acre,-9.0478679,-70.5264976,50,33344813,22090863,15435033
791,Brazil,Acre,-9.0478679,-70.5264976,75,32526943,22028067,15289649
792,Brazil,Alagoas,-9.6611661,-36.6502426,30,2765714,-1476061,583105
793,Brazil,Alagoas,-9.6611661,-36.6502426,50,2090442,-1053568,429649
794,Brazil,Alagoas,-9.6611661,-36.6502426,75,1395326,-710996,268155
795,Brazil,Amapá,1.3545442,-51.9161977,30,33752859,-23517730,12181661
796,Brazil,Amapá,1.3545442,-51.9161977,50,33208830,-23113885,12082143
797,Brazil,Amapá,1.3545442,-51.9161977,75,32388054,-22653618,11922809
798,Brazil,Amazonas,-2.6320449,-57.1815019,30,338657077,-207194289,149835640
799,Brazil,Amazonas,-2.6320449,-57.1815019,50,336339306,-205346515,149394541
800,Brazil,Amazonas,-2.6320449,-57.1815019,75,332243151,-202355917,148599240
801,Brazil,Amazonas,-2.6320449,-57.1815019,30,22518742,-21085438,10751506
802,Brazil,Amazonas,-2.6320449,-57.1815019,50,22496171,-21067264,10746642
803,Brazil,Amazonas,-2.6320449,-57.1815019,75,22450218,-21030033,10736271
804,Brazil,Amazonas,-2.6320449,-57.1815019,30,6443547,-2295845,3492641
805,Brazil,Amazonas,-2.6320449,-57.1815019,50,6023224,-1918699,3391225
806,Brazil,Amazonas,-2.6320449,-57.1815019,75,5280611,-1287910,3178393
807,Brazil,Amazonas,-2.6320449,-57.1815019,30,34987173,-30031986,17567910
808,Brazil,Amazonas,-2.6320449,-57.1815019,50,34449581,-29512017,17452014
809,Brazil,Amazonas,-2.6320449,-57.1815019,75,33741068,-28846360,17295170
810,Brazil,Bahia,-12.285251,-41.9294776,30,94453598,-38305228,18938057
811,Brazil,Bahia,-12.285251,-41.9294776,50,61153412,-18014992,11749233
812,Brazil,Bahia,-12.285251,-41.9294776,75,35518480,-6630817,6170508
813,Brazil,Ceará,-5.3264703,-39.7156073,30,11682061,-7460322,2992023
814,Brazil,Ceará,-5.3264703,-39.7156073,50,5868371,-3397870,1510098
815,Brazil,Ceará,-5.3264703,-39.7156073,75,1879247,-939131,460084
816,Brazil,Distrito Federal,-15.7754462,-47.7970891,30,360033,-240020,56557
817,Brazil,Distrito Federal,-15.7754462,-47.7970891,50,235166,-133803,28895
818,Brazil,Distrito Federal,-15.7754462,-47.7970891,75,139967,-59654,8535
819,Brazil,Distrito Federal,-15.7754462,-47.7970891,30,150976,-142643,39078
820,Brazil,Distrito Federal,-15.7754462,-47.7970891,50,124179,-116326,31871
821,Brazil,Distrito Federal,-15.7754462,-47.7970891,75,61987,-57496,15444
822,Brazil,Espírito Santo,-19.5687682,-40.1721991,30,13892837,-3513653,1882871
823,Brazil,Espírito Santo,-19.5687682,-40.1721991,50,12105119,-2350658,1613784
824,Brazil,Espírito Santo,-19.5687682,-40.1721991,75,9730632,-1295113,1272881
825,Brazil,Goiás,-15.9323662,-50.1392928,30,46505380,-25154597,7811126
826,Brazil,Goiás,-15.9323662,-50.1392928,50,31421782,-14861444,5282554
827,Brazil,Goiás,-15.9323662,-50.1392928,75,16139261,-7162686,2558107
828,Brazil,Maranhão,-5.2085503,-45.3930262,30,122383400,-2041431,21099430
829,Brazil,Maranhão,-5.2085503,-45.3930262,50,105057925,6721401,18520232
830,Brazil,Maranhão,-5.2085503,-45.3930262,75,80247475,14185357,14692121
831,Brazil,Mato Grosso,-12.2115009,-55.5716547,30,170125089,99915056,56979176
832,Brazil,Mato Grosso,-12.2115009,-55.5716547,50,143078646,117963672,52345247
833,Brazil,Mato Grosso,-12.2115009,-55.5716547,75,109567491,131578393,46378312
834,Brazil,Mato Grosso do Sul,-19.5852564,-54.4794731,30,70211904,-30105133,10310167
835,Brazil,Mato Grosso do Sul,-19.5852564,-54.4794731,50,56064574,-20258482,7921817
836,Brazil,Mato Grosso do Sul,-19.5852564,-54.4794731,75,39411162,-11921476,4978203
837,Brazil,Minas Gerais,-18.5264844,-44.1588654,30,135708675,-64445932,18453868
838,Brazil,Minas Gerais,-18.5264844,-44.1588654,50,102213810,-40833118,12779264
839,Brazil,Minas Gerais,-18.5264844,-44.1588654,75,70504603,-23663860,7447434
840,Brazil,Pará,-4.7493933,-52.8973006,30,42644512,-11036779,7965913
841,Brazil,Pará,-4.7493933,-52.8973006,50,38429485,-8359178,6924150
842,Brazil,Pará,-4.7493933,-52.8973006,75,32755699,-5931931,5727878
843,Brazil,Paraíba,-7.1219366,-36.7246845,30,4515170,-2743593,1128247
844,Brazil,Paraíba,-7.1219366,-36.7246845,50,2292521,-1144190,555113
845,Brazil,Paraíba,-7.1219366,-36.7246845,75,1140563,-451904,244570
846,Brazil,Paraná,-24.4842187,-51.8148872,30,277991171,173535184,108624957
847,Brazil,Paraná,-24.4842187,-51.8148872,50,267725138,177672189,107119577
848,Brazil,Paraná,-24.4842187,-51.8148872,75,251431623,179264252,104606549
849,Brazil,Pernambuco,-8.4116316,-37.5919699,30,6582874,-3967626,1569028
850,Brazil,Pernambuco,-8.4116316,-37.5919699,50,3534030,-1915706,804456
851,Brazil,Pernambuco,-8.4116316,-37.5919699,75,1922374,-1070982,387174
852,Brazil,Piauí,-7.6992782,-42.5043787,30,62103634,-41176046,11584257
853,Brazil,Piauí,-7.6992782,-42.5043787,50,37530014,-23666600,6994185
854,Brazil,Piauí,-7.6992782,-42.5043787,75,14082505,-7226494,2580557
855,Brazil,Rio de Janeiro,-22.9110137,-43.2093727,30,3526818,-2180443,907229
856,Brazil,Rio de Janeiro,-22.9110137,-43.2093727,50,1701046,-796939,439849
857,Brazil,Rio de Janeiro,-22.9110137,-43.2093727,75,694176,-219025,169113
858,Brazil,Rio Grande do Norte,-5.6781175,-36.4781776,30,32486637,-13960880,7665521
859,Brazil,Rio Grande do Norte,-5.6781175,-36.4781776,50,29000559,-11419008,6478007
860,Brazil,Rio Grande do Norte,-5.6781175,-36.4781776,75,24535383,-8715865,4944881
861,Brazil,Rio Grande do Sul,-29.8425284,-53.7680577,30,8071603,-6311692,1815028
862,Brazil,Rio Grande do Sul,-29.8425284,-53.7680577,50,6791494,-5187903,1572136
863,Brazil,Rio Grande do Sul,-29.8425284,-53.7680577,75,5467779,-4153567,1318160
864,Brazil,Rondônia,-10.943145,-62.8277863,30,45119026,93298412,18797069
865,Brazil,Rondônia,-10.943145,-62.8277863,50,42236414,94801960,18302174
866,Brazil,Rondônia,-10.943145,-62.8277863,75,38095352,95388718,17555706
867,Brazil,Roraima,2.135138,-61.3631922,30,37571885,-6515094,17944158
868,Brazil,Roraima,2.135138,-61.3631922,50,35957230,-5102800,17674440
869,Brazil,Roraima,2.135138,-61.3631922,75,33849030,-3464162,17313277
870,Brazil,Santa Catarina,-27.0628367,-51.114965,30,44745868,-18814762,6016470
871,Brazil,Santa Catarina,-27.0628367,-51.114965,50,40586572,-16229905,5348938
872,Brazil,Santa Catarina,-27.0628367,-51.114965,75,34410201,-13027299,4598500
873,Brazil,São Paulo,-23.5506507,-46.6333824,30,2714849,-832790,539575
874,Brazil,São Paulo,-23.5506507,-46.6333824,50,2075861,-535566,395931
875,Brazil,São Paulo,-23.5506507,-46.6333824,75,1208783,-326074,193066
876,Brazil,Sergipe,-10.6743911,-37.3773519,30,48761982,-19922074,6630173
877,Brazil,Sergipe,-10.6743911,-37.3773519,50,42414539,-15484260,5634345
878,Brazil,Sergipe,-10.6743911,-37.3773519,75,36036828,-12052991,4681538
879,Brazil,Tocantins,-10.8855129,-48.3716912,30,64163396,-23125496,11233609
880,Brazil,Tocantins,-10.8855129,-48.3716912,50,44679136,-11458726,8223963
881,Brazil,Tocantins,-10.8855129,-48.3716912,75,22958356,-3464022,4741375
882,Brunei,Belait,4.4349938,114.4946524,30,509487,-98261,273923
883,Brunei,Belait,4.4349938,114.4946524,50,501895,-92698,272337
884,Brunei,Belait,4.4349938,114.4946524,75,480878,-85205,267716
885,Brunei,Brunei-Muara,4.9752098,114.9367663,30,123975,48518,29674
886,Brunei,Brunei-Muara,4.9752098,114.9367663,50,116152,52684,28149
887,Brunei,Brunei-Muara,4.9752098,114.9367663,75,98028,56306,24446
888,Brunei,Temburong,4.629184,115.1634408,30,236613,-137843,124034
889,Brunei,Temburong,4.629184,115.1634408,50,234068,-135776,123378
890,Brunei,Temburong,4.629184,115.1634408,75,228041,-131638,121731
891,Brunei,Tutong,4.682681,114.6562706,30,312248,-101709,101700
892,Brunei,Tutong,4.682681,114.6562706,50,302926,-94772,99864
893,Brunei,Tutong,4.682681,114.6562706,75,274315,-77425,93946
894,Bulgaria,Blagoevgrad,41.750287,23.4873411,30,3043075,-2891292,336526
895,Bulgaria,Blagoevgrad,41.750287,23.4873411,50,2804457,-2660169,308767
896,Bulgaria,Blagoevgrad,41.750287,23.4873411,75,2286286,-2170018,249235
897,Bulgaria,Burgas,42.4936616,27.4721276,30,2839950,-2715415,320689
898,Bulgaria,Burgas,42.4936616,27.4721276,50,2678301,-2555897,301474
899,Bulgaria,Burgas,42.4936616,27.4721276,75,2294779,-2182321,256797
900,Bulgaria,Dobrich,43.6637775,27.9002123,30,431223,-392354,51188
901,Bulgaria,Dobrich,43.6637775,27.9002123,50,393447,-355766,46310
902,Bulgaria,Dobrich,43.6637775,27.9002123,75,279586,-252094,31961
903,Bulgaria,Gabrovo,42.9638895,25.2119538,30,1739410,-1644471,143393
904,Bulgaria,Gabrovo,42.9638895,25.2119538,50,1638679,-1544304,134681
905,Bulgaria,Gabrovo,42.9638895,25.2119538,75,1444396,-1352415,117917
906,Bulgaria,Grad Sofiya,42.6792938,23.3011089,30,589225,-567389,50360
907,Bulgaria,Grad Sofiya,42.6792938,23.3011089,50,549706,-528596,46701
908,Bulgaria,Grad Sofiya,42.6792938,23.3011089,75,471256,-452735,39733
909,Bulgaria,Haskovo,41.763101,25.9256255,30,1263792,-1151872,154775
910,Bulgaria,Haskovo,41.763101,25.9256255,50,1104416,-997126,134666
911,Bulgaria,Haskovo,41.763101,25.9256255,75,859483,-770692,103565
912,Bulgaria,Kardzhali,41.56876,25.3948569,30,1263510,-1194662,144228
913,Bulgaria,Kardzhali,41.56876,25.3948569,50,1134946,-1068526,129522
914,Bulgaria,Kardzhali,41.56876,25.3948569,75,914136,-858830,104127
915,Bulgaria,Kyustendil,42.3349428,22.8884116,30,1405961,-1277658,148978
916,Bulgaria,Kyustendil,42.3349428,22.8884116,50,1293559,-1168822,136537
917,Bulgaria,Kyustendil,42.3349428,22.8884116,75,1069751,-963216,111822
918,Bulgaria,Lovech,43.0444495,24.4910249,30,2703730,-2515526,236966
919,Bulgaria,Lovech,43.0444495,24.4910249,50,2568662,-2381387,223266
920,Bulgaria,Lovech,43.0444495,24.4910249,75,2216773,-2035540,189623
921,Bulgaria,Montana,43.4088984,23.2203193,30,1134472,-1091355,107055
922,Bulgaria,Montana,43.4088984,23.2203193,50,1062067,-1019583,98390
923,Bulgaria,Montana,43.4088984,23.2203193,75,848299,-810609,75812
924,Bulgaria,Montana,43.4088984,23.2203193,30,18796285,-1744775,7407758
925,Bulgaria,Montana,43.4088984,23.2203193,50,15742016,235432,6401775
926,Bulgaria,Montana,43.4088984,23.2203193,75,12524477,1502649,5263106
927,Bulgaria,Pazardzhik,42.1486841,24.1531871,30,2162192,-2070608,242403
928,Bulgaria,Pazardzhik,42.1486841,24.1531871,50,2071831,-1982844,231647
929,Bulgaria,Pazardzhik,42.1486841,24.1531871,75,1848034,-1770218,205517
930,Bulgaria,Pernik,42.628442,22.8823119,30,1204315,-1051028,111938
931,Bulgaria,Pernik,42.628442,22.8823119,50,1108848,-958388,102994
932,Bulgaria,Pernik,42.628442,22.8823119,75,909660,-775611,84217
933,Bulgaria,Pleven,43.4809895,24.6060665,30,135602,-96706,37889
934,Bulgaria,Pleven,43.4809895,24.6060665,50,117387,-79332,32206
935,Bulgaria,Pleven,43.4809895,24.6060665,75,83350,-48789,22076
936,Bulgaria,Plovdiv,42.1418541,24.7499297,30,2039241,-1977284,209358
937,Bulgaria,Plovdiv,42.1418541,24.7499297,50,1929063,-1868924,196591
938,Bulgaria,Plovdiv,42.1418541,24.7499297,75,1687088,-1636126,169801
939,Bulgaria,Razgrad,43.6394793,26.7022408,30,483662,-431136,60664
940,Bulgaria,Razgrad,43.6394793,26.7022408,50,461445,-409427,57731
941,Bulgaria,Razgrad,43.6394793,26.7022408,75,334538,-291031,41548
942,Bulgaria,Ruse,43.8480413,25.9542057,30,286974,-246286,47405
943,Bulgaria,Ruse,43.8480413,25.9542057,50,265112,-225574,43227
944,Bulgaria,Ruse,43.8480413,25.9542057,75,210248,-177109,33763
945,Bulgaria,Shumen,43.3088188,27.0197261,30,1116468,-1056595,116238
946,Bulgaria,Shumen,43.3088188,27.0197261,50,1071724,-1012446,111245
947,Bulgaria,Shumen,43.3088188,27.0197261,75,874192,-822170,90650
948,Bulgaria,Silistra,43.9057061,27.0705496,30,416354,-368343,59964
949,Bulgaria,Silistra,43.9057061,27.0705496,50,395644,-348441,56250
950,Bulgaria,Silistra,43.9057061,27.0705496,75,274838,-238593,37177
951,Bulgaria,Sliven,42.64169,26.2634283,30,1569801,-1517502,146168
952,Bulgaria,Sliven,42.64169,26.2634283,50,1521738,-1470146,141152
953,Bulgaria,Sliven,42.64169,26.2634283,75,1374079,-1325390,126005
954,Bulgaria,Smolyan,41.624097,24.5913304,30,2217893,-2037783,254509
955,Bulgaria,Smolyan,41.624097,24.5913304,50,2118595,-1941626,242933
956,Bulgaria,Smolyan,41.624097,24.5913304,75,1861681,-1702757,212970
957,Bulgaria,Sofia,42.6977028,23.3217359,30,4629052,-4402363,402094
958,Bulgaria,Sofia,42.6977028,23.3217359,50,4406627,-4183776,381161
959,Bulgaria,Sofia,42.6977028,23.3217359,75,3826385,-3621211,328362
960,Bulgaria,Stara Zagora,42.4248111,25.6257479,30,1526235,-1426790,159712
961,Bulgaria,Stara Zagora,42.4248111,25.6257479,50,1448341,-1351145,150203
962,Bulgaria,Stara Zagora,42.4248111,25.6257479,75,1289819,-1204233,131396
963,Bulgaria,Targovishte,43.2530111,26.4141884,30,787529,-707445,80230
964,Bulgaria,Targovishte,43.2530111,26.4141884,50,738217,-658764,75065
965,Bulgaria,Targovishte,43.2530111,26.4141884,75,601904,-527222,60901
966,Bulgaria,Varna,43.2073873,27.9166653,30,951103,-872246,111110
967,Bulgaria,Varna,43.2073873,27.9166653,50,900789,-823019,104815
968,Bulgaria,Varna,43.2073873,27.9166653,75,724884,-658287,83304
969,Bulgaria,Veliko Tarnovo,43.0820584,25.6321312,30,1726585,-1550919,168511
970,Bulgaria,Veliko Tarnovo,43.0820584,25.6321312,50,1623447,-1449208,156797
971,Bulgaria,Veliko Tarnovo,43.0820584,25.6321312,75,1401027,-1233256,133321
972,Bulgaria,Vidin,43.9857242,22.8772194,30,895452,-825851,97134
973,Bulgaria,Vidin,43.9857242,22.8772194,50,840226,-771409,90131
974,Bulgaria,Vidin,43.9857242,22.8772194,75,641503,-582098,65783
975,Bulgaria,Vratsa,43.400307,23.716675,30,628307,-581633,82385
976,Bulgaria,Vratsa,43.400307,23.716675,50,582173,-536470,74382
977,Bulgaria,Vratsa,43.400307,23.716675,75,448159,-407054,54926
978,Bulgaria,Yambol,42.311889,26.5636852,30,422824,-387665,57076
979,Bulgaria,Yambol,42.311889,26.5636852,50,371668,-337581,49848
980,Bulgaria,Yambol,42.311889,26.5636852,75,270377,-241169,35966
981,Burkina Faso,Boucle du Mouhoun,12.4777805,-3.5879571,30,36315,-35950,16
982,Burkina Faso,Boucle du Mouhoun,12.4777805,-3.5879571,50,36307,-36112,0
983,Burkina Faso,Boucle du Mouhoun,12.4777805,-3.5879571,75,36307,-36115,0
984,Burkina Faso,Cascades,10.3071812,-4.4351893,30,220507,-205243,6
985,Burkina Faso,Cascades,10.3071812,-4.4351893,50,220503,-205298,0
986,Burkina Faso,Cascades,10.3071812,-4.4351893,75,220503,-205298,0
987,Burkina Faso,Centre,12.36732,-1.5430869,30,1151,-1151,0
988,Burkina Faso,Centre,12.36732,-1.5430869,50,1151,-1151,0
989,Burkina Faso,Centre,12.36732,-1.5430869,75,1151,-1151,0
990,Burkina Faso,Centre,12.36732,-1.5430869,30,26739308,-8909607,6005778
991,Burkina Faso,Centre,12.36732,-1.5430869,50,21842492,-5127110,5204351
992,Burkina Faso,Centre,12.36732,-1.5430869,75,9774836,-372422,2905955
993,Burkina Faso,Centre,12.36732,-1.5430869,30,320562,-272659,64410
994,Burkina Faso,Centre,12.36732,-1.5430869,50,186251,-147273,37668
995,Burkina Faso,Centre,12.36732,-1.5430869,75,80568,-57482,16013
996,Burkina Faso,Centre,12.36732,-1.5430869,30,768007,-240170,176457
997,Burkina Faso,Centre,12.36732,-1.5430869,50,177362,-93244,18157
998,Burkina Faso,Centre,12.36732,-1.5430869,75,61429,-49233,41
999,Burkina Faso,Centre-Est,11.734933,-0.2921056,30,14006,-13928,2
1000,Burkina Faso,Centre-Est,11.734933,-0.2921056,50,14005,-13942,0
1001,Burkina Faso,Centre-Est,11.734933,-0.2921056,75,14005,-13945,0
1002,Burkina Faso,Centre-Nord,13.23871,-1.0349832,30,455,-455,0
1003,Burkina Faso,Centre-Nord,13.23871,-1.0349832,50,455,-455,0
1004,Burkina Faso,Centre-Nord,13.23871,-1.0349832,75,455,-455,0
1005,Burkina Faso,Centre-Ouest,11.9067933,-2.3044801,30,41004,-39638,49
1006,Burkina Faso,Centre-Ouest,11.9067933,-2.3044801,50,40980,-40165,0
1007,Burkina Faso,Centre-Ouest,11.9067933,-2.3044801,75,40980,-40167,0
1008,Burkina Faso,Centre-Sud,11.5833646,-1.0556301,30,17482,-17454,0
1009,Burkina Faso,Centre-Sud,11.5833646,-1.0556301,50,17482,-17454,0
1010,Burkina Faso,Centre-Sud,11.5833646,-1.0556301,75,17482,-17454,0
1011,Burkina Faso,Est,12.255555,1.0095764,30,20020,-19679,14
1012,Burkina Faso,Est,12.255555,1.0095764,50,20013,-19768,5
1013,Burkina Faso,Est,12.255555,1.0095764,75,20010,-19822,0
1014,Burkina Faso,Haut-Bassins,,,30,151425,-148301,39
1015,Burkina Faso,Haut-Bassins,,,50,151409,-148727,0
1016,Burkina Faso,Haut-Bassins,,,75,151409,-148730,0
1017,Burkina Faso,Nord,13.45911,-2.2496367,30,2274,-2267,0
1018,Burkina Faso,Nord,13.45911,-2.2496367,50,2274,-2267,0
1019,Burkina Faso,Nord,13.45911,-2.2496367,75,2274,-2267,0
1020,Burkina Faso,Nord,13.45911,-2.2496367,30,618929,-546314,109435
1021,Burkina Faso,Nord,13.45911,-2.2496367,50,529018,-462885,92139
1022,Burkina Faso,Nord,13.45911,-2.2496367,75,418881,-365508,70774
1023,Burkina Faso,Nord,13.45911,-2.2496367,30,4946306,-4722319,736985
1024,Burkina Faso,Nord,13.45911,-2.2496367,50,3622049,-3477008,524929
1025,Burkina Faso,Nord,13.45911,-2.2496367,75,2403045,-2335339,329619
1026,Burkina Faso,Plateau-Central,12.40414,-0.886416,30,498,-498,0
1027,Burkina Faso,Plateau-Central,12.40414,-0.886416,50,498,-498,0
1028,Burkina Faso,Plateau-Central,12.40414,-0.886416,75,498,-498,0
1029,Burkina Faso,Sahel,14.0279165,-0.7717776,30,97,-97,0
1030,Burkina Faso,Sahel,14.0279165,-0.7717776,50,97,-97,0
1031,Burkina Faso,Sahel,14.0279165,-0.7717776,75,97,-97,0
1032,Burkina Faso,Sud-Ouest,10.3869209,-3.2831886,30,123130,-107495,6
1033,Burkina Faso,Sud-Ouest,10.3869209,-3.2831886,50,123129,-107560,0
1034,Burkina Faso,Sud-Ouest,10.3869209,-3.2831886,75,123129,-107563,0
1035,Burundi,Bubanza,-3.1154629,29.4013436,30,229300,-189033,57479
1036,Burundi,Bubanza,-3.1154629,29.4013436,50,77570,-57900,21814
1037,Burundi,Bubanza,-3.1154629,29.4013436,75,9414,-5236,2920
1038,Burundi,Bujumbura Mairie,-3.3493959,29.3631843,30,1036,-242,280
1039,Burundi,Bujumbura Mairie,-3.3493959,29.3631843,50,55,-10,5
1040,Burundi,Bujumbura Mairie,-3.3493959,29.3631843,75,45,-40,0
1041,Burundi,Bujumbura Rural,-3.4759817,29.4535702,30,217337,-95653,50290
1042,Burundi,Bujumbura Rural,-3.4759817,29.4535702,50,52635,-3202,12590
1043,Burundi,Bujumbura Rural,-3.4759817,29.4535702,75,13897,-5345,1484
1044,Burundi,Bururi,-3.8581592,29.584379,30,384034,-210071,71800
1045,Burundi,Bururi,-3.8581592,29.584379,50,128764,-23291,20731
1046,Burundi,Bururi,-3.8581592,29.584379,75,33392,-6115,798
1047,Burundi,Cankuzo,-3.1450876,30.58987,30,203196,-169628,48410
1048,Burundi,Cankuzo,-3.1450876,30.58987,50,29766,-24236,5522
1049,Burundi,Cankuzo,-3.1450876,30.58987,75,9047,-7197,5
1050,Burundi,Cibitoke,-2.8477341,29.261662,30,443281,-303365,113593
1051,Burundi,Cibitoke,-2.8477341,29.261662,50,204935,-120398,59210
1052,Burundi,Cibitoke,-2.8477341,29.261662,75,37489,-14531,15250
1053,Burundi,Gitega,-3.4284953,29.9249718,30,47420,-29866,7493
1054,Burundi,Gitega,-3.4284953,29.9249718,50,16880,-6739,132
1055,Burundi,Gitega,-3.4284953,29.9249718,75,16651,-8052,6
1056,Burundi,Karuzi,-3.1255377,30.0978347,30,72107,-53526,16553
1057,Burundi,Karuzi,-3.1255377,30.0978347,50,10766,-4690,1640
1058,Burundi,Karuzi,-3.1255377,30.0978347,75,4922,-1134,6
1059,Burundi,Kayanza,-3.0214816,29.6458034,30,76814,-29530,16781
1060,Burundi,Kayanza,-3.0214816,29.6458034,50,30178,-6780,6494
1061,Burundi,Kayanza,-3.0214816,29.6458034,75,14281,-1822,1034
1062,Burundi,Kirundo,-2.5606278,30.1651351,30,58237,-54022,14400
1063,Burundi,Kirundo,-2.5606278,30.1651351,50,2930,-1426,193
1064,Burundi,Kirundo,-2.5606278,30.1651351,75,2442,-2085,9
1065,Burundi,Makamba,-4.1978315,29.8073996,30,106693,-79518,32243
1066,Burundi,Makamba,-4.1978315,29.8073996,50,15357,-5643,3167
1067,Burundi,Makamba,-4.1978315,29.8073996,75,6244,-4589,66
1068,Burundi,Muramvya,-3.2751181,29.6307855,30,37994,-2073,8528
1069,Burundi,Muramvya,-3.2751181,29.6307855,50,12176,1792,3545
1070,Burundi,Muramvya,-3.2751181,29.6307855,75,4935,109,369
1071,Burundi,Muyinga,-2.7335985,30.3171441,30,126701,-115474,30951
1072,Burundi,Muyinga,-2.7335985,30.3171441,50,12827,-8342,1992
1073,Burundi,Muyinga,-2.7335985,30.3171441,75,5730,-3778,16
1074,Burundi,Mwaro,-3.4650043,29.6708508,30,21594,-7686,1961
1075,Burundi,Mwaro,-3.4650043,29.6708508,50,12641,-4584,118
1076,Burundi,Mwaro,-3.4650043,29.6708508,75,12316,-5140,3
1077,Burundi,Ngozi,-2.8776895,29.8994986,30,94367,-74671,21069
1078,Burundi,Ngozi,-2.8776895,29.8994986,50,11067,-1250,231
1079,Burundi,Ngozi,-2.8776895,29.8994986,75,10554,-2383,24
1080,Burundi,Rutana,-3.8618714,30.0676979,30,31565,-18034,7764
1081,Burundi,Rutana,-3.8618714,30.0676979,50,5307,-1833,126
1082,Burundi,Rutana,-3.8618714,30.0676979,75,5127,-3227,3
1083,Burundi,Ruyigi,-3.4573516,30.3488303,30,143479,-118023,38076
1084,Burundi,Ruyigi,-3.4573516,30.3488303,50,16265,-13060,3199
1085,Burundi,Ruyigi,-3.4573516,30.3488303,75,4386,-3508,3
1086,Cambodia,Battambang,12.9256791,103.2317136,30,1382032,2224232,482310
1087,Cambodia,Battambang,12.9256791,103.2317136,50,1223010,2023429,428015
1088,Cambodia,Battambang,12.9256791,103.2317136,75,881186,857899,286321
1089,Cambodia,Banteay Meanchey,13.7989147,102.8862666,30,109216,190765,37508
1090,Cambodia,Banteay Meanchey,13.7989147,102.8862666,50,74715,172361,26529
1091,Cambodia,Banteay Meanchey,13.7989147,102.8862666,75,36342,55612,10583
1092,Cambodia,Koh Kong,11.6813417,103.0258043,30,2818488,12877,996879
1093,Cambodia,Koh Kong,11.6813417,103.0258043,50,2645395,125557,971002
1094,Cambodia,Koh Kong,11.6813417,103.0258043,75,2375584,179981,917965
1095,Cambodia,Kep,10.4021539,104.2650618,30,9464,-1095,2666
1096,Cambodia,Kep,10.4021539,104.2650618,50,7926,-941,2220
1097,Cambodia,Kep,10.4021539,104.2650618,75,4236,-477,1132
1098,Cambodia,Pailin,12.8905328,102.6294604,30,120190,598513,68546
1099,Cambodia,Pailin,12.8905328,102.6294604,50,107078,535235,62340
1100,Cambodia,Pailin,12.8905328,102.6294604,75,71723,223246,40817
1101,Cambodia,Preah Sihanouk,10.6220485,103.5223365,30,625368,831141,180673
1102,Cambodia,Preah Sihanouk,10.6220485,103.5223365,50,570583,843363,170553
1103,Cambodia,Preah Sihanouk,10.6220485,103.5223365,75,475896,807804,149999
1104,Cambodia,Kratie,12.6783017,106.0581733,30,2253707,8142119,680278
1105,Cambodia,Kratie,12.6783017,106.0581733,50,1832313,7864902,553084
1106,Cambodia,Kratie,12.6783017,106.0581733,75,1461448,7130480,437801
1107,Cambodia,Kampong Cham,12.1174857,105.2080022,30,413311,619472,70893
1108,Cambodia,Kampong Cham,12.1174857,105.2080022,50,350569,632573,56856
1109,Cambodia,Kampong Cham,12.1174857,105.2080022,75,279461,595994,39334
1110,Cambodia,Kampong Chhnang,12.1382025,104.3354098,30,467137,-147954,128670
1111,Cambodia,Kampong Chhnang,12.1382025,104.3354098,50,352000,-113415,98924
1112,Cambodia,Kampong Chhnang,12.1382025,104.3354098,75,192911,-52498,55158
1113,Cambodia,Kampong Speu,11.5775368,104.2714023,30,942856,483031,217292
1114,Cambodia,Kampong Speu,11.5775368,104.2714023,50,728703,415366,179603
1115,Cambodia,Kampong Speu,11.5775368,104.2714023,75,442886,210044,122816
1116,Cambodia,Kampong Thom,12.6687923,104.8879197,30,2132216,7336972,670852
1117,Cambodia,Kampong Thom,12.6687923,104.8879197,50,1958214,7256793,618678
1118,Cambodia,Kampong Thom,12.6687923,104.8879197,75,1665060,6843638,525873
1119,Cambodia,Kampot,10.6314754,104.132637,30,394682,676030,181328
1120,Cambodia,Kampot,10.6314754,104.132637,50,351006,653672,169396
1121,Cambodia,Kampot,10.6314754,104.132637,75,268127,556308,143686
1122,Cambodia,Kandal,11.3962625,105.0207869,30,180863,-157289,51105
1123,Cambodia,Kandal,11.3962625,105.0207869,50,129813,-108471,36189
1124,Cambodia,Kandal,11.3962625,105.0207869,75,44635,-30066,11139
1125,Cambodia,Mondulkiri,12.7396075,107.0087987,30,1832263,1812788,782332
1126,Cambodia,Mondulkiri,12.7396075,107.0087987,50,1341605,2079060,582744
1127,Cambodia,Mondulkiri,12.7396075,107.0087987,75,895979,2163529,408295
1128,Cambodia,Oddar Meanchey,14.1585631,103.782796,30,845569,3384655,282774
1129,Cambodia,Oddar Meanchey,14.1585631,103.782796,50,684227,3189999,231583
1130,Cambodia,Oddar Meanchey,14.1585631,103.782796,75,511078,2698551,170530
1131,Cambodia,Phnom Penh,11.5730391,104.857807,30,9826,-8097,2265
1132,Cambodia,Phnom Penh,11.5730391,104.857807,50,6356,-5133,1228
1133,Cambodia,Phnom Penh,11.5730391,104.857807,75,3275,-2784,285
1134,Cambodia,Pursat,12.4662592,103.742683,30,2398779,1104403,801349
1135,Cambodia,Pursat,12.4662592,103.742683,50,2093990,1093872,740331
1136,Cambodia,Pursat,12.4662592,103.742683,75,1625591,953910,625727
1137,Cambodia,Preah Vihear,13.7462982,104.97403,30,2254246,4788297,861745
1138,Cambodia,Preah Vihear,13.7462982,104.97403,50,1512482,4368735,600840
1139,Cambodia,Preah Vihear,13.7462982,104.97403,75,959820,3396693,389016
1140,Cambodia,Prey Veng,11.3659597,105.4557277,30,17967,-5857,4182
1141,Cambodia,Prey Veng,11.3659597,105.4557277,50,12956,-2572,2487
1142,Cambodia,Prey Veng,11.3659597,105.4557277,75,8972,-2828,1025
1143,Cambodia,Ratanakiri,13.9312399,107.0391088,30,2670581,5719195,842171
1144,Cambodia,Ratanakiri,13.9312399,107.0391088,50,2216613,5529467,732726
1145,Cambodia,Ratanakiri,13.9312399,107.0391088,75,1641832,4910767,605358
1146,Cambodia,Siem Reap,13.3617562,103.8590321,30,1304842,2841205,435734
1147,Cambodia,Siem Reap,13.3617562,103.8590321,50,1007931,2591080,339361
1148,Cambodia,Siem Reap,13.3617562,103.8590321,75,627207,1829201,204388
1149,Cambodia,Stung Treng,13.852468,106.0889849,30,2244006,5186759,894997
1150,Cambodia,Stung Treng,13.852468,106.0889849,50,1863721,4861722,778958
1151,Cambodia,Stung Treng,13.852468,106.0889849,75,1488659,4206532,656580
1152,Cambodia,Svay Rieng,11.1950082,105.7967967,30,21974,33165,9465
1153,Cambodia,Svay Rieng,11.1950082,105.7967967,50,15379,27778,5613
1154,Cambodia,Svay Rieng,11.1950082,105.7967967,75,10124,5890,1788
1155,Cambodia,Takeo,10.9358547,104.7796413,30,28318,-17539,5553
1156,Cambodia,Takeo,10.9358547,104.7796413,50,21091,-14362,3796
1157,Cambodia,Takeo,10.9358547,104.7796413,75,12471,-8839,1256
1158,Cambodia,Tbong Khmum,11.9505744,105.8244541,30,754634,861872,136584
1159,Cambodia,Tbong Khmum,11.9505744,105.8244541,50,626414,815940,106330
1160,Cambodia,Tbong Khmum,11.9505744,105.8244541,75,435900,423682,50406
1161,Cameroon,Adamawa,6.8496708,13.2163222,30,7643677,-5300224,3429069
1162,Cameroon,Adamawa,6.8496708,13.2163222,50,2404615,-723276,1004149
1163,Cameroon,Adamawa,6.8496708,13.2163222,75,428891,-63302,27122
1164,Cameroon,Adamawa,6.8496708,13.2163222,30,280641,-244503,97166
1165,Cameroon,Adamawa,6.8496708,13.2163222,50,119458,-99550,17901
1166,Cameroon,Adamawa,6.8496708,13.2163222,75,81269,-64834,280
1167,Cameroon,Centre,4.686267,11.9414512,30,1151,-1151,0
1168,Cameroon,Centre,4.686267,11.9414512,50,1151,-1151,0
1169,Cameroon,Centre,4.686267,11.9414512,75,1151,-1151,0
1170,Cameroon,Centre,4.686267,11.9414512,30,26739308,-8909607,6005778
1171,Cameroon,Centre,4.686267,11.9414512,50,21842492,-5127110,5204351
1172,Cameroon,Centre,4.686267,11.9414512,75,9774836,-372422,2905955
1173,Cameroon,Centre,4.686267,11.9414512,30,320562,-272659,64410
1174,Cameroon,Centre,4.686267,11.9414512,50,186251,-147273,37668
1175,Cameroon,Centre,4.686267,11.9414512,75,80568,-57482,16013
1176,Cameroon,Centre,4.686267,11.9414512,30,768007,-240170,176457
1177,Cameroon,Centre,4.686267,11.9414512,50,177362,-93244,18157
1178,Cameroon,Centre,4.686267,11.9414512,75,61429,-49233,41
1179,Cameroon,East,3.9894393,14.178373,30,35401253,-21789640,10563151
1180,Cameroon,East,3.9894393,14.178373,50,30413782,-17315106,9545548
1181,Cameroon,East,3.9894393,14.178373,75,23882043,-14893712,8049476
1182,Cameroon,East,3.9894393,14.178373,30,2492818,-2303874,854341
1183,Cameroon,East,3.9894393,14.178373,50,1616572,-1466590,627950
1184,Cameroon,East,3.9894393,14.178373,75,362183,-293186,210830
1185,Cameroon,Far North,10.6377186,14.2738156,30,8298,-7989,144
1186,Cameroon,Far North,10.6377186,14.2738156,50,7990,-7754,45
1187,Cameroon,Far North,10.6377186,14.2738156,75,7866,-7787,3
1188,Cameroon,Littoral,4.203033,10.0563057,30,1773,-1765,2
1189,Cameroon,Littoral,4.203033,10.0563057,50,1760,-1758,0
1190,Cameroon,Littoral,4.203033,10.0563057,75,1759,-1757,0
1191,Cameroon,Littoral,4.203033,10.0563057,30,9654215,-4007523,1864595
1192,Cameroon,Littoral,4.203033,10.0563057,50,8303456,-3507805,1666922
1193,Cameroon,Littoral,4.203033,10.0563057,75,4635765,-2894211,840129
1194,Cameroon,North,8.7712794,13.7803627,30,1662156,-1298284,784830
1195,Cameroon,North,8.7712794,13.7803627,50,259273,-198336,51534
1196,Cameroon,North,8.7712794,13.7803627,75,164851,-149787,325
1197,Cameroon,North,8.7712794,13.7803627,30,54327,-35957,12944
1198,Cameroon,North,8.7712794,13.7803627,50,37339,-23765,8492
1199,Cameroon,North,8.7712794,13.7803627,75,19219,-12084,3814
1200,Cameroon,Northwest,6.3775255,10.3864171,30,4518082,-3793941,1007379
1201,Cameroon,Northwest,6.3775255,10.3864171,50,2398445,-1854282,555010
1202,Cameroon,Northwest,6.3775255,10.3864171,75,407502,-248845,105254
1203,Cameroon,West,5.5356383,10.5828826,30,4054329,-2791142,728100
1204,Cameroon,West,5.5356383,10.5828826,50,1931536,-878458,357121
1205,Cameroon,West,5.5356383,10.5828826,75,276175,67894,63474
1206,Cameroon,West,5.5356383,10.5828826,30,1783114,-1565592,916094
1207,Cameroon,West,5.5356383,10.5828826,50,1491711,-1289767,766162
1208,Cameroon,West,5.5356383,10.5828826,75,799612,-651233,385136
1209,Cameroon,South,2.7312374,11.6254622,30,17240303,-4681142,4706223
1210,Cameroon,South,2.7312374,11.6254622,50,17094099,-4645443,4689418
1211,Cameroon,South,2.7312374,11.6254622,75,14864292,-4834941,4314765
1212,Cameroon,South,2.7312374,11.6254622,30,36406,-28187,9516
1213,Cameroon,South,2.7312374,11.6254622,50,25801,-19742,6539
1214,Cameroon,South,2.7312374,11.6254622,75,12132,-9391,2869
1215,Cameroon,Southwest,5.0577606,9.2289407,30,10575017,-8013326,2370052
1216,Cameroon,Southwest,5.0577606,9.2289407,50,9488431,-7224021,2186567
1217,Cameroon,Southwest,5.0577606,9.2289407,75,5339091,-4533353,1175223
1218,Canada,Alberta,55.001251,-115.002136,30,83810326,78557666,37803241
1219,Canada,Alberta,55.001251,-115.002136,50,74258700,60694439,32444491
1220,Canada,Alberta,55.001251,-115.002136,75,49188077,40523229,20266592
1221,Canada,British Columbia,55.001251,-125.002441,30,258010472,-73072425,67210227
1222,Canada,British Columbia,55.001251,-125.002441,50,241168936,-69094185,61872412
1223,Canada,British Columbia,55.001251,-125.002441,75,200711556,-53668585,49617626
1224,Canada,Manitoba,55.001251,-97.001038,30,72114891,12469005,36793249
1225,Canada,Manitoba,55.001251,-97.001038,50,53835372,3841051,24178521
1226,Canada,Manitoba,55.001251,-97.001038,75,27250417,3670947,10749523
1227,Canada,New Brunswick,46.500283,-66.750183,30,24217987,-4431921,6285825
1228,Canada,New Brunswick,46.500283,-66.750183,50,23515445,-3804444,6098858
1229,Canada,New Brunswick,46.500283,-66.750183,75,20743124,-1508881,5375841
1230,Canada,Newfoundland and Labrador,53.8217327,-61.2295532,30,34477074,-27680799,21936745
1231,Canada,Newfoundland and Labrador,53.8217327,-61.2295532,50,28735480,-23218143,17716701
1232,Canada,Newfoundland and Labrador,53.8217327,-61.2295532,75,18233333,-14180092,10984196
1233,Canada,Northwest Territories,65.0000004,-118.0,30,37171638,105128511,38615284
1234,Canada,Northwest Territories,65.0000004,-118.0,50,16497178,43200091,14469561
1235,Canada,Northwest Territories,65.0000004,-118.0,75,8070196,13768613,5062074
1236,Canada,Nova Scotia,45.1960403,-63.1653789,30,18008831,-5866132,4613008
1237,Canada,Nova Scotia,45.1960403,-63.1653789,50,17283573,-5192286,4423095
1238,Canada,Nova Scotia,45.1960403,-63.1653789,75,14057594,-2517518,3595439
1239,Canada,Nunavut,65.0377727,-92.5540791,30,846073,-737120,986605
1240,Canada,Nunavut,65.0377727,-92.5540791,50,141785,-113449,159044
1241,Canada,Nunavut,65.0377727,-92.5540791,75,23596,-18837,19135
1242,Canada,Ontario,50.000678,-86.000977,30,176358585,-80795462,71133943
1243,Canada,Ontario,50.000678,-86.000977,50,161464746,-72458769,61410492
1244,Canada,Ontario,50.000678,-86.000977,75,128355014,-54537335,43837728
1245,Canada,Prince Edward Island,46.5036807,-63.595411,30,1023487,-403582,265924
1246,Canada,Prince Edward Island,46.5036807,-63.595411,50,957894,-342655,248868
1247,Canada,Prince Edward Island,46.5036807,-63.595411,75,673273,-119377,174679
1248,Canada,Quebec,52.4760892,-71.8258668,30,189839774,-56828054,80527617
1249,Canada,Quebec,52.4760892,-71.8258668,50,170697128,-57114676,66016948
1250,Canada,Quebec,52.4760892,-71.8258668,75,140796822,-54401691,48233739
1251,Canada,Saskatchewan,55.5321257,-106.141224,30,51951716,97378126,27245028
1252,Canada,Saskatchewan,55.5321257,-106.141224,50,38613562,64209446,18957173
1253,Canada,Saskatchewan,55.5321257,-106.141224,75,22710029,41267138,10330528
1254,Canada,Yukon,63.000147,-136.002502,30,64255056,-36379432,24650179
1255,Canada,Yukon,63.000147,-136.002502,50,42913500,-23988544,16184717
1256,Canada,Yukon,63.000147,-136.002502,75,23332649,-13736116,8472121
1257,Central African Republic,Bamingui-Bangoran,8.698547,20.5281149,30,4887309,-4770190,2126036
1258,Central African Republic,Bamingui-Bangoran,8.698547,20.5281149,50,737057,-707848,318128
1259,Central African Republic,Bamingui-Bangoran,8.698547,20.5281149,75,100850,-97273,1305
1260,Central African Republic,Bangui,4.3635118,18.5835913,30,31936,-27865,4022
1261,Central African Republic,Bangui,4.3635118,18.5835913,50,11836,-9981,1399
1262,Central African Republic,Bangui,4.3635118,18.5835913,75,2881,-2659,183
1263,Central African Republic,Basse-Kotto,5.1283201,21.3883825,30,9607318,-8771081,1419403
1264,Central African Republic,Basse-Kotto,5.1283201,21.3883825,50,6277042,-5522180,953119
1265,Central African Republic,Basse-Kotto,5.1283201,21.3883825,75,1452028,-1052166,244000
1266,Central African Republic,Haute-Kotto,7.3625645,22.9271411,30,8948759,-8451612,4804858
1267,Central African Republic,Haute-Kotto,7.3625645,22.9271411,50,4600085,-4128379,2517480
1268,Central African Republic,Haute-Kotto,7.3625645,22.9271411,75,352257,-87127,154716
1269,Central African Republic,Haut-Mbomou,6.3497929,25.6508738,30,12856000,-11942382,6878563
1270,Central African Republic,Haut-Mbomou,6.3497929,25.6508738,50,7328601,-6479809,4130222
1271,Central African Republic,Haut-Mbomou,6.3497929,25.6508738,75,452818,100689,319517
1272,Central African Republic,Kémo,5.9480074,19.2158871,30,5827719,-4732763,1566906
1273,Central African Republic,Kémo,5.9480074,19.2158871,50,3861952,-2816986,1212215
1274,Central African Republic,Kémo,5.9480074,19.2158871,75,400509,14521,135132
1275,Central African Republic,Lobaye,4.1034548,17.5653592,30,8654798,-6113880,1804860
1276,Central African Republic,Lobaye,4.1034548,17.5653592,50,6806160,-4312340,1515945
1277,Central African Republic,Lobaye,4.1034548,17.5653592,75,3289529,-1361068,894056
1278,Central African Republic,Mambéré-Kadéï,4.5662762,15.8671403,30,9881574,-7738969,2849124
1279,Central African Republic,Mambéré-Kadéï,4.5662762,15.8671403,50,7409080,-5383126,2157624
1280,Central African Republic,Mambéré-Kadéï,4.5662762,15.8671403,75,2607415,-1549079,778866
1281,Central African Republic,Mbomou,5.5230899,23.4445705,30,19679197,-16116888,5515461
1282,Central African Republic,Mbomou,5.5230899,23.4445705,50,15876767,-12337398,4391130
1283,Central African Republic,Mbomou,5.5230899,23.4445705,75,7080911,-3955151,1997885
1284,Central African Republic,Nana-Grébizi,7.5048007,19.1923579,30,3087309,-2351604,1667735
1285,Central African Republic,Nana-Grébizi,7.5048007,19.1923579,50,2232493,-1620209,1216929
1286,Central African Republic,Nana-Grébizi,7.5048007,19.1923579,75,64372,42214,16206
1287,Central African Republic,Nana-Mambéré,5.2231625,15.3517922,30,4532264,-3319800,2369116
1288,Central African Republic,Nana-Mambéré,5.2231625,15.3517922,50,2582502,-1597157,1333533
1289,Central African Republic,Nana-Mambéré,5.2231625,15.3517922,75,277060,-94244,61283
1290,Central African Republic,Ombella-M'Poko,5.0726761,18.1717789,30,12058655,-10644390,3051496
1291,Central African Republic,Ombella-M'Poko,5.0726761,18.1717789,50,9054382,-7725702,2314929
1292,Central African Republic,Ombella-M'Poko,5.0726761,18.1717789,75,1189594,-515116,261617
1293,Central African Republic,Ouaka,6.3110548,20.5447525,30,17642372,-16314392,4554016
1294,Central African Republic,Ouaka,6.3110548,20.5447525,50,11996375,-10830611,3259602
1295,Central African Republic,Ouaka,6.3110548,20.5447525,75,841683,-454514,192930
1296,Central African Republic,Ouham,7.1314008,17.7041361,30,7948223,-6283426,4172272
1297,Central African Republic,Ouham,7.1314008,17.7041361,50,4987188,-4124495,2617899
1298,Central African Republic,Ouham,7.1314008,17.7041361,75,283678,-149002,67951
1299,Central African Republic,Ouham-Pendé,6.7057282,16.1443202,30,4689366,-3046352,2350532
1300,Central African Republic,Ouham-Pendé,6.7057282,16.1443202,50,2235674,-1658496,1030591
1301,Central African Republic,Ouham-Pendé,6.7057282,16.1443202,75,310818,-194982,7308
1302,Central African Republic,Sangha-Mbaéré,3.6754895,16.3246915,30,5664635,-3840002,1817962
1303,Central African Republic,Sangha-Mbaéré,3.6754895,16.3246915,50,5508034,-3695512,1796067
1304,Central African Republic,Sangha-Mbaéré,3.6754895,16.3246915,75,5103912,-3546980,1740980
1305,Central African Republic,Vakaga,9.8250502,22.376363,30,511876,-495838,121143
1306,Central African Republic,Vakaga,9.8250502,22.376363,50,79913,-75117,1032
1307,Central African Republic,Vakaga,9.8250502,22.376363,75,76696,-74411,16
1308,Chad,Barh el Gazel,14.4682468,16.9416836,30,2,-2,0
1309,Chad,Barh el Gazel,14.4682468,16.9416836,50,2,-2,0
1310,Chad,Barh el Gazel,14.4682468,16.9416836,75,2,-2,0
1311,Chad,Batha,13.8367731,18.9649806,30,1087,-1087,1
1312,Chad,Batha,13.8367731,18.9649806,50,1086,-1086,1
1313,Chad,Batha,13.8367731,18.9649806,75,1085,-1085,0
1314,Chad,Borkou,17.2658129,18.3695288,30,107,-107,0
1315,Chad,Borkou,17.2658129,18.3695288,50,107,-107,0
1316,Chad,Borkou,17.2658129,18.3695288,75,107,-107,0
1317,Chad,Chari-Baguirmi,11.3345348,16.2884311,30,46293,-38412,84
1318,Chad,Chari-Baguirmi,11.3345348,16.2884311,50,46153,-38490,21
1319,Chad,Chari-Baguirmi,11.3345348,16.2884311,75,46112,-38480,3
1320,Chad,Ennedi-Est,17.6219737,23.3133676,30,3,-3,0
1321,Chad,Ennedi-Est,17.6219737,23.3133676,50,3,-3,0
1322,Chad,Ennedi-Est,17.6219737,23.3133676,75,3,-3,0
1323,Chad,Ennedi-Ouest,18.1636803,21.5082709,30,10,-10,0
1324,Chad,Ennedi-Ouest,18.1636803,21.5082709,50,10,-10,0
1325,Chad,Ennedi-Ouest,18.1636803,21.5082709,75,10,-10,0
1326,Chad,Guéra,11.6753817,18.4910031,30,31549,-29978,90
1327,Chad,Guéra,11.6753817,18.4910031,50,31526,-30765,22
1328,Chad,Guéra,11.6753817,18.4910031,75,31520,-31074,0
1329,Chad,Hadjer-Lamis,12.6903906,16.3352648,30,670,-668,1
1330,Chad,Hadjer-Lamis,12.6903906,16.3352648,50,670,-668,0
1331,Chad,Hadjer-Lamis,12.6903906,16.3352648,75,670,-668,0
1332,Chad,Kanem,15.2264398,15.3151191,30,42,-42,0
1333,Chad,Kanem,15.2264398,15.3151191,50,42,-42,0
1334,Chad,Kanem,15.2264398,15.3151191,75,42,-42,0
1335,Chad,Lac,13.5820827,14.3788329,30,217,-149,11
1336,Chad,Lac,13.5820827,14.3788329,50,206,-149,1
1337,Chad,Lac,13.5820827,14.3788329,75,206,-164,0
1338,Chad,Logone Occidental,8.7795637,15.9126749,30,33833,-14187,727
1339,Chad,Logone Occidental,8.7795637,15.9126749,50,33445,-21860,23
1340,Chad,Logone Occidental,8.7795637,15.9126749,75,33436,-22178,0
1341,Chad,Logone Oriental,8.2047152,16.470181,30,600114,-235335,225208
1342,Chad,Logone Oriental,8.2047152,16.470181,50,170694,-104573,5976
1343,Chad,Logone Oriental,8.2047152,16.470181,75,159375,-105843,8
1344,Chad,Mandoul,8.72751,17.5841771,30,443025,233328,149982
1345,Chad,Mandoul,8.72751,17.5841771,50,166313,-78267,755
1346,Chad,Mandoul,8.72751,17.5841771,75,164947,-79530,6
1347,Chad,Mayo-Kebbi Est,10.126618,15.818345,30,14623,-13665,124
1348,Chad,Mayo-Kebbi Est,10.126618,15.818345,50,14324,-13753,22
1349,Chad,Mayo-Kebbi Est,10.126618,15.818345,75,14255,-13749,1
1350,Chad,Mayo-Kebbi Ouest,9.2640383,14.7151598,30,25945,7293,5033
1351,Chad,Mayo-Kebbi Ouest,9.2640383,14.7151598,50,18400,-13435,169
1352,Chad,Mayo-Kebbi Ouest,9.2640383,14.7151598,75,18347,-15362,23
1353,Chad,Moyen-Chari,9.4407768,18.8160927,30,312600,-158406,28360
1354,Chad,Moyen-Chari,9.4407768,18.8160927,50,260013,-187702,277
1355,Chad,Moyen-Chari,9.4407768,18.8160927,75,259849,-191020,10
1356,Chad,Ouaddaï,13.4613569,21.288445,30,237,-236,0
1357,Chad,Ouaddaï,13.4613569,21.288445,50,237,-236,0
1358,Chad,Ouaddaï,13.4613569,21.288445,75,237,-236,0
1359,Chad,Salamat,10.7575596,20.6934116,30,162626,-161177,73
1360,Chad,Salamat,10.7575596,20.6934116,50,162493,-161661,2
1361,Chad,Salamat,10.7575596,20.6934116,75,162492,-161680,0
1362,Chad,Sila,12.11786,21.4458848,30,39088,-39020,0
1363,Chad,Sila,12.11786,21.4458848,50,39088,-39020,0
1364,Chad,Sila,12.11786,21.4458848,75,39088,-39020,0
1365,Chad,Tandjilé,9.5713051,16.5294956,30,79739,-62901,56
1366,Chad,Tandjilé,9.5713051,16.5294956,50,79702,-63461,2
1367,Chad,Tandjilé,9.5713051,16.5294956,75,79701,-63487,0
1368,Chad,Tibesti,21.2438074,17.7531767,30,78,-78,0
1369,Chad,Tibesti,21.2438074,17.7531767,50,78,-78,0
1370,Chad,Tibesti,21.2438074,17.7531767,75,78,-78,0
1371,Chad,N'Djamena,12.1191543,15.0502758,30,5,-5,0
1372,Chad,N'Djamena,12.1191543,15.0502758,50,5,-5,0
1373,Chad,N'Djamena,12.1191543,15.0502758,75,5,-5,0
1374,Chad,Wadi Fira,15.0191449,21.467319,30,222,-222,0
1375,Chad,Wadi Fira,15.0191449,21.467319,50,222,-222,0
1376,Chad,Wadi Fira,15.0191449,21.467319,75,222,-222,0
1377,Chile,Arica y Parinacota,-18.5713496,-69.7884774,30,82,-82,16
1378,Chile,Arica y Parinacota,-18.5713496,-69.7884774,50,7,-7,0
1379,Chile,Arica y Parinacota,-18.5713496,-69.7884774,75,7,-7,0
1380,Chile,Tarapacá,-20.1636672,-69.5463448,30,9258071,-688446,1775885
1381,Chile,Tarapacá,-20.1636672,-69.5463448,50,8647992,-352286,1633081
1382,Chile,Tarapacá,-20.1636672,-69.5463448,75,7644593,76931,1424979
1383,Chile,Tarapacá,-20.1636672,-69.5463448,30,84,-84,1
1384,Chile,Tarapacá,-20.1636672,-69.5463448,50,78,-78,0
1385,Chile,Tarapacá,-20.1636672,-69.5463448,75,78,-78,0
1386,Chile,Antofagasta,-23.6463741,-70.3980033,30,744,-707,73
1387,Chile,Antofagasta,-23.6463741,-70.3980033,50,480,-450,11
1388,Chile,Antofagasta,-23.6463741,-70.3980033,75,448,-425,3
1389,Chile,Atacama,-24.5563029,-69.4226479,30,644,-629,104
1390,Chile,Atacama,-24.5563029,-69.4226479,50,360,-358,5
1391,Chile,Atacama,-24.5563029,-69.4226479,75,349,-348,0
1392,Chile,Aysén,-46.1434629,-74.2127886,30,53163105,-52780960,5603921
1393,Chile,Aysén,-46.1434629,-74.2127886,50,50256984,-49884125,5298117
1394,Chile,Aysén,-46.1434629,-74.2127886,75,43055260,-42706447,4552202
1395,Chile,Biobío,-37.3391407,-72.4106825,30,8736967,3539303,1475838
1396,Chile,Biobío,-37.3391407,-72.4106825,50,8071225,3628910,1346651
1397,Chile,Biobío,-37.3391407,-72.4106825,75,7163842,3628853,1170278
1398,Chile,Coquimbo,-30.7546652,-70.9005536,30,63714,-54101,18702
1399,Chile,Coquimbo,-30.7546652,-70.9005536,50,39325,-31329,9375
1400,Chile,Coquimbo,-30.7546652,-70.9005536,75,25544,-19762,4172
1401,Chile,O'Higgins,-48.4730258,-72.8474931,30,1823075,-54264,346130
1402,Chile,O'Higgins,-48.4730258,-72.8474931,50,1489129,150047,265320
1403,Chile,O'Higgins,-48.4730258,-72.8474931,75,1142871,298400,185046
1404,Chile,Los Lagos,-42.300844,-73.105387,30,33082257,-30544124,3373722
1405,Chile,Los Lagos,-42.300844,-73.105387,50,32041870,-29549438,3263637
1406,Chile,Los Lagos,-42.300844,-73.105387,75,29519032,-27238495,2995396
1407,Chile,Los Ríos,-39.9742747,-72.6677006,30,13312859,-9917307,1309418
1408,Chile,Los Ríos,-39.9742747,-72.6677006,50,12966957,-9628984,1273553
1409,Chile,Los Ríos,-39.9742747,-72.6677006,75,12048088,-8926176,1179525
1410,Chile,Magallanes,-53.3527518,-71.5547782,30,33251082,-33107086,3324081
1411,Chile,Magallanes,-53.3527518,-71.5547782,50,29942096,-29808702,2992491
1412,Chile,Magallanes,-53.3527518,-71.5547782,75,13330017,-13218065,1358532
1413,Chile,Maule,-35.5972284,-71.48868,30,5363312,2766504,1001051
1414,Chile,Maule,-35.5972284,-71.48868,50,4763527,2931979,861997
1415,Chile,Maule,-35.5972284,-71.48868,75,4091212,2991939,707356
1416,Chile,Santiago Metropolitan,-33.4420638,-70.6456647,30,467238,-329410,176723
1417,Chile,Santiago Metropolitan,-33.4420638,-70.6456647,50,335316,-215926,127054
1418,Chile,Santiago Metropolitan,-33.4420638,-70.6456647,75,212105,-121600,79607
1419,Chile,Valparaíso,-33.0458456,-71.6196749,30,1147428,-618505,253122
1420,Chile,Valparaíso,-33.0458456,-71.6196749,50,904563,-418549,193261
1421,Chile,Valparaíso,-33.0458456,-71.6196749,75,592747,-202693,119565
1422,Chile,Ñuble,-36.6331577,-71.9384821,30,3160363,1342331,555534
1423,Chile,Ñuble,-36.6331577,-71.9384821,50,2817702,1408419,483099
1424,Chile,Ñuble,-36.6331577,-71.9384821,75,2436700,1434577,397957
1425,China,Anhui,32.0,117.0,30,21955470,-18024918,3119725
1426,China,Anhui,32.0,117.0,50,19325477,-15699333,2720848
1427,China,Anhui,32.0,117.0,75,12711235,-10053620,1776008
1428,China,Beijing,40.190632,116.412144,30,2090567,-2068827,284005
1429,China,Beijing,40.190632,116.412144,50,917592,-900609,121610
1430,China,Beijing,40.190632,116.412144,75,192156,-180307,12321
1431,China,Chongqing,30.05518,107.8748712,30,15402240,-14707404,3630907
1432,China,Chongqing,30.05518,107.8748712,50,10625711,-10072358,2700643
1433,China,Chongqing,30.05518,107.8748712,75,3986482,-3705281,1151246
1434,China,Fujian,26.193218,118.2208721,30,45652737,-13521335,8215865
1435,China,Fujian,26.193218,118.2208721,50,40413476,-10239969,7357658
1436,China,Fujian,26.193218,118.2208721,75,24538866,-2980431,4690148
1437,China,Gansu,38.0000001,101.9999999,30,7508711,-7336021,1900270
1438,China,Gansu,38.0000001,101.9999999,50,5376733,-5221395,1415735
1439,China,Gansu,38.0000001,101.9999999,75,1983069,-1877804,558395
1440,China,Guangdong,23.1357694,113.1982688,30,61154296,-17935678,8662217
1441,China,Guangdong,23.1357694,113.1982688,50,51606556,-12756845,7341335
1442,China,Guangdong,23.1357694,113.1982688,75,25655326,-2170412,3861251
1443,China,Guangxi,24.0,109.0,30,71711281,-2802533,12799605
1444,China,Guangxi,24.0,109.0,50,59456652,2366948,10680442
1445,China,Guangxi,24.0,109.0,75,30443853,8631107,5512970
1446,China,Guizhou,27.0,107.0,30,25379161,-18333875,7177056
1447,China,Guizhou,27.0,107.0,50,19596153,-13239226,5238354
1448,China,Guizhou,27.0,107.0,75,9247251,-5070849,2087764
1449,China,Hainan,19.2000001,109.5999999,30,19139770,-10650910,1745083
1450,China,Hainan,19.2000001,109.5999999,50,17304938,-9355698,1550200
1451,China,Hainan,19.2000001,109.5999999,75,12624151,-6595087,1101640
1452,China,Hebei,39.0000001,116.0,30,8776249,-8223798,1225843
1453,China,Hebei,39.0000001,116.0,50,4710445,-4288577,610169
1454,China,Hebei,39.0000001,116.0,75,1760348,-1497896,150577
1455,China,Heilongjiang,48.0000047,127.999992,30,66465202,-61652919,17597015
1456,China,Heilongjiang,48.0000047,127.999992,50,56855521,-52448340,14888501
1457,China,Heilongjiang,48.0000047,127.999992,75,22074640,-20141272,5291884
1458,China,Henan,34.0000001,113.9999999,30,13106156,-12440188,1881317
1459,China,Henan,34.0000001,113.9999999,50,10296865,-9740697,1518311
1460,China,Henan,34.0000001,113.9999999,75,5643422,-5273715,917804
1461,China,Hong Kong,22.350627,114.1849161,30,295778,-267296,124092
1462,China,Hong Kong,22.350627,114.1849161,50,260614,-240720,104539
1463,China,Hong Kong,22.350627,114.1849161,75,171506,-163288,56064
1464,China,Hubei,39.0000001,116.0,30,31049102,-28588959,6860091
1465,China,Hubei,39.0000001,116.0,50,24239626,-22264129,5662758
1466,China,Hubei,39.0000001,116.0,75,10106959,-9098349,2860421
1467,China,Hunan,27.6662087,111.7487063,30,49900905,-35296296,9947308
1468,China,Hunan,27.6662087,111.7487063,50,40585886,-27637582,8083562
1469,China,Hunan,27.6662087,111.7487063,75,16611414,-8562443,3499441
1470,China,Jiangsu,33.0000001,119.9999999,30,1275643,-1153415,146206
1471,China,Jiangsu,33.0000001,119.9999999,50,947198,-845014,84728
1472,China,Jiangsu,33.0000001,119.9999999,75,506800,-445031,20289
1473,China,Jiangxi,28.0,116.0,30,45100125,-23427934,8381082
1474,China,Jiangxi,28.0,116.0,50,38183000,-19307148,7109269
1475,China,Jiangxi,28.0,116.0,75,20383189,-9572596,3909598
1476,China,Jilin,43.7289674,126.1997366,30,27895856,-26360238,6276738
1477,China,Jilin,43.7289674,126.1997366,50,24331943,-23064202,5469928
1478,China,Jilin,43.7289674,126.1997366,75,7638318,-7225419,1615560
1479,China,Liaoning,41.2374106,122.9955469,30,9914437,-8176247,1923717
1480,China,Liaoning,41.2374106,122.9955469,50,7440931,-6007197,1431105
1481,China,Liaoning,41.2374106,122.9955469,75,2860004,-2259116,468215
1482,China,Macau,22.1757605,113.5514142,30,320,-318,827
1483,China,Macau,22.1757605,113.5514142,50,317,-315,683
1484,China,Macau,22.1757605,113.5514142,75,314,-314,226
1485,China,Inner Mongolia,43.2443242,114.3251664,30,27380966,-25806102,9214873
1486,China,Inner Mongolia,43.2443242,114.3251664,50,16514558,-15281652,5635244
1487,China,Inner Mongolia,43.2443242,114.3251664,75,873961,-578824,181330
1488,China,Ningxia,37.0000001,105.9999999,30,129011,-127957,24658
1489,China,Ningxia,37.0000001,105.9999999,50,91612,-90844,17343
1490,China,Ningxia,37.0000001,105.9999999,75,32372,-31996,6141
1491,China,Qinghai,36.0,96.0,30,412961,-406958,99185
1492,China,Qinghai,36.0,96.0,50,264982,-260617,65724
1493,China,Qinghai,36.0,96.0,75,84186,-81840,19496
1494,China,Shaanxi,35.5895959,109.3013107,30,25870401,-25398145,6739886
1495,China,Shaanxi,35.5895959,109.3013107,50,19350611,-18965050,5476335
1496,China,Shaanxi,35.5895959,109.3013107,75,9443154,-9195280,3035002
1497,China,Shandong,36.398987,118.5055691,30,1757487,-1582765,103038
1498,China,Shandong,36.398987,118.5055691,50,1430886,-1267606,60908
1499,China,Shandong,36.398987,118.5055691,75,1189696,-1045694,31147
1500,China,Shanghai,31.2312707,121.4700152,30,111675,-108855,3146
1501,China,Shanghai,31.2312707,121.4700152,50,107713,-105026,906
1502,China,Shanghai,31.2312707,121.4700152,75,106646,-104030,106
1503,China,Shanxi,37.0,112.0,30,16000111,-15312688,2184784
1504,China,Shanxi,37.0,112.0,50,11790723,-11243722,1591332
1505,China,Shanxi,37.0,112.0,75,5416678,-5100144,695339
1506,China,Sichuan,30.5000001,102.4999999,30,54491518,-49504106,15295611
1507,China,Sichuan,30.5000001,102.4999999,50,38921952,-34741714,12069273
1508,China,Sichuan,30.5000001,102.4999999,75,16982872,-14408947,6202589
1509,China,Tianjin,39.3032619,117.4163641,30,135472,-119830,12152
1510,China,Tianjin,39.3032619,117.4163641,50,98088,-84977,5549
1511,China,Tianjin,39.3032619,117.4163641,75,78374,-67048,1787
1512,China,Xinjiang,42.4804953,85.4633464,30,6036414,-5944884,1285327
1513,China,Xinjiang,42.4804953,85.4633464,50,4540844,-4460224,956931
1514,China,Xinjiang,42.4804953,85.4633464,75,2601776,-2549473,539416
1515,China,Tibet,29.8556443,90.8749807,30,3784360,-3249738,2828923
1516,China,Tibet,29.8556443,90.8749807,50,2968649,-2461767,2204510
1517,China,Tibet,29.8556443,90.8749807,75,1388785,-970000,986452
1518,China,Yunnan,25.0,102.0,30,32535583,-10692292,17281154
1519,China,Yunnan,25.0,102.0,50,27239625,-7588248,14050201
1520,China,Yunnan,25.0,102.0,75,15978152,-3909125,7335468
1521,China,Zhejiang,29.0000001,119.9999999,30,33295757,-26717474,5901886
1522,China,Zhejiang,29.0000001,119.9999999,50,29849183,-23806106,5255974
1523,China,Zhejiang,29.0000001,119.9999999,75,18837204,-14476354,3377799
1524,Colombia,Amazonas,-1.305299,-71.4659212,30,338657077,-207194289,149835640
1525,Colombia,Amazonas,-1.305299,-71.4659212,50,336339306,-205346515,149394541
1526,Colombia,Amazonas,-1.305299,-71.4659212,75,332243151,-202355917,148599240
1527,Colombia,Amazonas,-1.305299,-71.4659212,30,22518742,-21085438,10751506
1528,Colombia,Amazonas,-1.305299,-71.4659212,50,22496171,-21067264,10746642
1529,Colombia,Amazonas,-1.305299,-71.4659212,75,22450218,-21030033,10736271
1530,Colombia,Amazonas,-1.305299,-71.4659212,30,6443547,-2295845,3492641
1531,Colombia,Amazonas,-1.305299,-71.4659212,50,6023224,-1918699,3391225
1532,Colombia,Amazonas,-1.305299,-71.4659212,75,5280611,-1287910,3178393
1533,Colombia,Amazonas,-1.305299,-71.4659212,30,34987173,-30031986,17567910
1534,Colombia,Amazonas,-1.305299,-71.4659212,50,34449581,-29512017,17452014
1535,Colombia,Amazonas,-1.305299,-71.4659212,75,33741068,-28846360,17295170
1536,Colombia,Antioquia,7.0000085,-75.5000086,30,18203435,-3394868,5090786
1537,Colombia,Antioquia,7.0000085,-75.5000086,50,16712127,-2085007,4759427
1538,Colombia,Antioquia,7.0000085,-75.5000086,75,14168352,-117971,4168449
1539,Colombia,Arauca,6.6666755,-71.0000086,30,3243931,-975400,802423
1540,Colombia,Arauca,6.6666755,-71.0000086,50,2688626,-544554,700383
1541,Colombia,Arauca,6.6666755,-71.0000086,75,1842725,-34374,529358
1542,Colombia,Atlántico,10.6773422,-74.9718666,30,240187,-94565,63161
1543,Colombia,Atlántico,10.6773422,-74.9718666,50,196495,-64269,50465
1544,Colombia,Atlántico,10.6773422,-74.9718666,75,125140,-42410,27942
1545,Colombia,Bogotá D.C.,4.6533817,-74.0836331,30,147361,-117433,38891
1546,Colombia,Bogotá D.C.,4.6533817,-74.0836331,50,110257,-83575,29695
1547,Colombia,Bogotá D.C.,4.6533817,-74.0836331,75,54657,-34525,14891
1548,Colombia,Bolívar,9.3660477,-74.8023636,30,7303278,-1368197,1773049
1549,Colombia,Bolívar,9.3660477,-74.8023636,50,6604878,-813718,1638526
1550,Colombia,Bolívar,9.3660477,-74.8023636,75,5191776,100541,1362283
1551,Colombia,Boyacá,5.6278979,-72.8268617,30,4348142,-3452044,1235731
1552,Colombia,Boyacá,5.6278979,-72.8268617,50,3603930,-2736018,1057106
1553,Colombia,Boyacá,5.6278979,-72.8268617,75,2568887,-1781088,788372
1554,Colombia,Caldas,5.3302514,-75.2873471,30,2332528,-1199736,571572
1555,Colombia,Caldas,5.3302514,-75.2873471,50,2070334,-961393,515990
1556,Colombia,Caldas,5.3302514,-75.2873471,75,1625810,-594048,405931
1557,Colombia,Caquetá,1.1153385,-74.1056838,30,19264559,2219025,8030483
1558,Colombia,Caquetá,1.1153385,-74.1056838,50,18334374,2962123,7845517
1559,Colombia,Caquetá,1.1153385,-74.1056838,75,17058615,3775699,7571259
1560,Colombia,Casanare,5.5000085,-71.5000086,30,5064311,-2954939,992113
1561,Colombia,Casanare,5.5000085,-71.5000086,50,4319673,-2389378,861959
1562,Colombia,Casanare,5.5000085,-71.5000086,75,3153883,-1666214,648858
1563,Colombia,Cauca,2.715645,-76.662665,30,7070295,-4179874,2504941
1564,Colombia,Cauca,2.715645,-76.662665,50,6345320,-3510027,2323598
1565,Colombia,Cauca,2.715645,-76.662665,75,5268988,-2597788,1974985
1566,Colombia,Cesar,9.3333415,-73.5000086,30,6159426,-3329289,1139029
1567,Colombia,Cesar,9.3333415,-73.5000086,50,5420313,-2725446,1005360
1568,Colombia,Cesar,9.3333415,-73.5000086,75,3959046,-1701407,737862
1569,Colombia,Chocó,6.0000085,-77.0000086,30,13305368,-9969763,4594990
1570,Colombia,Chocó,6.0000085,-77.0000086,50,13196573,-9869216,4569465
1571,Colombia,Chocó,6.0000085,-77.0000086,75,12925484,-9628891,4489994
1572,Colombia,Córdoba,8.3344713,-75.6666238,30,2254811,-1603690,724143
1573,Colombia,Córdoba,8.3344713,-75.6666238,50,650192,-348615,209835
1574,Colombia,Córdoba,8.3344713,-75.6666238,75,174089,8618,57441
1575,Colombia,Córdoba,8.3344713,-75.6666238,30,5247415,-3940542,1345154
1576,Colombia,Córdoba,8.3344713,-75.6666238,50,4483340,-3235833,1166335
1577,Colombia,Córdoba,8.3344713,-75.6666238,75,3150286,-2072996,826263
1578,Colombia,Cundinamarca,5.1096596,-74.0995854,30,4408078,-1520207,1006231
1579,Colombia,Cundinamarca,5.1096596,-74.0995854,50,3900702,-1105226,916687
1580,Colombia,Cundinamarca,5.1096596,-74.0995854,75,3121124,-585664,766657
1581,Colombia,Guainía,2.5000086,-69.0000086,30,15476928,-14141756,6917684
1582,Colombia,Guainía,2.5000086,-69.0000086,50,15259520,-13928926,6873707
1583,Colombia,Guainía,2.5000086,-69.0000086,75,14918953,-13597696,6803693
1584,Colombia,Guaviare,1.7899198,-72.3761784,30,11975225,-911750,5284072
1585,Colombia,Guaviare,1.7899198,-72.3761784,50,11785401,-780646,5247671
1586,Colombia,Guaviare,1.7899198,-72.3761784,75,11491334,-627578,5187350
1587,Colombia,Huila,2.4738993,-75.5900113,30,4133446,-2531193,1284779
1588,Colombia,Huila,2.4738993,-75.5900113,50,3352677,-1828701,1129979
1589,Colombia,Huila,2.4738993,-75.5900113,75,2439389,-1099739,891780
1590,Colombia,La Guajira,11.4354118,-72.9002161,30,2612783,-1281134,674755
1591,Colombia,La Guajira,11.4354118,-72.9002161,50,2251693,-998857,584481
1592,Colombia,La Guajira,11.4354118,-72.9002161,75,1640990,-608121,430070
1593,Colombia,Magdalena,10.5808075,-74.0685669,30,5012948,-2110655,913333
1594,Colombia,Magdalena,10.5808075,-74.0685669,50,4407957,-1670980,814192
1595,Colombia,Magdalena,10.5808075,-74.0685669,75,3346186,-1212830,627167
1596,Colombia,Meta,3.5000086,-73.0000086,30,13915985,2531582,4301699
1597,Colombia,Meta,3.5000086,-73.0000086,50,12585917,3684784,4058678
1598,Colombia,Meta,3.5000086,-73.0000086,75,10587942,5198101,3655606
1599,Colombia,Nariño,1.5842268,-77.8585766,30,9573471,-6201125,2617186
1600,Colombia,Nariño,1.5842268,-77.8585766,50,9200504,-5861836,2522573
1601,Colombia,Nariño,1.5842268,-77.8585766,75,8521793,-5284160,2306388
1602,Colombia,Norte de Santander,8.4417924,-73.0492505,30,5709159,110520,1728319
1603,Colombia,Norte de Santander,8.4417924,-73.0492505,50,5241888,499704,1615710
1604,Colombia,Norte de Santander,8.4417924,-73.0492505,75,4435825,1098172,1404761
1605,Colombia,Putumayo,0.5000086,-76.0000086,30,6422068,4421378,2441894
1606,Colombia,Putumayo,0.5000086,-76.0000086,50,6170807,4558039,2394070
1607,Colombia,Putumayo,0.5000086,-76.0000086,75,5734813,4760271,2293957
1608,Colombia,Quindío,4.4028313,-75.7025795,30,513414,-200928,152393
1609,Colombia,Quindío,4.4028313,-75.7025795,50,460893,-153940,139613
1610,Colombia,Quindío,4.4028313,-75.7025795,75,339395,-58823,102179
1611,Colombia,Risaralda,5.2102948,-75.9842236,30,862113,-321993,291724
1612,Colombia,Risaralda,5.2102948,-75.9842236,50,765123,-235552,270765
1613,Colombia,Risaralda,5.2102948,-75.9842236,75,608808,-120084,226507
1614,Colombia,San Andrés y Providencia,13.3531166,-81.3749889,30,0,0,3689
1615,Colombia,San Andrés y Providencia,13.3531166,-81.3749889,50,0,0,3518
1616,Colombia,San Andrés y Providencia,13.3531166,-81.3749889,75,0,0,3121
1617,Colombia,Santander,7.0000085,-73.2500086,30,8217246,-3101743,2045238
1618,Colombia,Santander,7.0000085,-73.2500086,50,7238444,-2222828,1827973
1619,Colombia,Santander,7.0000085,-73.2500086,75,5719015,-1005726,1474640
1620,Colombia,Sucre,9.0,-75.0,30,2146842,-1332116,413917
1621,Colombia,Sucre,9.0,-75.0,50,1707289,-942449,331768
1622,Colombia,Sucre,9.0,-75.0,75,963611,-358974,187247
1623,Colombia,Sucre,9.0,-75.0,30,2597864,-884353,850043
1624,Colombia,Sucre,9.0,-75.0,50,2483863,-790366,813408
1625,Colombia,Sucre,9.0,-75.0,75,2304056,-685397,751494
1626,Colombia,Tolima,4.0355786,-75.2086642,30,5632120,-3644735,1512766
1627,Colombia,Tolima,4.0355786,-75.2086642,50,4731102,-2813515,1324966
1628,Colombia,Tolima,4.0355786,-75.2086642,75,3356198,-1637238,942182
1629,Colombia,Valle del Cauca,3.6984053,-76.5501996,30,5207456,-4026088,1497367
1630,Colombia,Valle del Cauca,3.6984053,-76.5501996,50,4496513,-3369282,1353352
1631,Colombia,Valle del Cauca,3.6984053,-76.5501996,75,3749332,-2746505,1160372
1632,Colombia,Vaupés,0.4228124,-70.9468372,30,11432913,-9439443,5265620
1633,Colombia,Vaupés,0.4228124,-70.9468372,50,11392140,-9403420,5257466
1634,Colombia,Vaupés,0.4228124,-70.9468372,75,11337760,-9355397,5246101
1635,Colombia,Vichada,4.8686613,-69.3736658,30,12503406,-9639325,4567865
1636,Colombia,Vichada,4.8686613,-69.3736658,50,11745308,-8904381,4430344
1637,Colombia,Vichada,4.8686613,-69.3736658,75,10781843,-7997369,4249868
1638,Costa Rica,Alajuela,10.4523317,-84.4663284,30,3392806,-1835655,692617
1639,Costa Rica,Alajuela,10.4523317,-84.4663284,50,3121067,-1601570,643775
1640,Costa Rica,Alajuela,10.4523317,-84.4663284,75,2518351,-1139033,536335
1641,Costa Rica,Cartago,9.8157323,-83.6943809,30,748029,-542386,269957
1642,Costa Rica,Cartago,9.8157323,-83.6943809,50,697630,-498045,259483
1643,Costa Rica,Cartago,9.8157323,-83.6943809,75,619458,-436032,240788
1644,Costa Rica,Guanacaste,10.3788441,-85.4338287,30,3482614,-2737396,607502
1645,Costa Rica,Guanacaste,10.3788441,-85.4338287,50,3105319,-2396210,541438
1646,Costa Rica,Guanacaste,10.3788441,-85.4338287,75,1852456,-1271432,330360
1647,Costa Rica,Heredia,10.3767813,-84.0139721,30,831365,-477285,221606
1648,Costa Rica,Heredia,10.3767813,-84.0139721,50,783485,-437331,212466
1649,Costa Rica,Heredia,10.3767813,-84.0139721,75,684493,-365018,192708
1650,Costa Rica,Limón,10.0999089,-83.3431873,30,2589033,-1275654,822454
1651,Costa Rica,Limón,10.0999089,-83.3431873,50,2480576,-1187339,801734
1652,Costa Rica,Limón,10.0999089,-83.3431873,75,2259864,-1031352,756264
1653,Costa Rica,Puntarenas,9.095328,-84.2003038,30,4887637,-3052115,900004
1654,Costa Rica,Puntarenas,9.095328,-84.2003038,50,4631731,-2837714,854273
1655,Costa Rica,Puntarenas,9.095328,-84.2003038,75,4019444,-2362046,746628
1656,Costa Rica,San José,9.9327707,-84.0796144,30,1570567,-1041651,398985
1657,Costa Rica,San José,9.9327707,-84.0796144,50,1430200,-916178,371456
1658,Costa Rica,San José,9.9327707,-84.0796144,75,1154437,-697347,315244
1659,Croatia,Bjelovar-Bilogora,45.8960587,16.8400759,30,897992,-739876,118362
1660,Croatia,Bjelovar-Bilogora,45.8960587,16.8400759,50,865768,-708493,113211
1661,Croatia,Bjelovar-Bilogora,45.8960587,16.8400759,75,794084,-641822,101931
1662,Croatia,Brod-Posavina,45.1542536,18.0117802,30,684538,-554033,85446
1663,Croatia,Brod-Posavina,45.1542536,18.0117802,50,646978,-517334,79914
1664,Croatia,Brod-Posavina,45.1542536,18.0117802,75,567425,-443457,68968
1665,Croatia,Dubrovnik-Neretva,42.6420614,18.1028722,30,268716,-241337,56787
1666,Croatia,Dubrovnik-Neretva,42.6420614,18.1028722,50,180086,-160562,36158
1667,Croatia,Dubrovnik-Neretva,42.6420614,18.1028722,75,89904,-81338,16808
1668,Croatia,City of Zagreb,45.8130967,15.9772795,30,375273,-341853,53764
1669,Croatia,City of Zagreb,45.8130967,15.9772795,50,357858,-324697,50603
1670,Croatia,City of Zagreb,45.8130967,15.9772795,75,324381,-292264,44921
1671,Croatia,Istria,45.1934345,13.9150536,30,675050,-633409,142851
1672,Croatia,Istria,45.1934345,13.9150536,50,610500,-571598,125677
1673,Croatia,Istria,45.1934345,13.9150536,75,467556,-437919,89914
1674,Croatia,Karlovac,45.4892522,15.5486303,30,2430649,-2248133,252898
1675,Croatia,Karlovac,45.4892522,15.5486303,50,2337615,-2157232,241176
1676,Croatia,Karlovac,45.4892522,15.5486303,75,2154516,-1981820,218236
1677,Croatia,Koprivnica-Križevci,46.1604982,16.8110965,30,541870,-438227,66214
1678,Croatia,Koprivnica-Križevci,46.1604982,16.8110965,50,518803,-415648,62827
1679,Croatia,Koprivnica-Križevci,46.1604982,16.8110965,75,466852,-366116,55351
1680,Croatia,Krapina-Zagorje,46.2247136,15.6792916,30,639623,-630237,51816
1681,Croatia,Krapina-Zagorje,46.2247136,15.6792916,50,601046,-591757,48498
1682,Croatia,Krapina-Zagorje,46.2247136,15.6792916,75,533178,-524342,42730
1683,Croatia,Lika-Senj,44.66818,15.3324696,30,3929325,-3831645,336560
1684,Croatia,Lika-Senj,44.66818,15.3324696,50,3729748,-3634352,317998
1685,Croatia,Lika-Senj,44.66818,15.3324696,75,3328685,-3241552,281941
1686,Croatia,Međimurje,46.4061943,16.5472278,30,147398,-136906,16586
1687,Croatia,Međimurje,46.4061943,16.5472278,50,129655,-119384,14290
1688,Croatia,Međimurje,46.4061943,16.5472278,75,97500,-88285,10085
1689,Croatia,Osijek-Baranja,45.5616622,18.6800138,30,677367,-452874,108541
1690,Croatia,Osijek-Baranja,45.5616622,18.6800138,50,631687,-408816,100994
1691,Croatia,Osijek-Baranja,45.5616622,18.6800138,75,516574,-309020,82114
1692,Croatia,Požega-Slavonia,45.3353016,17.6777848,30,1113377,-980307,106027
1693,Croatia,Požega-Slavonia,45.3353016,17.6777848,50,1085290,-952983,102546
1694,Croatia,Požega-Slavonia,45.3353016,17.6777848,75,993608,-867194,92205
1695,Croatia,Primorje-Gorski Kotar,45.4225937,14.6172032,30,2597097,-2422945,254169
1696,Croatia,Primorje-Gorski Kotar,45.4225937,14.6172032,50,2511750,-2341569,240984
1697,Croatia,Primorje-Gorski Kotar,45.4225937,14.6172032,75,2281173,-2123297,212291
1698,Croatia,Sisak-Moslavina,45.4876303,16.3728187,30,2205577,-1833884,277285
1699,Croatia,Sisak-Moslavina,45.4876303,16.3728187,50,2108816,-1739390,261397
1700,Croatia,Sisak-Moslavina,45.4876303,16.3728187,75,1911188,-1551960,230561
1701,Croatia,Split-Dalmatia,43.5088372,16.4736763,30,420558,-377766,86027
1702,Croatia,Split-Dalmatia,43.5088372,16.4736763,50,275721,-249059,56269
1703,Croatia,Split-Dalmatia,43.5088372,16.4736763,75,114903,-105216,22494
1704,Croatia,Varaždin,46.3079645,16.3378198,30,598223,-566214,50628
1705,Croatia,Varaždin,46.3079645,16.3378198,50,568595,-536901,47838
1706,Croatia,Varaždin,46.3079645,16.3378198,75,510377,-480371,42451
1707,Croatia,Virovitica-Podravina,45.8349096,17.3845292,30,666704,-499580,90503
1708,Croatia,Virovitica-Podravina,45.8349096,17.3845292,50,648788,-482075,87518
1709,Croatia,Virovitica-Podravina,45.8349096,17.3845292,75,606625,-443784,80557
1710,Croatia,Vukovar-Srijem,45.3524096,19.0019676,30,427464,-276996,70222
1711,Croatia,Vukovar-Srijem,45.3524096,19.0019676,50,415112,-265056,68113
1712,Croatia,Vukovar-Srijem,45.3524096,19.0019676,75,374940,-229627,61327
1713,Croatia,Zadar,44.1168594,15.2353257,30,663048,-639069,78831
1714,Croatia,Zadar,44.1168594,15.2353257,50,558264,-539137,62257
1715,Croatia,Zadar,44.1168594,15.2353257,75,423317,-411077,43484
1716,Croatia,Zagreb County,45.7017634,16.2347136,30,824150,-744365,99851
1717,Croatia,Zagreb County,45.7017634,16.2347136,50,787505,-708139,94208
1718,Croatia,Zagreb County,45.7017634,16.2347136,75,709895,-633018,83418
1719,Croatia,Šibenik-Knin,43.6759752,16.11682,30,172223,-153694,27936
1720,Croatia,Šibenik-Knin,43.6759752,16.11682,50,108675,-96379,16088
1721,Croatia,Šibenik-Knin,43.6759752,16.11682,75,56594,-50964,7178
1722,Cuba,Camagüey,21.3791765,-77.9183681,30,4076230,-3357652,521181
1723,Cuba,Camagüey,21.3791765,-77.9183681,50,3699726,-3024797,457217
1724,Cuba,Camagüey,21.3791765,-77.9183681,75,2916676,-2377017,319058
1725,Cuba,Ciego de Ávila,21.7476686,-78.729558,30,1722910,-1221733,179439
1726,Cuba,Ciego de Ávila,21.7476686,-78.729558,50,1587531,-1102606,156672
1727,Cuba,Ciego de Ávila,21.7476686,-78.729558,75,1317730,-878117,108968
1728,Cuba,Cienfuegos,22.1459864,-80.4530775,30,775278,-611579,129899
1729,Cuba,Cienfuegos,22.1459864,-80.4530775,50,703072,-549230,117118
1730,Cuba,Cienfuegos,22.1459864,-80.4530775,75,557699,-433033,90706
1731,Cuba,Ciudad de la Habana,23.1597566,-82.3384732,30,83954,-67919,13581
1732,Cuba,Ciudad de la Habana,23.1597566,-82.3384732,50,65366,-51591,10474
1733,Cuba,Ciudad de la Habana,23.1597566,-82.3384732,75,44723,-36398,6909
1734,Cuba,Granma,20.1947889,-77.2936265,30,2213412,-1921559,332982
1735,Cuba,Granma,20.1947889,-77.2936265,50,2024482,-1745001,300175
1736,Cuba,Granma,20.1947889,-77.2936265,75,1737661,-1485898,248047
1737,Cuba,Guantánamo,19.9185556,-75.1593258,30,1898988,151478,414903
1738,Cuba,Guantánamo,19.9185556,-75.1593258,50,1755272,275574,384034
1739,Cuba,Guantánamo,19.9185556,-75.1593258,75,1538015,434503,336640
1740,Cuba,Holguín,20.8869704,-76.2591995,30,1911641,-1616888,320777
1741,Cuba,Holguín,20.8869704,-76.2591995,50,1720373,-1441345,286685
1742,Cuba,Holguín,20.8869704,-76.2591995,75,1458475,-1213385,237266
1743,Cuba,Isla de la Juventud,21.9841355,-82.4119306,30,1036614,-933154,121280
1744,Cuba,Isla de la Juventud,21.9841355,-82.4119306,50,997732,-898520,112358
1745,Cuba,Isla de la Juventud,21.9841355,-82.4119306,75,946405,-856120,99337
1746,Cuba,La Habana,23.135305,-82.3589631,30,315497,-264126,33252
1747,Cuba,La Habana,23.135305,-82.3589631,50,279683,-232888,27813
1748,Cuba,La Habana,23.135305,-82.3589631,75,242699,-204693,21295
1749,Cuba,Las Tunas,21.0887045,-76.8121648,30,1398490,-1294227,168585
1750,Cuba,Las Tunas,21.0887045,-76.8121648,50,1278211,-1181588,148168
1751,Cuba,Las Tunas,21.0887045,-76.8121648,75,953805,-881687,92708
1752,Cuba,Matanzas,23.0469236,-81.5783032,30,3788089,-3443432,341471
1753,Cuba,Matanzas,23.0469236,-81.5783032,50,3568867,-3239470,306251
1754,Cuba,Matanzas,23.0469236,-81.5783032,75,3226800,-2944428,249363
1755,Cuba,Mayabeque,22.8254157,-82.0701062,30,640428,-580665,84489
1756,Cuba,Mayabeque,22.8254157,-82.0701062,50,574563,-521562,73058
1757,Cuba,Mayabeque,22.8254157,-82.0701062,75,481399,-444429,54019
1758,Cuba,Pinar del Río,22.312447,-83.9389386,30,3749063,-2714962,557879
1759,Cuba,Pinar del Río,22.312447,-83.9389386,50,3576554,-2578708,522406
1760,Cuba,Pinar del Río,22.312447,-83.9389386,75,3305846,-2402087,461395
1761,Cuba,Sancti Spíritus,21.7261281,-79.613293,30,1416022,-1099431,191954
1762,Cuba,Sancti Spíritus,21.7261281,-79.613293,50,1296589,-993889,170626
1763,Cuba,Sancti Spíritus,21.7261281,-79.613293,75,1056970,-800672,126008
1764,Cuba,Santiago de Cuba,20.0214263,-75.8294928,30,1873000,-1391098,379667
1765,Cuba,Santiago de Cuba,20.0214263,-75.8294928,50,1716252,-1257254,348645
1766,Cuba,Santiago de Cuba,20.0214263,-75.8294928,75,1414881,-1017912,287144
1767,Cuba,Villa Clara,22.7036119,-79.6944968,30,2291058,-1618646,223269
1768,Cuba,Villa Clara,22.7036119,-79.6944968,50,2130283,-1481722,195692
1769,Cuba,Villa Clara,22.7036119,-79.6944968,75,1824735,-1252471,139478
1770,Czechia,South Moravian,49.2125608,16.6266277,30,1387761,-395191,210568
1771,Czechia,South Moravian,49.2125608,16.6266277,50,1297630,-311175,197683
1772,Czechia,South Moravian,49.2125608,16.6266277,75,1074093,-164127,163709
1773,Czechia,South Bohemian,49.0252524,15.2305657,30,2781329,-991822,443576
1774,Czechia,South Bohemian,49.0252524,15.2305657,50,2605927,-830243,416769
1775,Czechia,South Bohemian,49.0252524,15.2305657,75,2012432,-413674,323910
1776,Czechia,Karlovy Vary,50.2306216,12.8701437,30,1108027,-684970,179578
1777,Czechia,Karlovy Vary,50.2306216,12.8701437,50,1042139,-622050,168989
1778,Czechia,Karlovy Vary,50.2306216,12.8701437,75,824845,-436993,134156
1779,Czechia,Vysočina,49.3994098,15.5704683,30,1412840,957837,243829
1780,Czechia,Vysočina,49.3994098,15.5704683,50,1307525,1037536,226503
1781,Czechia,Vysočina,49.3994098,15.5704683,75,944261,1089828,164658
1782,Czechia,Hradec Králové,50.2092113,15.8327512,30,1085294,-504254,173592
1783,Czechia,Hradec Králové,50.2092113,15.8327512,50,1014001,-438181,162435
1784,Czechia,Hradec Králové,50.2092113,15.8327512,75,775057,-259610,124714
1785,Czechia,Liberec,50.7702648,15.0583947,30,1177669,-753725,169306
1786,Czechia,Liberec,50.7702648,15.0583947,50,1087888,-667596,156579
1787,Czechia,Liberec,50.7702648,15.0583947,75,857165,-468091,124001
1788,Czechia,Moravian-Silesian,49.860275,18.0386541,30,1391312,-316390,230261
1789,Czechia,Moravian-Silesian,49.860275,18.0386541,50,1287008,-218951,213651
1790,Czechia,Moravian-Silesian,49.860275,18.0386541,75,942698,10048,157398
1791,Czechia,Olomouc,49.5940567,17.251143,30,1256420,-247998,198860
1792,Czechia,Olomouc,49.5940567,17.251143,50,1196337,-194049,189527
1793,Czechia,Olomouc,49.5940567,17.251143,75,967190,-57903,153389
1794,Czechia,Pardubice,50.0385812,15.7791356,30,957071,-373062,151210
1795,Czechia,Pardubice,50.0385812,15.7791356,50,893497,-313971,141528
1796,Czechia,Pardubice,50.0385812,15.7791356,75,691321,-171261,109971
1797,Czechia,Plzeň,49.7477415,13.3775249,30,2074604,-712267,343227
1798,Czechia,Plzeň,49.7477415,13.3775249,50,1953897,-600770,324176
1799,Czechia,Plzeň,49.7477415,13.3775249,75,1518656,-278779,254426
1800,Czechia,Prague,50.0874654,14.4212535,30,68150,-62246,7734
1801,Czechia,Prague,50.0874654,14.4212535,50,55836,-50056,6249
1802,Czechia,Prague,50.0874654,14.4212535,75,36019,-31285,3853
1803,Czechia,Central Bohemian,50.0601579,13.8307479,30,2272649,-1143647,334981
1804,Czechia,Central Bohemian,50.0601579,13.8307479,50,2091233,-972934,310232
1805,Czechia,Central Bohemian,50.0601579,13.8307479,75,1529281,-552374,230352
1806,Czechia,Zlín,49.226766,17.6667415,30,1407316,-689509,201462
1807,Czechia,Zlín,49.226766,17.6667415,50,1335172,-619888,191066
1808,Czechia,Zlín,49.226766,17.6667415,75,1139417,-455789,163111
1809,Czechia,Ústí nad Labem,50.6603327,14.0381357,30,1218846,-688412,192786
1810,Czechia,Ústí nad Labem,50.6603327,14.0381357,50,1106344,-581799,174965
1811,Czechia,Ústí nad Labem,50.6603327,14.0381357,75,806307,-324509,127675
1812,Cote d'Ivoire,Abidjan,5.320357,-4.016107,30,1075429,381316,126269
1813,Cote d'Ivoire,Abidjan,5.320357,-4.016107,50,642932,315801,75855
1814,Cote d'Ivoire,Abidjan,5.320357,-4.016107,75,140572,25962,1948
1815,Cote d'Ivoire,Bas-Sassandra,5.3523063,-6.6766897,30,17679474,-4266999,2424701
1816,Cote d'Ivoire,Bas-Sassandra,5.3523063,-6.6766897,50,6707173,1946218,1158673
1817,Cote d'Ivoire,Bas-Sassandra,5.3523063,-6.6766897,75,1323847,93724,120879
1818,Cote d'Ivoire,Comoé,6.0762474,-3.3082115,30,9943398,-907267,1210473
1819,Cote d'Ivoire,Comoé,6.0762474,-3.3082115,50,5176110,1079488,670438
1820,Cote d'Ivoire,Comoé,6.0762474,-3.3082115,75,662228,64519,23028
1821,Cote d'Ivoire,Denguélé,9.6380415,-7.3900097,30,1271300,228923,436870
1822,Cote d'Ivoire,Denguélé,9.6380415,-7.3900097,50,383501,-204771,33934
1823,Cote d'Ivoire,Denguélé,9.6380415,-7.3900097,75,313353,-235418,0
1824,Cote d'Ivoire,Gôh-Djiboua,5.9536464,-5.6069906,30,10860929,-3951784,1240704
1825,Cote d'Ivoire,Gôh-Djiboua,5.9536464,-5.6069906,50,2878555,86899,322229
1826,Cote d'Ivoire,Gôh-Djiboua,5.9536464,-5.6069906,75,612192,-306043,2650
1827,Cote d'Ivoire,Lacs,7.0523847,-4.4419131,30,13763387,-4151347,1521279
1828,Cote d'Ivoire,Lacs,7.0523847,-4.4419131,50,5233098,-872482,539416
1829,Cote d'Ivoire,Lacs,7.0523847,-4.4419131,75,582485,-273541,1773
1830,Cote d'Ivoire,Lagunes,5.8451583,-4.2931136,30,13859896,-803722,1741949
1831,Cote d'Ivoire,Lagunes,5.8451583,-4.2931136,50,9145334,946721,1208846
1832,Cote d'Ivoire,Lagunes,5.8451583,-4.2931136,75,828767,-76847,23377
1833,Cote d'Ivoire,Montagnes,6.9418251,-7.6541621,30,20676129,-2035226,2643987
1834,Cote d'Ivoire,Montagnes,6.9418251,-7.6541621,50,12787407,1917765,1752867
1835,Cote d'Ivoire,Montagnes,6.9418251,-7.6541621,75,1899194,1202035,329697
1836,Cote d'Ivoire,Sassandra-Marahoué,7.0551607,-6.336856,30,9749695,-3558588,1119009
1837,Cote d'Ivoire,Sassandra-Marahoué,7.0551607,-6.336856,50,1938653,456917,208882
1838,Cote d'Ivoire,Sassandra-Marahoué,7.0551607,-6.336856,75,727393,-509325,1089
1839,Cote d'Ivoire,Savanes,9.5652587,-5.5594265,30,1039147,-461576,96999
1840,Cote d'Ivoire,Savanes,9.5652587,-5.5594265,50,863198,-685300,6754
1841,Cote d'Ivoire,Savanes,9.5652587,-5.5594265,75,850719,-685964,55
1842,Cote d'Ivoire,Savanes,9.5652587,-5.5594265,30,5688,-5629,4
1843,Cote d'Ivoire,Savanes,9.5652587,-5.5594265,50,5683,-5647,2
1844,Cote d'Ivoire,Savanes,9.5652587,-5.5594265,75,5681,-5656,0
1845,Cote d'Ivoire,Vallée du Bandama,8.270286,-4.9452089,30,2344360,-961994,482441
1846,Cote d'Ivoire,Vallée du Bandama,8.270286,-4.9452089,50,506810,-153297,63362
1847,Cote d'Ivoire,Vallée du Bandama,8.270286,-4.9452089,75,283961,-198921,1598
1848,Cote d'Ivoire,Woroba,8.3713178,-6.7463262,30,3684893,133582,891446
1849,Cote d'Ivoire,Woroba,8.3713178,-6.7463262,50,958450,-168386,84060
1850,Cote d'Ivoire,Woroba,8.3713178,-6.7463262,75,651722,-479625,353
1851,Cote d'Ivoire,Yamoussoukro,6.8200066,-5.2776034,30,438120,-207571,46991
1852,Cote d'Ivoire,Yamoussoukro,6.8200066,-5.2776034,50,69232,-27775,4699
1853,Cote d'Ivoire,Yamoussoukro,6.8200066,-5.2776034,75,27620,-15222,1
1854,Cote d'Ivoire,Zanzan,8.6702847,-3.3447445,30,6635075,-3901281,883827
1855,Cote d'Ivoire,Zanzan,8.6702847,-3.3447445,50,2088043,-792414,226100
1856,Cote d'Ivoire,Zanzan,8.6702847,-3.3447445,75,389205,-223594,4508
1857,Democratic Republic of the Congo,Bas-Uele,3.6644488,25.2137871,30,63417843,-29316360,14622641
1858,Democratic Republic of the Congo,Bas-Uele,3.6644488,25.2137871,50,57033509,-23066219,13612006
1859,Democratic Republic of the Congo,Bas-Uele,3.6644488,25.2137871,75,40294693,-7578905,11086990
1860,Democratic Republic of the Congo,Haut-Katanga,-10.646471,27.630677,30,18669750,-5462266,9456772
1861,Democratic Republic of the Congo,Haut-Katanga,-10.646471,27.630677,50,8502413,-597215,4175562
1862,Democratic Republic of the Congo,Haut-Katanga,-10.646471,27.630677,75,642140,-49249,30744
1863,Democratic Republic of the Congo,Haut-Lomami,-8.1495036,25.5557963,30,28613250,-22403882,7578002
1864,Democratic Republic of the Congo,Haut-Lomami,-8.1495036,25.5557963,50,12795295,-7547778,3974294
1865,Democratic Republic of the Congo,Haut-Lomami,-8.1495036,25.5557963,75,767327,126526,70652
1866,Democratic Republic of the Congo,Haut-Uele,3.3398499,28.789274,30,52344622,-24978485,8872867
1867,Democratic Republic of the Congo,Haut-Uele,3.3398499,28.789274,50,43921383,-16759206,7729065
1868,Democratic Republic of the Congo,Haut-Uele,3.3398499,28.789274,75,18350252,5079653,4271795
1869,Democratic Republic of the Congo,Ituri,2.1015973,29.0559738,30,20888447,-2500866,5626258
1870,Democratic Republic of the Congo,Ituri,2.1015973,29.0559738,50,16496520,1419795,4853813
1871,Democratic Republic of the Congo,Ituri,2.1015973,29.0559738,75,12742797,3709630,4247279
1872,Democratic Republic of the Congo,Kasaï,-6.5623601,20.951668,30,39910251,-6571337,8509581
1873,Democratic Republic of the Congo,Kasaï,-6.5623601,20.951668,50,30183189,2651446,7222777
1874,Democratic Republic of the Congo,Kasaï,-6.5623601,20.951668,75,18466713,9180605,5729228
1875,Democratic Republic of the Congo,Kasaï-Central,-6.0497123,22.2707075,30,31104141,-5824306,4935730
1876,Democratic Republic of the Congo,Kasaï-Central,-6.0497123,22.2707075,50,20005387,4405728,3467445
1877,Democratic Republic of the Congo,Kasaï-Central,-6.0497123,22.2707075,75,7082596,10309365,1845498
1878,Democratic Republic of the Congo,Kasaï-Oriental,-6.1258942,23.5998111,30,2165245,-520460,290781
1879,Democratic Republic of the Congo,Kasaï-Oriental,-6.1258942,23.5998111,50,910570,552818,128151
1880,Democratic Republic of the Congo,Kasaï-Oriental,-6.1258942,23.5998111,75,173863,684885,39147
1881,Democratic Republic of the Congo,Kinshasa,-4.32171,15.3122511,30,3085471,-1396614,393038
1882,Democratic Republic of the Congo,Kinshasa,-4.32171,15.3122511,50,1021767,126226,128353
1883,Democratic Republic of the Congo,Kinshasa,-4.32171,15.3122511,75,195079,45037,8679
1884,Democratic Republic of the Congo,Kongo-Central,-5.3102193,14.2972115,30,23316207,-8772117,3328169
1885,Democratic Republic of the Congo,Kongo-Central,-5.3102193,14.2972115,50,12657205,-26643,1908208
1886,Democratic Republic of the Congo,Kongo-Central,-5.3102193,14.2972115,75,3248232,1669487,588369
1887,Democratic Republic of the Congo,Kwango,-7.9585548,17.4836147,30,43287356,-31567649,6651439
1888,Democratic Republic of the Congo,Kwango,-7.9585548,17.4836147,50,28664719,-17561397,4592958
1889,Democratic Republic of the Congo,Kwango,-7.9585548,17.4836147,75,4417585,-114834,858253
1890,Democratic Republic of the Congo,Kwilu,-4.8108497,18.805534,30,33316628,-13571770,4746565
1891,Democratic Republic of the Congo,Kwilu,-4.8108497,18.805534,50,22637464,-3942539,3336973
1892,Democratic Republic of the Congo,Kwilu,-4.8108497,18.805534,75,5956519,3054110,1218928
1893,Democratic Republic of the Congo,Lomami,-6.4044023,24.6475773,30,20803240,-17440660,2843777
1894,Democratic Republic of the Congo,Lomami,-6.4044023,24.6475773,50,7657513,-4900338,1092709
1895,Democratic Republic of the Congo,Lomami,-6.4044023,24.6475773,75,1019416,-13863,186496
1896,Democratic Republic of the Congo,Lualaba,-10.7027809,25.4657979,30,32807410,-23589063,10411063
1897,Democratic Republic of the Congo,Lualaba,-10.7027809,25.4657979,50,18422232,-10552010,6369533
1898,Democratic Republic of the Congo,Lualaba,-10.7027809,25.4657979,75,1006306,-433902,78262
1899,Democratic Republic of the Congo,Mai-Ndombe,-2.5406945,18.6065732,30,42567713,-14725315,11067029
1900,Democratic Republic of the Congo,Mai-Ndombe,-2.5406945,18.6065732,50,34523579,-7082612,10001417
1901,Democratic Republic of the Congo,Mai-Ndombe,-2.5406945,18.6065732,75,27059949,-5464992,8963487
1902,Democratic Republic of the Congo,Maniema,-2.4956685,25.9520292,30,50412259,-9742940,11851139
1903,Democratic Republic of the Congo,Maniema,-2.4956685,25.9520292,50,39950076,267984,10448638
1904,Democratic Republic of the Congo,Maniema,-2.4956685,25.9520292,75,30568817,6428295,9186108
1905,Democratic Republic of the Congo,Mongala,2.0295097,21.1757928,30,20078609,16748768,5455656
1906,Democratic Republic of the Congo,Mongala,2.0295097,21.1757928,50,19752688,16883659,5419080
1907,Democratic Republic of the Congo,Mongala,2.0295097,21.1757928,75,17996184,16134518,5192440
1908,Democratic Republic of the Congo,Nord-Kivu,-0.5645647,28.7061945,30,17073875,2973092,5388803
1909,Democratic Republic of the Congo,Nord-Kivu,-0.5645647,28.7061945,50,15202101,4424584,5003180
1910,Democratic Republic of the Congo,Nord-Kivu,-0.5645647,28.7061945,75,11172968,6259871,4223274
1911,Democratic Republic of the Congo,Nord-Ubangi,4.0175656,21.3779242,30,23511271,-12061031,4748765
1912,Democratic Republic of the Congo,Nord-Ubangi,4.0175656,21.3779242,50,16731723,-5523956,3845402
1913,Democratic Republic of the Congo,Nord-Ubangi,4.0175656,21.3779242,75,11266933,-1871182,3009443
1914,Democratic Republic of the Congo,Sankuru,-3.7735912,23.4487595,30,33944739,5705298,9517667
1915,Democratic Republic of the Congo,Sankuru,-3.7735912,23.4487595,50,31423819,7930655,9195999
1916,Democratic Republic of the Congo,Sankuru,-3.7735912,23.4487595,75,26656558,7889488,8643422
1917,Democratic Republic of the Congo,Sud-Kivu,-3.2968958,28.1674008,30,14768747,7013440,5462292
1918,Democratic Republic of the Congo,Sud-Kivu,-3.2968958,28.1674008,50,12325531,8933637,4869038
1919,Democratic Republic of the Congo,Sud-Kivu,-3.2968958,28.1674008,75,9060891,9889835,4006747
1920,Democratic Republic of the Congo,Sud-Ubangi,3.3283335,19.4627581,30,20874277,3789002,4509660
1921,Democratic Republic of the Congo,Sud-Ubangi,3.3283335,19.4627581,50,16342822,8047871,3917541
1922,Democratic Republic of the Congo,Sud-Ubangi,3.3283335,19.4627581,75,10006925,9614231,2946977
1923,Democratic Republic of the Congo,Tanganyika,-6.7105797,27.9879861,30,44394922,-34790802,10185833
1924,Democratic Republic of the Congo,Tanganyika,-6.7105797,27.9879861,50,28126183,-20411677,6438524
1925,Democratic Republic of the Congo,Tanganyika,-6.7105797,27.9879861,75,2375746,-754404,352277
1926,Democratic Republic of the Congo,Tshopo,0.2077202,25.6323668,30,60913686,-2125332,19825297
1927,Democratic Republic of the Congo,Tshopo,0.2077202,25.6323668,50,60564164,-2096783,19792874
1928,Democratic Republic of the Congo,Tshopo,0.2077202,25.6323668,75,59409533,-2664271,19662961
1929,Democratic Republic of the Congo,Tshuapa,-0.4530938,21.6906792,30,39915624,-13374120,13241535
1930,Democratic Republic of the Congo,Tshuapa,-0.4530938,21.6906792,50,39808110,-13355010,13231450
1931,Democratic Republic of the Congo,Tshuapa,-0.4530938,21.6906792,75,39465275,-13488550,13194749
1932,Democratic Republic of the Congo,Équateur,0.06196,19.1407767,30,30690219,-6871022,9751761
1933,Democratic Republic of the Congo,Équateur,0.06196,19.1407767,50,29744106,-6000777,9628586
1934,Democratic Republic of the Congo,Équateur,0.06196,19.1407767,75,28170138,-5522138,9414302
1935,Denmark,Capital Region of Denmark,55.8616018,12.3137969,30,574063,-485795,62124
1936,Denmark,Capital Region of Denmark,55.8616018,12.3137969,50,505414,-418505,54425
1937,Denmark,Capital Region of Denmark,55.8616018,12.3137969,75,353302,-274641,37445
1938,Denmark,Central Denmark Region,56.2356484,9.234625,30,1636658,-1038041,233444
1939,Denmark,Central Denmark Region,56.2356484,9.234625,50,1400878,-819774,198776
1940,Denmark,Central Denmark Region,56.2356484,9.234625,75,785955,-323023,110432
1941,Denmark,North Denmark Region,56.8152793,9.7273308,30,879428,-577876,126842
1942,Denmark,North Denmark Region,56.8152793,9.7273308,50,733629,-439611,105439
1943,Denmark,North Denmark Region,56.8152793,9.7273308,75,427703,-180745,61205
1944,Denmark,Region Zealand,55.4864453,11.6913493,30,1096545,-916544,105758
1945,Denmark,Region Zealand,55.4864453,11.6913493,50,980319,-803539,92827
1946,Denmark,Region Zealand,55.4864453,11.6913493,75,611996,-467423,53317
1947,Denmark,Region of Southern Denmark,55.3784263,9.1318064,30,1223875,-954714,135037
1948,Denmark,Region of Southern Denmark,55.3784263,9.1318064,50,1022770,-767301,109678
1949,Denmark,Region of Southern Denmark,55.3784263,9.1318064,75,496162,-320449,48129
1950,Djibouti,Ali Sabieh,11.1630687,42.8372778,30,0,0,0
1951,Djibouti,Ali Sabieh,11.1630687,42.8372778,50,0,0,0
1952,Djibouti,Ali Sabieh,11.1630687,42.8372778,75,0,0,0
1953,Djibouti,Arta,11.4341375,42.6203731,30,0,0,0
1954,Djibouti,Arta,11.4341375,42.6203731,50,0,0,0
1955,Djibouti,Arta,11.4341375,42.6203731,75,0,0,0
1956,Djibouti,Dikhil,11.1071149,42.3687433,30,0,0,0
1957,Djibouti,Dikhil,11.1071149,42.3687433,50,0,0,0
1958,Djibouti,Dikhil,11.1071149,42.3687433,75,0,0,0
1959,Djibouti,Djibouti,11.8145966,42.8453061,30,0,0,0
1960,Djibouti,Djibouti,11.8145966,42.8453061,50,0,0,0
1961,Djibouti,Djibouti,11.8145966,42.8453061,75,0,0,0
1962,Djibouti,Obock,11.9640149,43.292228,30,0,0,0
1963,Djibouti,Obock,11.9640149,43.292228,50,0,0,0
1964,Djibouti,Obock,11.9640149,43.292228,75,0,0,0
1965,Djibouti,Tadjoura,11.7857101,42.8846543,30,0,0,0
1966,Djibouti,Tadjoura,11.7857101,42.8846543,50,0,0,0
1967,Djibouti,Tadjoura,11.7857101,42.8846543,75,0,0,0
1968,Dominican Republic,Azua,18.6257252,-70.9046478,30,673016,-516710,134023
1969,Dominican Republic,Azua,18.6257252,-70.9046478,50,472420,-336877,96583
1970,Dominican Republic,Azua,18.6257252,-70.9046478,75,265799,-168594,56881
1971,Dominican Republic,Bahoruco,18.5140239,-71.3303393,30,225105,-138140,42164
1972,Dominican Republic,Bahoruco,18.5140239,-71.3303393,50,166124,-88322,32161
1973,Dominican Republic,Bahoruco,18.5140239,-71.3303393,75,92373,-36626,18983
1974,Dominican Republic,Barahona,18.1893495,-71.2286019,30,415776,-84033,95225
1975,Dominican Republic,Barahona,18.1893495,-71.2286019,50,349861,-36102,84457
1976,Dominican Republic,Barahona,18.1893495,-71.2286019,75,235383,30302,64146
1977,Dominican Republic,Dajabón,19.4366635,-71.5703737,30,202860,52092,53144
1978,Dominican Republic,Dajabón,19.4366635,-71.5703737,50,173141,71845,46304
1979,Dominican Republic,Dajabón,19.4366635,-71.5703737,75,129495,84178,35708
1980,Dominican Republic,Distrito Nacional,18.4853599,-69.9299587,30,5886,-2909,1051
1981,Dominican Republic,Distrito Nacional,18.4853599,-69.9299587,50,5153,-2454,909
1982,Dominican Republic,Distrito Nacional,18.4853599,-69.9299587,75,4112,-2018,713
1983,Dominican Republic,Duarte,19.2833163,-70.1880055,30,453437,-287201,90827
1984,Dominican Republic,Duarte,19.2833163,-70.1880055,50,418152,-258843,84265
1985,Dominican Republic,Duarte,19.2833163,-70.1880055,75,366772,-223381,74337
1986,Dominican Republic,El Seybo,,,30,371763,-164966,71790
1987,Dominican Republic,El Seybo,,,50,345229,-144750,66665
1988,Dominican Republic,El Seybo,,,75,297867,-112728,57048
1989,Dominican Republic,Espaillat,19.5108126,-70.4918803,30,256812,-118198,48391
1990,Dominican Republic,Espaillat,19.5108126,-70.4918803,50,228828,-96509,43249
1991,Dominican Republic,Espaillat,19.5108126,-70.4918803,75,191447,-72869,35996
1992,Dominican Republic,Hato Mayor,18.8150136,-69.3478425,30,423013,10515,83327
1993,Dominican Republic,Hato Mayor,18.8150136,-69.3478425,50,394722,28714,78152
1994,Dominican Republic,Hato Mayor,18.8150136,-69.3478425,75,349412,50826,69408
1995,Dominican Republic,Independencia,18.4155861,-71.6357396,30,313655,-138670,75316
1996,Dominican Republic,Independencia,18.4155861,-71.6357396,50,225069,-68819,59199
1997,Dominican Republic,Independencia,18.4155861,-71.6357396,75,126987,-10513,39340
1998,Dominican Republic,La Altagracia,18.5880886,-68.6053104,30,659790,-174424,125421
1999,Dominican Republic,La Altagracia,18.5880886,-68.6053104,50,615530,-151233,117374
2000,Dominican Republic,La Altagracia,18.5880886,-68.6053104,75,539544,-125977,103130
2001,Dominican Republic,La Estrelleta,18.467173,-69.8907858,30,272244,-58195,71652
2002,Dominican Republic,La Estrelleta,18.467173,-69.8907858,50,195169,3024,54220
2003,Dominican Republic,La Estrelleta,18.467173,-69.8907858,75,116119,43191,35471
2004,Dominican Republic,La Romana,18.4230137,-68.9661104,30,46528,-25322,8666
2005,Dominican Republic,La Romana,18.4230137,-68.9661104,50,40418,-21182,7491
2006,Dominican Republic,La Romana,18.4230137,-68.9661104,75,30568,-15746,5603
2007,Dominican Republic,La Vega,19.2083404,-70.4584504,30,495717,-340564,153451
2008,Dominican Republic,La Vega,19.2083404,-70.4584504,50,415724,-271131,135293
2009,Dominican Republic,La Vega,19.2083404,-70.4584504,75,324376,-203128,113498
2010,Dominican Republic,María Trinidad Sánchez,19.4433304,-69.9990821,30,302736,-115366,58825
2011,Dominican Republic,María Trinidad Sánchez,19.4433304,-69.9990821,50,271872,-93189,53235
2012,Dominican Republic,María Trinidad Sánchez,19.4433304,-69.9990821,75,228249,-66524,45010
2013,Dominican Republic,Monseñor Nouel,18.9234801,-70.4157265,30,325072,-141135,74982
2014,Dominican Republic,Monseñor Nouel,18.9234801,-70.4157265,50,290502,-113679,68126
2015,Dominican Republic,Monseñor Nouel,18.9234801,-70.4157265,75,243675,-84152,58335
2016,Dominican Republic,Monte Cristi,19.7177718,-71.4448113,30,534867,-357769,74563
2017,Dominican Republic,Monte Cristi,19.7177718,-71.4448113,50,422119,-279787,55375
2018,Dominican Republic,Monte Cristi,19.7177718,-71.4448113,75,284762,-192047,31651
2019,Dominican Republic,Monte Plata,18.8381907,-69.8365984,30,802167,134360,157466
2020,Dominican Republic,Monte Plata,18.8381907,-69.8365984,50,732220,172432,144875
2021,Dominican Republic,Monte Plata,18.8381907,-69.8365984,75,620209,204621,123369
2022,Dominican Republic,Pedernales,18.0372324,-71.7441566,30,660916,-368466,144128
2023,Dominican Republic,Pedernales,18.0372324,-71.7441566,50,513559,-238792,117687
2024,Dominican Republic,Pedernales,18.0372324,-71.7441566,75,338834,-119240,83344
2025,Dominican Republic,Peravia,18.3515003,-70.3695268,30,214300,-158803,38800
2026,Dominican Republic,Peravia,18.3515003,-70.3695268,50,177316,-125896,32732
2027,Dominican Republic,Peravia,18.3515003,-70.3695268,75,136230,-93120,25585
2028,Dominican Republic,Puerto Plata,19.7225234,-70.7208338,30,562449,-147463,115202
2029,Dominican Republic,Puerto Plata,19.7225234,-70.7208338,50,508411,-106076,104836
2030,Dominican Republic,Puerto Plata,19.7225234,-70.7208338,75,422015,-57301,87564
2031,Dominican Republic,Salcedo,19.4467462,-70.3890631,30,122257,-70847,24021
2032,Dominican Republic,Salcedo,19.4467462,-70.3890631,50,107745,-59188,21389
2033,Dominican Republic,Salcedo,19.4467462,-70.3890631,75,91009,-48717,18204
2034,Dominican Republic,Samaná,19.1780767,-69.6510809,30,382194,-58401,69092
2035,Dominican Republic,Samaná,19.1780767,-69.6510809,50,367376,-49547,66452
2036,Dominican Republic,Samaná,19.1780767,-69.6510809,75,336615,-36367,60431
2037,Dominican Republic,San Cristóbal,18.4174531,-70.1103346,30,408806,-177548,87326
2038,Dominican Republic,San Cristóbal,18.4174531,-70.1103346,50,377795,-154015,81552
2039,Dominican Republic,San Cristóbal,18.4174531,-70.1103346,75,323869,-121418,70816
2040,Dominican Republic,San José de Ocoa,18.6085333,-70.5141754,30,262672,-181221,64375
2041,Dominican Republic,San José de Ocoa,18.6085333,-70.5141754,50,227532,-152205,56647
2042,Dominican Republic,San José de Ocoa,18.6085333,-70.5141754,75,178944,-115873,45679
2043,Dominican Republic,San Juan,18.8832252,-71.3076454,30,21631,-20292,10517
2044,Dominican Republic,San Juan,18.8832252,-71.3076454,50,6165,-5081,2053
2045,Dominican Republic,San Juan,18.8832252,-71.3076454,75,3389,-2715,434
2046,Dominican Republic,San Juan,18.8832252,-71.3076454,30,696922,-362907,172567
2047,Dominican Republic,San Juan,18.8832252,-71.3076454,50,497209,-201583,132939
2048,Dominican Republic,San Juan,18.8832252,-71.3076454,75,305444,-82080,92601
2049,Dominican Republic,San Pedro de Macorís,18.6078948,-69.4885492,30,145616,-82093,25198
2050,Dominican Republic,San Pedro de Macorís,18.6078948,-69.4885492,50,124349,-66125,21225
2051,Dominican Republic,San Pedro de Macorís,18.6078948,-69.4885492,75,94471,-47889,15627
2052,Dominican Republic,Santiago,19.336389,-70.9521277,30,686349,-365481,189860
2053,Dominican Republic,Santiago,19.336389,-70.9521277,50,587167,-287596,170224
2054,Dominican Republic,Santiago,19.336389,-70.9521277,75,447601,-202770,141545
2055,Dominican Republic,Santiago Rodríguez,19.3690729,-71.3523808,30,293309,-62539,82077
2056,Dominican Republic,Santiago Rodríguez,19.3690729,-71.3523808,50,264919,-43556,76369
2057,Dominican Republic,Santiago Rodríguez,19.3690729,-71.3523808,75,215632,-18714,66124
2058,Dominican Republic,Santo Domingo,18.4713858,-69.8918436,30,240626,-61659,46189
2059,Dominican Republic,Santo Domingo,18.4713858,-69.8918436,50,210172,-39165,40400
2060,Dominican Republic,Santo Domingo,18.4713858,-69.8918436,75,165257,-16367,31734
2061,Dominican Republic,Sánchez Ramírez,19.0037537,-70.1488827,30,299565,-8924,61081
2062,Dominican Republic,Sánchez Ramírez,19.0037537,-70.1488827,50,267242,11238,55220
2063,Dominican Republic,Sánchez Ramírez,19.0037537,-70.1488827,75,217690,31452,45498
2064,Dominican Republic,Valverde,19.5955662,-71.0303974,30,221004,-127759,36238
2065,Dominican Republic,Valverde,19.5955662,-71.0303974,50,187958,-108041,30650
2066,Dominican Republic,Valverde,19.5955662,-71.0303974,75,129582,-76290,20976
2067,Ecuador,Azuay,-3.0524451,-79.2395135,30,1723196,-1483234,383423
2068,Ecuador,Azuay,-3.0524451,-79.2395135,50,1433274,-1204400,316850
2069,Ecuador,Azuay,-3.0524451,-79.2395135,75,956845,-759701,208116
2070,Ecuador,Bolivar,-1.5392733,-79.0816505,30,993078,-888464,229559
2071,Ecuador,Bolivar,-1.5392733,-79.0816505,50,814008,-715946,186492
2072,Ecuador,Bolivar,-1.5392733,-79.0816505,75,554337,-478134,124484
2073,Ecuador,Bolivar,-1.5392733,-79.0816505,30,44003754,-31653370,19096469
2074,Ecuador,Bolivar,-1.5392733,-79.0816505,50,42274322,-30029359,18761131
2075,Ecuador,Bolivar,-1.5392733,-79.0816505,75,40148466,-28184980,18338209
2076,Ecuador,Carchi,0.8375163,-78.2075154,30,660721,-443705,248561
2077,Ecuador,Carchi,0.8375163,-78.2075154,50,580039,-370518,230833
2078,Ecuador,Carchi,0.8375163,-78.2075154,75,434051,-246594,194016
2079,Ecuador,Cañar,-2.574484,-78.9804678,30,767723,-639192,143670
2080,Ecuador,Cañar,-2.574484,-78.9804678,50,619402,-498559,116435
2081,Ecuador,Cañar,-2.574484,-78.9804678,75,382636,-281660,73701
2082,Ecuador,Chimborazo,-1.9262626,-78.7297799,30,1021294,-838069,216802
2083,Ecuador,Chimborazo,-1.9262626,-78.7297799,50,762350,-592182,164084
2084,Ecuador,Chimborazo,-1.9262626,-78.7297799,75,426521,-295535,90758
2085,Ecuador,Cotopaxi,-0.8268521,-78.8937757,30,1369621,-916123,282516
2086,Ecuador,Cotopaxi,-0.8268521,-78.8937757,50,1126163,-711065,245274
2087,Ecuador,Cotopaxi,-0.8268521,-78.8937757,75,761173,-418257,184195
2088,Ecuador,El Oro,-3.5311093,-79.8333234,30,1519982,-1295137,358490
2089,Ecuador,El Oro,-3.5311093,-79.8333234,50,1327074,-1113036,308646
2090,Ecuador,El Oro,-3.5311093,-79.8333234,75,1013054,-827073,230180
2091,Ecuador,Esmeraldas,0.7343619,-79.3858867,30,6197052,-2798868,1475253
2092,Ecuador,Esmeraldas,0.7343619,-79.3858867,50,6046440,-2665451,1447548
2093,Ecuador,Esmeraldas,0.7343619,-79.3858867,75,5637201,-2326001,1367511
2094,Ecuador,Galápagos,-0.0606899,-90.673898,30,209854,-126066,128049
2095,Ecuador,Galápagos,-0.0606899,-90.673898,50,162000,-82476,94769
2096,Ecuador,Galápagos,-0.0606899,-90.673898,75,114563,-44625,63243
2097,Ecuador,Guayas,-2.0,-80.0,30,5260877,-4457167,660880
2098,Ecuador,Guayas,-2.0,-80.0,50,4501366,-3755621,529091
2099,Ecuador,Guayas,-2.0,-80.0,75,3439759,-2851281,336337
2100,Ecuador,Imbabura,0.3753621,-78.355681,30,947312,-628979,294464
2101,Ecuador,Imbabura,0.3753621,-78.355681,50,846347,-537886,270226
2102,Ecuador,Imbabura,0.3753621,-78.355681,75,658661,-376525,218018
2103,Ecuador,Loja,-4.0528506,-79.8053425,30,2520108,-2047641,592928
2104,Ecuador,Loja,-4.0528506,-79.8053425,50,1908073,-1489872,450256
2105,Ecuador,Loja,-4.0528506,-79.8053425,75,1148209,-841830,272966
2106,Ecuador,Los Rios,-1.4941273,-79.5542485,30,2371675,-1451121,368859
2107,Ecuador,Los Rios,-1.4941273,-79.5542485,50,2056454,-1170681,312623
2108,Ecuador,Los Rios,-1.4941273,-79.5542485,75,1462514,-699626,209573
2109,Ecuador,Manabi,-0.7588025,-80.0612131,30,6929729,-4752094,1283639
2110,Ecuador,Manabi,-0.7588025,-80.0612131,50,6062996,-3962101,1130704
2111,Ecuador,Manabi,-0.7588025,-80.0612131,75,4476248,-2617421,835657
2112,Ecuador,Morona Santiago,-2.6232969,-78.0048106,30,4609325,-1651657,2304054
2113,Ecuador,Morona Santiago,-2.6232969,-78.0048106,50,4505647,-1553893,2273312
2114,Ecuador,Morona Santiago,-2.6232969,-78.0048106,75,4179402,-1258556,2143320
2115,Ecuador,Napo,-0.6081965,-77.9520341,30,2174019,-873463,1059109
2116,Ecuador,Napo,-0.6081965,-77.9520341,50,2063167,-767755,1024806
2117,Ecuador,Napo,-0.6081965,-77.9520341,75,1807169,-525161,894283
2118,Ecuador,Orellana,-0.78618,-76.4803184,30,5021370,278411,2120910
2119,Ecuador,Orellana,-0.78618,-76.4803184,50,4992387,295604,2115389
2120,Ecuador,Orellana,-0.78618,-76.4803184,75,4913780,330415,2099333
2121,Ecuador,Pastaza,-1.916667,-77.0,30,6334291,-4996960,2924434
2122,Ecuador,Pastaza,-1.916667,-77.0,50,6315010,-4979987,2919308
2123,Ecuador,Pastaza,-1.916667,-77.0,75,6272865,-4947268,2906869
2124,Ecuador,Pichincha,-0.0584893,-78.3284371,30,2416377,-1786139,567784
2125,Ecuador,Pichincha,-0.0584893,-78.3284371,50,2148393,-1538416,514832
2126,Ecuador,Pichincha,-0.0584893,-78.3284371,75,1657313,-1104384,410684
2127,Ecuador,Santa Elena,-2.1954593,-80.5669167,30,860100,-745098,158722
2128,Ecuador,Santa Elena,-2.1954593,-80.5669167,50,716537,-609560,131493
2129,Ecuador,Santa Elena,-2.1954593,-80.5669167,75,554726,-468445,102306
2130,Ecuador,Santo Domingo de los Tsachilas,-0.3158526,-79.2224149,30,1671456,-1123593,331515
2131,Ecuador,Santo Domingo de los Tsachilas,-0.3158526,-79.2224149,50,1558192,-1017984,306995
2132,Ecuador,Santo Domingo de los Tsachilas,-0.3158526,-79.2224149,75,1237309,-736209,238912
2133,Ecuador,Sucumbios,-0.039138,-76.5119678,30,4188164,1851035,1738358
2134,Ecuador,Sucumbios,-0.039138,-76.5119678,50,4123615,1900464,1722416
2135,Ecuador,Sucumbios,-0.039138,-76.5119678,75,3926643,2041549,1653308
2136,Ecuador,Tungurahua,-1.2765895,-78.4754667,30,490644,-453960,167744
2137,Ecuador,Tungurahua,-1.2765895,-78.4754667,50,358550,-324488,137331
2138,Ecuador,Tungurahua,-1.2765895,-78.4754667,75,200042,-173401,88744
2139,Ecuador,Zamora Chinchipe,-4.0620183,-78.7751588,30,1775436,-998614,1009045
2140,Ecuador,Zamora Chinchipe,-4.0620183,-78.7751588,50,1682324,-910504,984957
2141,Ecuador,Zamora Chinchipe,-4.0620183,-78.7751588,75,1469570,-715605,915571
2142,Egypt,Ad Daqahliyah,31.1380046,31.8882499,30,58564,-54570,43555
2143,Egypt,Ad Daqahliyah,31.1380046,31.8882499,50,3142,-1067,2806
2144,Egypt,Ad Daqahliyah,31.1380046,31.8882499,75,86,198,64
2145,Egypt,Al Bahr al Ahmar,25.5664162,34.0930512,30,440,-440,0
2146,Egypt,Al Bahr al Ahmar,25.5664162,34.0930512,50,440,-440,0
2147,Egypt,Al Bahr al Ahmar,25.5664162,34.0930512,75,440,-440,0
2148,Egypt,Al Buhayrah,30.7915206,30.3465488,30,43034,-38463,17584
2149,Egypt,Al Buhayrah,30.7915206,30.3465488,50,6591,-4196,2844
2150,Egypt,Al Buhayrah,30.7915206,30.3465488,75,302,172,118
2151,Egypt,Al Fayyum,29.3074076,30.8399651,30,1,0,0
2152,Egypt,Al Fayyum,29.3074076,30.8399651,50,1,0,0
2153,Egypt,Al Fayyum,29.3074076,30.8399651,75,1,-1,0
2154,Egypt,Al Gharbiyah,30.8391947,31.0016072,30,19670,-19069,9049
2155,Egypt,Al Gharbiyah,30.8391947,31.0016072,50,320,-143,143
2156,Egypt,Al Gharbiyah,30.8391947,31.0016072,75,39,-9,8
2157,Egypt,Al Iskandariyah,30.9432983,29.765645,30,6243,-5541,2889
2158,Egypt,Al Iskandariyah,30.9432983,29.765645,50,1105,-746,515
2159,Egypt,Al Iskandariyah,30.9432983,29.765645,75,70,53,32
2160,Egypt,Al Isma`iliyah,30.5963288,32.3953274,30,27,-25,1
2161,Egypt,Al Isma`iliyah,30.5963288,32.3953274,50,27,-26,0
2162,Egypt,Al Isma`iliyah,30.5963288,32.3953274,75,27,-26,0
2163,Egypt,Al Jizah,29.9870753,31.2118063,30,146,250,253
2164,Egypt,Al Jizah,29.9870753,31.2118063,50,55,209,65
2165,Egypt,Al Jizah,29.9870753,31.2118063,75,28,16,8
2166,Egypt,Al Minufiyah,30.4370098,30.7466852,30,402,-336,371
2167,Egypt,Al Minufiyah,30.4370098,30.7466852,50,34,-27,50
2168,Egypt,Al Minufiyah,30.4370098,30.7466852,75,9,-5,8
2169,Egypt,Al Minya,28.2125404,30.9123741,30,3,24,7
2170,Egypt,Al Minya,28.2125404,30.9123741,50,1,16,1
2171,Egypt,Al Minya,28.2125404,30.9123741,75,0,0,0
2172,Egypt,Al Qahirah,30.0443879,31.2357257,30,4,105,9
2173,Egypt,Al Qahirah,30.0443879,31.2357257,50,2,80,4
2174,Egypt,Al Qahirah,30.0443879,31.2357257,75,1,27,1
2175,Egypt,Al Qalyubiyah,30.3336293,31.2213569,30,399,-235,574
2176,Egypt,Al Qalyubiyah,30.3336293,31.2213569,50,31,2,42
2177,Egypt,Al Qalyubiyah,30.3336293,31.2213569,75,9,-4,5
2178,Egypt,Al Uqsur,25.702096,32.647186,30,5,-3,9
2179,Egypt,Al Uqsur,25.702096,32.647186,50,1,-1,3
2180,Egypt,Al Uqsur,25.702096,32.647186,75,0,0,0
2181,Egypt,Al Wadi al Jadid,24.8766665,28.7341991,30,51,-51,0
2182,Egypt,Al Wadi al Jadid,24.8766665,28.7341991,50,51,-51,0
2183,Egypt,Al Wadi al Jadid,24.8766665,28.7341991,75,51,-51,0
2184,Egypt,As Suways,29.4165427,32.1490967,30,0,0,0
2185,Egypt,As Suways,29.4165427,32.1490967,50,0,0,0
2186,Egypt,As Suways,29.4165427,32.1490967,75,0,0,0
2187,Egypt,Ash Sharqiyah,30.6332775,31.7893739,30,827,155,1638
2188,Egypt,Ash Sharqiyah,30.6332775,31.7893739,50,68,519,154
2189,Egypt,Ash Sharqiyah,30.6332775,31.7893739,75,6,61,6
2190,Egypt,Aswan,24.091071,32.897306,30,2,15,3
2191,Egypt,Aswan,24.091071,32.897306,50,0,16,0
2192,Egypt,Aswan,24.091071,32.897306,75,0,0,0
2193,Egypt,Asyut,27.1832822,31.1853836,30,3,-3,6
2194,Egypt,Asyut,27.1832822,31.1853836,50,2,-2,4
2195,Egypt,Asyut,27.1832822,31.1853836,75,0,0,1
2196,Egypt,Bani Suwayf,28.8382688,30.8544768,30,3,25,6
2197,Egypt,Bani Suwayf,28.8382688,30.8544768,50,1,11,1
2198,Egypt,Bani Suwayf,28.8382688,30.8544768,75,1,-1,0
2199,Egypt,Bur Sa`id,31.1821275,32.372582,30,3471,-735,7818
2200,Egypt,Bur Sa`id,31.1821275,32.372582,50,1138,1286,2678
2201,Egypt,Bur Sa`id,31.1821275,32.372582,75,51,495,132
2202,Egypt,Dumyat,31.4113331,31.7557072,30,21174,-18422,11296
2203,Egypt,Dumyat,31.4113331,31.7557072,50,1382,-355,770
2204,Egypt,Dumyat,31.4113331,31.7557072,75,104,-7,28
2205,Egypt,Janub Sina',28.6449564,33.8711313,30,308,-308,0
2206,Egypt,Janub Sina',28.6449564,33.8711313,50,308,-308,0
2207,Egypt,Janub Sina',28.6449564,33.8711313,75,308,-308,0
2208,Egypt,Kafr ash Shaykh,31.3814765,30.8513566,30,123611,-117485,59005
2209,Egypt,Kafr ash Shaykh,31.3814765,30.8513566,50,7622,-4689,4502
2210,Egypt,Kafr ash Shaykh,31.3814765,30.8513566,75,339,552,210
2211,Egypt,Matrouh,29.7876385,27.427041,30,44,-42,0
2212,Egypt,Matrouh,29.7876385,27.427041,50,44,-42,0
2213,Egypt,Matrouh,29.7876385,27.427041,75,43,-42,0
2214,Egypt,Qina,26.2408267,32.9084243,30,117,-87,217
2215,Egypt,Qina,26.2408267,32.9084243,50,27,-3,43
2216,Egypt,Qina,26.2408267,32.9084243,75,2,-2,2
2217,Egypt,Shamal Sina',30.5042803,33.591006,30,0,0,0
2218,Egypt,Shamal Sina',30.5042803,33.591006,50,0,0,0
2219,Egypt,Shamal Sina',30.5042803,33.591006,75,0,0,0
2220,Egypt,Suhaj,26.7624628,32.0909936,30,8,8,15
2221,Egypt,Suhaj,26.7624628,32.0909936,50,2,0,3
2222,Egypt,Suhaj,26.7624628,32.0909936,75,0,0,0
2223,El Salvador,Ahuachapán,13.8634993,-89.9273861,30,335177,-251458,63161
2224,El Salvador,Ahuachapán,13.8634993,-89.9273861,50,291363,-211981,54932
2225,El Salvador,Ahuachapán,13.8634993,-89.9273861,75,211112,-147413,39673
2226,El Salvador,Cabañas,13.8832915,-88.7383096,30,274325,-183938,53507
2227,El Salvador,Cabañas,13.8832915,-88.7383096,50,189912,-109175,37750
2228,El Salvador,Cabañas,13.8832915,-88.7383096,75,63612,-25480,12528
2229,El Salvador,Chalatenango,14.1765311,-89.0932963,30,465101,-328916,96229
2230,El Salvador,Chalatenango,14.1765311,-89.0932963,50,334705,-212481,71287
2231,El Salvador,Chalatenango,14.1765311,-89.0932963,75,151575,-85939,32060
2232,El Salvador,Cuscatlán,13.8586903,-89.0632592,30,224958,-169233,40058
2233,El Salvador,Cuscatlán,13.8586903,-89.0632592,50,177078,-125397,31787
2234,El Salvador,Cuscatlán,13.8586903,-89.0632592,75,92518,-57659,16644
2235,El Salvador,La Libertad,13.7449622,-89.3610819,30,485522,-375932,88143
2236,El Salvador,La Libertad,13.7449622,-89.3610819,50,407003,-303688,74164
2237,El Salvador,La Libertad,13.7449622,-89.3610819,75,279256,-206674,50605
2238,El Salvador,La Libertad,13.7449622,-89.3610819,30,866139,-778713,227422
2239,El Salvador,La Libertad,13.7449622,-89.3610819,50,634587,-554254,170170
2240,El Salvador,La Libertad,13.7449622,-89.3610819,75,365680,-303443,101058
2241,El Salvador,La Paz,13.4669767,-88.9850622,30,15274899,-6915372,7137111
2242,El Salvador,La Paz,13.4669767,-88.9850622,50,14371322,-6094615,6941324
2243,El Salvador,La Paz,13.4669767,-88.9850622,75,12941534,-4944507,6601001
2244,El Salvador,La Paz,13.4669767,-88.9850622,30,227180,-174571,44016
2245,El Salvador,La Paz,13.4669767,-88.9850622,50,203300,-153892,38640
2246,El Salvador,La Paz,13.4669767,-88.9850622,75,142991,-111888,23701
2247,El Salvador,La Paz,13.4669767,-88.9850622,30,848015,-604479,153083
2248,El Salvador,La Paz,13.4669767,-88.9850622,50,672569,-446720,121319
2249,El Salvador,La Paz,13.4669767,-88.9850622,75,427953,-248502,78144
2250,El Salvador,La Unión,13.5326319,-87.902582,30,343328,-208264,83617
2251,El Salvador,La Unión,13.5326319,-87.902582,50,269294,-151001,65365
2252,El Salvador,La Unión,13.5326319,-87.902582,75,147522,-74827,35548
2253,El Salvador,Morazán,13.7726176,-88.0951973,30,400092,-299359,74695
2254,El Salvador,Morazán,13.7726176,-88.0951973,50,317290,-228351,59161
2255,El Salvador,Morazán,13.7726176,-88.0951973,75,146316,-92185,27338
2256,El Salvador,San Miguel,13.4803899,-88.17722,30,410623,-254588,94838
2257,El Salvador,San Miguel,13.4803899,-88.17722,50,330375,-190366,76499
2258,El Salvador,San Miguel,13.4803899,-88.17722,75,186752,-84940,43649
2259,El Salvador,San Salvador,13.697629,-89.191156,30,222240,-172743,39105
2260,El Salvador,San Salvador,13.697629,-89.191156,50,183293,-136787,32234
2261,El Salvador,San Salvador,13.697629,-89.191156,75,118033,-84269,20362
2262,El Salvador,San Vicente,13.5274936,-88.7396986,30,211956,-90037,49843
2263,El Salvador,San Vicente,13.5274936,-88.7396986,50,164169,-51566,39424
2264,El Salvador,San Vicente,13.5274936,-88.7396986,75,73894,-5461,17596
2265,El Salvador,Santa Ana,13.9721087,-89.5605303,30,492011,-288794,97954
2266,El Salvador,Santa Ana,13.9721087,-89.5605303,50,386012,-193721,76104
2267,El Salvador,Santa Ana,13.9721087,-89.5605303,75,260632,-104278,50085
2268,El Salvador,Sonsonate,13.7115105,-89.6605842,30,386593,-281999,61555
2269,El Salvador,Sonsonate,13.7115105,-89.6605842,50,328530,-227955,51613
2270,El Salvador,Sonsonate,13.7115105,-89.6605842,75,219091,-137826,32593
2271,El Salvador,Usulután,13.4324703,-88.5398358,30,463860,-257850,102099
2272,El Salvador,Usulután,13.4324703,-88.5398358,50,424637,-226994,92763
2273,El Salvador,Usulután,13.4324703,-88.5398358,75,328395,-154358,68398
2274,Equatorial Guinea,Annobón,-1.434384,5.6374236,30,0,0,0
2275,Equatorial Guinea,Annobón,-1.434384,5.6374236,50,0,0,0
2276,Equatorial Guinea,Annobón,-1.434384,5.6374236,75,0,0,0
2277,Equatorial Guinea,Bioko Norte,3.6484594,8.7851155,30,185730,-65022,56504
2278,Equatorial Guinea,Bioko Norte,3.6484594,8.7851155,50,179551,-59899,55301
2279,Equatorial Guinea,Bioko Norte,3.6484594,8.7851155,75,122233,-29651,41133
2280,Equatorial Guinea,Bioko Sur,3.4245254,8.6646092,30,553894,-475549,125722
2281,Equatorial Guinea,Bioko Sur,3.4245254,8.6646092,50,513939,-438216,118439
2282,Equatorial Guinea,Bioko Sur,3.4245254,8.6646092,75,236643,-190180,60268
2283,Equatorial Guinea,Centro Sur,1.3969966,10.4538528,30,2661911,-1511458,839217
2284,Equatorial Guinea,Centro Sur,1.3969966,10.4538528,50,2652094,-1506557,837887
2285,Equatorial Guinea,Centro Sur,1.3969966,10.4538528,75,2585958,-1498419,824443
2286,Equatorial Guinea,Kié-Ntem,2.0579266,10.9855916,30,1319566,-355098,343448
2287,Equatorial Guinea,Kié-Ntem,2.0579266,10.9855916,50,1285769,-347777,339492
2288,Equatorial Guinea,Kié-Ntem,2.0579266,10.9855916,75,1018785,-321981,293102
2289,Equatorial Guinea,Litoral,1.6026374,9.841569,30,2423991,-1442964,701858
2290,Equatorial Guinea,Litoral,1.6026374,9.841569,50,2386620,-1421070,696311
2291,Equatorial Guinea,Litoral,1.6026374,9.841569,75,2226197,-1404258,661881
2292,Equatorial Guinea,Wele-Nzas,1.4648719,11.131676,30,1955663,-1017007,587851
2293,Equatorial Guinea,Wele-Nzas,1.4648719,11.131676,50,1941318,-1010770,585957
2294,Equatorial Guinea,Wele-Nzas,1.4648719,11.131676,75,1825263,-1011700,566797
2295,Eritrea,Anseba,16.5000101,37.5000048,30,1498,-1497,0
2296,Eritrea,Anseba,16.5000101,37.5000048,50,1498,-1497,0
2297,Eritrea,Anseba,16.5000101,37.5000048,75,1498,-1497,0
2298,Eritrea,Debub,14.9099667,38.8150692,30,4257,-4257,0
2299,Eritrea,Debub,14.9099667,38.8150692,50,4257,-4256,0
2300,Eritrea,Debub,14.9099667,38.8150692,75,4257,-4256,0
2301,Eritrea,Debubawi Keyih Bahri,13.75,41.5,30,6642,-6609,0
2302,Eritrea,Debubawi Keyih Bahri,13.75,41.5,50,6642,-6609,0
2303,Eritrea,Debubawi Keyih Bahri,13.75,41.5,75,6642,-6609,0
2304,Eritrea,Gash Barka,15.25,37.5,30,15939,-15855,3
2305,Eritrea,Gash Barka,15.25,37.5,50,15939,-15857,2
2306,Eritrea,Gash Barka,15.25,37.5,75,15939,-15873,2
2307,Eritrea,Maekel,15.333333,38.916667,30,1000,-998,0
2308,Eritrea,Maekel,15.333333,38.916667,50,998,-996,0
2309,Eritrea,Maekel,15.333333,38.916667,75,998,-996,0
2310,Eritrea,Semenawi Keyih Bahri,16.0,39.0,30,15749,-15725,2
2311,Eritrea,Semenawi Keyih Bahri,16.0,39.0,50,15743,-15719,0
2312,Eritrea,Semenawi Keyih Bahri,16.0,39.0,75,15743,-15719,0
2313,Estonia,Harju,58.7442954,22.6276191,30,1841762,-1160445,282983
2314,Estonia,Harju,58.7442954,22.6276191,50,1725136,-1050513,264480
2315,Estonia,Harju,58.7442954,22.6276191,75,1390588,-753830,214336
2316,Estonia,Hiiu,59.3830236,24.6703848,30,488740,-288894,78081
2317,Estonia,Hiiu,59.3830236,24.6703848,50,466768,-268786,74108
2318,Estonia,Hiiu,59.3830236,24.6703848,75,384732,-200273,61017
2319,Estonia,Ida-Viru,59.171337,27.3079166,30,1438097,-670026,224097
2320,Estonia,Ida-Viru,59.171337,27.3079166,50,1332345,-569980,207537
2321,Estonia,Ida-Viru,59.171337,27.3079166,75,1075033,-356380,168081
2322,Estonia,Järva,58.4133357,24.647735,30,871740,-422227,145085
2323,Estonia,Järva,58.4133357,24.647735,50,823037,-375518,137457
2324,Estonia,Järva,58.4133357,24.647735,75,647418,-228708,109423
2325,Estonia,Jõgeva,58.7634819,26.399928,30,841870,-328739,147505
2326,Estonia,Jõgeva,58.7634819,26.399928,50,800591,-289066,140112
2327,Estonia,Jõgeva,58.7634819,26.399928,75,649692,-166394,113721
2328,Estonia,Lääne,58.674124,25.8106102,30,921782,-640287,150578
2329,Estonia,Lääne,58.674124,25.8106102,50,838179,-559251,137574
2330,Estonia,Lääne,58.674124,25.8106102,75,641975,-382959,105810
2331,Estonia,Lääne-Viru,59.4075666,26.309987,30,1158232,-495337,198764
2332,Estonia,Lääne-Viru,59.4075666,26.309987,50,1110422,-450232,190228
2333,Estonia,Lääne-Viru,59.4075666,26.309987,75,929283,-305231,159475
2334,Estonia,Peipsi,58.5183616,27.2378864,30,17759,-16961,3200
2335,Estonia,Peipsi,58.5183616,27.2378864,50,14951,-14170,2566
2336,Estonia,Peipsi,58.5183616,27.2378864,75,9187,-8650,1425
2337,Estonia,Pärnu,58.3870833,24.502831,30,1894276,-1043200,301262
2338,Estonia,Pärnu,58.3870833,24.502831,50,1745380,-902710,276965
2339,Estonia,Pärnu,58.3870833,24.502831,75,1381752,-598114,219027
2340,Estonia,Põlva,58.0536163,27.0582568,30,782642,-267212,121634
2341,Estonia,Põlva,58.0536163,27.0582568,50,719960,-209846,111276
2342,Estonia,Põlva,58.0536163,27.0582568,75,533436,-74449,81842
2343,Estonia,Rapla,59.0056905,24.794397,30,1196853,-575906,187897
2344,Estonia,Rapla,59.0056905,24.794397,50,1120355,-502085,176143
2345,Estonia,Rapla,59.0056905,24.794397,75,916768,-326037,144914
2346,Estonia,Saare,59.0075346,23.5956682,30,1369615,-935925,194915
2347,Estonia,Saare,59.0075346,23.5956682,50,1285769,-857699,181417
2348,Estonia,Saare,59.0075346,23.5956682,75,971701,-590714,136713
2349,Estonia,Tartu,58.3779528,26.7290023,30,874190,-445825,146184
2350,Estonia,Tartu,58.3779528,26.7290023,50,806335,-381253,133643
2351,Estonia,Tartu,58.3779528,26.7290023,75,631953,-234134,102567
2352,Estonia,Valga,57.777034,26.0315628,30,749084,-296301,125101
2353,Estonia,Valga,57.777034,26.0315628,50,715916,-265633,119228
2354,Estonia,Valga,57.777034,26.0315628,75,565577,-148960,94412
2355,Estonia,Viljandi,58.36454,25.5878074,30,1154068,-570464,195411
2356,Estonia,Viljandi,58.36454,25.5878074,50,1086175,-505705,184258
2357,Estonia,Viljandi,58.36454,25.5878074,75,847787,-317271,143255
2358,Estonia,Võru,,,30,828308,-293234,136722
2359,Estonia,Võru,,,50,780854,-250082,128472
2360,Estonia,Võru,,,75,616299,-132131,100952
2361,Ethiopia,Addis Abeba,9.0358287,38.7524127,30,9761,1283,747
2362,Ethiopia,Addis Abeba,9.0358287,38.7524127,50,7574,-113,301
2363,Ethiopia,Addis Abeba,9.0358287,38.7524127,75,6539,-1835,47
2364,Ethiopia,Afar,11.7108206,41.0330866,30,8233,-7849,427
2365,Ethiopia,Afar,11.7108206,41.0330866,50,7255,-6970,5
2366,Ethiopia,Afar,11.7108206,41.0330866,75,7252,-6970,3
2367,Ethiopia,Amhara,11.5,38.5,30,1314547,-1007505,122285
2368,Ethiopia,Amhara,11.5,38.5,50,826034,-566871,7119
2369,Ethiopia,Amhara,11.5,38.5,75,784320,-538905,336
2370,Ethiopia,Benshangul-Gumaz,10.3778251,35.5084442,30,7925011,-6765465,2087814
2371,Ethiopia,Benshangul-Gumaz,10.3778251,35.5084442,50,964338,-722681,186028
2372,Ethiopia,Benshangul-Gumaz,10.3778251,35.5084442,75,296498,-241343,985
2373,Ethiopia,Dire Dawa,9.591323,41.8566341,30,1386,-1385,2
2374,Ethiopia,Dire Dawa,9.591323,41.8566341,50,1377,-1376,0
2375,Ethiopia,Dire Dawa,9.591323,41.8566341,75,1377,-1376,0
2376,Ethiopia,Gambela Peoples,,,30,3028398,-2465094,1207197
2377,Ethiopia,Gambela Peoples,,,50,1846257,-1367215,777372
2378,Ethiopia,Gambela Peoples,,,75,670950,-391995,232966
2379,Ethiopia,Harari People,9.3128887,42.1071088,30,1338,-1331,1
2380,Ethiopia,Harari People,9.3128887,42.1071088,50,1335,-1332,0
2381,Ethiopia,Harari People,9.3128887,42.1071088,75,1335,-1333,0
2382,Ethiopia,Oromia,7.6721644,40.0299727,30,18279552,-12572306,5289667
2383,Ethiopia,Oromia,7.6721644,40.0299727,50,7768300,-3632123,2613240
2384,Ethiopia,Oromia,7.6721644,40.0299727,75,2587747,-4684,1024586
2385,Ethiopia,Somali,7.2629844,43.5360531,30,11523,-9500,712
2386,Ethiopia,Somali,7.2629844,43.5360531,50,10252,-9478,76
2387,Ethiopia,Somali,7.2629844,43.5360531,75,10173,-10044,3
2388,Ethiopia,"Southern Nations, Nationalities",,,30,11292622,-8075485,3326715
2389,Ethiopia,"Southern Nations, Nationalities",,,50,5824627,-3223550,1839901
2390,Ethiopia,"Southern Nations, Nationalities",,,75,2174658,-590733,780709
2391,Ethiopia,Tigray,13.881273,39.127495,30,120842,-113445,4772
2392,Ethiopia,Tigray,13.881273,39.127495,50,99186,-93259,1679
2393,Ethiopia,Tigray,13.881273,39.127495,75,89535,-85540,224
2394,Faroe Islands,Eysturoyar,62.1988704,-6.8178451,30,0,0,0
2395,Faroe Islands,Eysturoyar,62.1988704,-6.8178451,50,0,0,0
2396,Faroe Islands,Eysturoyar,62.1988704,-6.8178451,75,0,0,0
2397,Faroe Islands,Norderørne,,,30,0,0,0
2398,Faroe Islands,Norderørne,,,50,0,0,0
2399,Faroe Islands,Norderørne,,,75,0,0,0
2400,Faroe Islands,Sandoyar,61.8333877,-6.7239899,30,0,0,0
2401,Faroe Islands,Sandoyar,61.8333877,-6.7239899,50,0,0,0
2402,Faroe Islands,Sandoyar,61.8333877,-6.7239899,75,0,0,0
2403,Faroe Islands,Streymoyar,62.1237192,-7.0158828,30,0,0,0
2404,Faroe Islands,Streymoyar,62.1237192,-7.0158828,50,0,0,0
2405,Faroe Islands,Streymoyar,62.1237192,-7.0158828,75,0,0,0
2406,Faroe Islands,Suðuroyar,61.5210652,-6.8141866,30,0,0,0
2407,Faroe Islands,Suðuroyar,61.5210652,-6.8141866,50,0,0,0
2408,Faroe Islands,Suðuroyar,61.5210652,-6.8141866,75,0,0,0
2409,Faroe Islands,Vågø,62.0898985,-7.2345841,30,0,0,0
2410,Faroe Islands,Vågø,62.0898985,-7.2345841,50,0,0,0
2411,Faroe Islands,Vågø,62.0898985,-7.2345841,75,0,0,0
2412,Fiji,Central,-17.9338436,178.412103,30,18805,-17663,4184
2413,Fiji,Central,-17.9338436,178.412103,50,4010,-3501,141
2414,Fiji,Central,-17.9338436,178.412103,75,3610,-3524,5
2415,Fiji,Central,-17.9338436,178.412103,30,1685610,-1564217,420186
2416,Fiji,Central,-17.9338436,178.412103,50,1584548,-1465693,402314
2417,Fiji,Central,-17.9338436,178.412103,75,1445104,-1331983,376003
2418,Fiji,Central,-17.9338436,178.412103,30,5231700,-167875,750595
2419,Fiji,Central,-17.9338436,178.412103,50,3357357,182991,465307
2420,Fiji,Central,-17.9338436,178.412103,75,472347,62146,18025
2421,Fiji,Central,-17.9338436,178.412103,30,4192611,-3765965,1160588
2422,Fiji,Central,-17.9338436,178.412103,50,3481695,-3123775,987702
2423,Fiji,Central,-17.9338436,178.412103,75,1327181,-1135990,448751
2424,Fiji,Central,-17.9338436,178.412103,30,5228223,-3252554,2663684
2425,Fiji,Central,-17.9338436,178.412103,50,5025644,-3058486,2605597
2426,Fiji,Central,-17.9338436,178.412103,75,4594461,-2679008,2475829
2427,Fiji,Central,-17.9338436,178.412103,30,475523,-387323,65704
2428,Fiji,Central,-17.9338436,178.412103,50,308279,-232094,43880
2429,Fiji,Central,-17.9338436,178.412103,75,156982,-105925,21650
2430,Fiji,Central,-17.9338436,178.412103,30,264593,-171759,60108
2431,Fiji,Central,-17.9338436,178.412103,50,260254,-167703,59328
2432,Fiji,Central,-17.9338436,178.412103,75,247011,-156760,56855
2433,Fiji,Central,-17.9338436,178.412103,30,5540593,-900420,2086299
2434,Fiji,Central,-17.9338436,178.412103,50,849445,-208603,169780
2435,Fiji,Central,-17.9338436,178.412103,75,452214,-274285,453
2436,Fiji,Eastern,-18.970617,-179.0584415,30,502730,-434329,95132
2437,Fiji,Eastern,-18.970617,-179.0584415,50,481493,-414275,91269
2438,Fiji,Eastern,-18.970617,-179.0584415,75,429907,-370325,81525
2439,Fiji,Eastern,-18.970617,-179.0584415,30,8697015,-2359920,974459
2440,Fiji,Eastern,-18.970617,-179.0584415,50,4656505,-998463,537965
2441,Fiji,Eastern,-18.970617,-179.0584415,75,601602,-119994,28736
2442,Fiji,Eastern,-18.970617,-179.0584415,30,5956381,5616691,1457229
2443,Fiji,Eastern,-18.970617,-179.0584415,50,5339928,5733721,1280878
2444,Fiji,Eastern,-18.970617,-179.0584415,75,600492,908936,166813
2445,Fiji,Eastern,-18.970617,-179.0584415,30,3139198,-2149401,882747
2446,Fiji,Eastern,-18.970617,-179.0584415,50,179468,-90195,33154
2447,Fiji,Eastern,-18.970617,-179.0584415,75,71683,-55363,147
2448,Fiji,Northern,-16.4038897,179.04897,30,2880987,-2403151,540047
2449,Fiji,Northern,-16.4038897,179.04897,50,2630046,-2177470,495215
2450,Fiji,Northern,-16.4038897,179.04897,75,2378032,-1962428,446362
2451,Fiji,Northern,-16.4038897,179.04897,30,32471,-27639,407
2452,Fiji,Northern,-16.4038897,179.04897,50,32223,-30825,53
2453,Fiji,Northern,-16.4038897,179.04897,75,32191,-31269,3
2454,Fiji,Northern,-16.4038897,179.04897,30,11021657,2876332,2434926
2455,Fiji,Northern,-16.4038897,179.04897,50,5200724,2981469,1014675
2456,Fiji,Northern,-16.4038897,179.04897,75,1373152,-461750,41492
2457,Fiji,Northern,-16.4038897,179.04897,30,0,0,0
2458,Fiji,Northern,-16.4038897,179.04897,50,0,0,0
2459,Fiji,Northern,-16.4038897,179.04897,75,0,0,0
2460,Fiji,Northern,-16.4038897,179.04897,30,6910550,-2911191,3283320
2461,Fiji,Northern,-16.4038897,179.04897,50,1844192,-764932,711402
2462,Fiji,Northern,-16.4038897,179.04897,75,514879,-224588,2161
2463,Fiji,Rotuma,-12.4994758,177.0394456,30,0,0,0
2464,Fiji,Rotuma,-12.4994758,177.0394456,50,0,0,0
2465,Fiji,Rotuma,-12.4994758,177.0394456,75,0,0,0
2466,Fiji,Western,-17.7493989,177.4529413,30,2617653,-2077173,501198
2467,Fiji,Western,-17.7493989,177.4529413,50,2080585,-1564748,406548
2468,Fiji,Western,-17.7493989,177.4529413,75,1568208,-1112230,311813
2469,Fiji,Western,-17.7493989,177.4529413,30,30331,-21815,3467
2470,Fiji,Western,-17.7493989,177.4529413,50,14194,-12335,31
2471,Fiji,Western,-17.7493989,177.4529413,75,14109,-12470,0
2472,Fiji,Western,-17.7493989,177.4529413,30,8785039,1527388,1348816
2473,Fiji,Western,-17.7493989,177.4529413,50,6572249,1821303,1098324
2474,Fiji,Western,-17.7493989,177.4529413,75,694592,132253,55512
2475,Fiji,Western,-17.7493989,177.4529413,30,20855279,-14863335,9020252
2476,Fiji,Western,-17.7493989,177.4529413,50,19546014,-13615921,8622088
2477,Fiji,Western,-17.7493989,177.4529413,75,16350393,-10846500,7727790
2478,Fiji,Western,-17.7493989,177.4529413,30,418368,-212555,45098
2479,Fiji,Western,-17.7493989,177.4529413,50,289968,-166769,26566
2480,Fiji,Western,-17.7493989,177.4529413,75,155911,-136617,3421
2481,Fiji,Western,-17.7493989,177.4529413,30,1466077,790529,543913
2482,Fiji,Western,-17.7493989,177.4529413,50,1460326,794801,542680
2483,Fiji,Western,-17.7493989,177.4529413,75,1433461,811381,536831
2484,Fiji,Western,-17.7493989,177.4529413,30,3279095,-924793,1425671
2485,Fiji,Western,-17.7493989,177.4529413,50,1225904,-322937,443998
2486,Fiji,Western,-17.7493989,177.4529413,75,402116,-334002,1577
2487,Finland,Eastern Finland,62.593548,28.9513532,30,15526111,-3143646,4374432
2488,Finland,Eastern Finland,62.593548,28.9513532,50,14752118,-2460098,4139835
2489,Finland,Eastern Finland,62.593548,28.9513532,75,11027165,70264,3121329
2490,Finland,Lapland,67.6922371,26.728139,30,19432214,-15767517,5264324
2491,Finland,Lapland,67.6922371,26.728139,50,12660913,-9298384,3426667
2492,Finland,Lapland,67.6922371,26.728139,75,3190997,-1475976,811482
2493,Finland,Oulu,65.0117869,25.4701983,30,15162755,-8157314,4388372
2494,Finland,Oulu,65.0117869,25.4701983,50,13085016,-6274106,3764788
2495,Finland,Oulu,65.0117869,25.4701983,75,5460737,-912940,1614657
2496,Finland,Southern Finland,60.7373759,25.8143982,30,5469158,-257557,1487533
2497,Finland,Southern Finland,60.7373759,25.8143982,50,5057592,110330,1372930
2498,Finland,Southern Finland,60.7373759,25.8143982,75,3773170,998911,1043024
2499,Finland,Western Finland,61.9354426,23.5791332,30,22249253,-5880827,6112989
2500,Finland,Western Finland,61.9354426,23.5791332,50,20468854,-4292483,5603923
2501,Finland,Western Finland,61.9354426,23.5791332,75,13875999,282428,3835439
2502,France,Auvergne-Rhône-Alpes,45.2968119,4.6604809,30,18583240,-14659792,2713106
2503,France,Auvergne-Rhône-Alpes,45.2968119,4.6604809,50,17225184,-13361344,2501365
2504,France,Auvergne-Rhône-Alpes,45.2968119,4.6604809,75,13862519,-10337447,2005388
2505,France,Bourgogne-Franche-Comté,47.118711,4.9691044,30,14599259,-11322122,1787530
2506,France,Bourgogne-Franche-Comté,47.118711,4.9691044,50,14037505,-10780574,1718071
2507,France,Bourgogne-Franche-Comté,47.118711,4.9691044,75,10916063,-7922899,1340747
2508,France,Bretagne,48.2640845,-2.9202408,30,4257327,-3454157,502681
2509,France,Bretagne,48.2640845,-2.9202408,50,3778878,-2991318,444125
2510,France,Bretagne,48.2640845,-2.9202408,75,2362212,-1696355,272059
2511,France,Centre-Val de Loire,47.5490251,1.7324062,30,8334825,-6832508,967071
2512,France,Centre-Val de Loire,47.5490251,1.7324062,50,7850773,-6367817,907951
2513,France,Centre-Val de Loire,47.5490251,1.7324062,75,5897023,-4596572,675807
2514,France,Corse,42.188098,9.0683139,30,3265803,-2921615,535397
2515,France,Corse,42.188098,9.0683139,50,2812377,-2502874,459747
2516,France,Corse,42.188098,9.0683139,75,2332533,-2086451,376504
2517,France,Grand Est,48.4845157,6.113035,30,16108853,-13126856,1937902
2518,France,Grand Est,48.4845157,6.113035,50,15428441,-12477940,1851749
2519,France,Grand Est,48.4845157,6.113035,75,11670992,-9062661,1400475
2520,France,Hauts-de-France,50.1024606,2.7247515,30,4032597,-3239964,485679
2521,France,Hauts-de-France,50.1024606,2.7247515,50,3739479,-2954450,448385
2522,France,Hauts-de-France,50.1024606,2.7247515,75,2674178,-1990518,314608
2523,France,Normandie,49.0677708,0.3138532,30,4220004,-3595754,488151
2524,France,Normandie,49.0677708,0.3138532,50,3922267,-3303179,451896
2525,France,Normandie,49.0677708,0.3138532,75,2890881,-2326013,324734
2526,France,Nouvelle-Aquitaine,45.4039367,0.3756199,30,24223745,-11342331,2992874
2527,France,Nouvelle-Aquitaine,45.4039367,0.3756199,50,22080819,-9592832,2721535
2528,France,Nouvelle-Aquitaine,45.4039367,0.3756199,75,16812867,-6378077,2045530
2529,France,Occitanie,43.6487851,2.3435684,30,18494567,-15773190,2489034
2530,France,Occitanie,43.6487851,2.3435684,50,16445213,-13861378,2197730
2531,France,Occitanie,43.6487851,2.3435684,75,12997059,-10789810,1724303
2532,France,Pays de la Loire,47.6594864,-0.8186143,30,3930391,-3205711,451941
2533,France,Pays de la Loire,47.6594864,-0.8186143,50,3555423,-2837514,405506
2534,France,Pays de la Loire,47.6594864,-0.8186143,75,2682409,-2024445,294872
2535,France,Provence-Alpes-Côte d'Azur,44.0580563,6.0638506,30,8637785,-7364881,1131068
2536,France,Provence-Alpes-Côte d'Azur,44.0580563,6.0638506,50,6753582,-5638482,882703
2537,France,Provence-Alpes-Côte d'Azur,44.0580563,6.0638506,75,4535695,-3759113,587185
2538,France,Île-de-France,48.6443057,2.7537863,30,2627904,-2388225,300584
2539,France,Île-de-France,48.6443057,2.7537863,50,2452112,-2216810,279652
2540,France,Île-de-France,48.6443057,2.7537863,75,1823758,-1621835,206319
2541,French Guiana,Cayenne,4.9371544,-52.3258736,30,10512890,-9181468,4130960
2542,French Guiana,Cayenne,4.9371544,-52.3258736,50,10479151,-9153619,4123798
2543,French Guiana,Cayenne,4.9371544,-52.3258736,75,10415509,-9104071,4108956
2544,French Guiana,Saint-Laurent-du-Maroni,3.9439622,-53.7357694,30,8843265,-7292249,4031792
2545,French Guiana,Saint-Laurent-du-Maroni,3.9439622,-53.7357694,50,8832280,-7284465,4029586
2546,French Guiana,Saint-Laurent-du-Maroni,3.9439622,-53.7357694,75,8806709,-7267933,4022882
2547,Gabon,Estuaire,0.4302639,9.4655189,30,8113941,-6495703,1920474
2548,Gabon,Estuaire,0.4302639,9.4655189,50,8015181,-6422661,1898805
2549,Gabon,Estuaire,0.4302639,9.4655189,75,7612714,-6257357,1797437
2550,Gabon,Haut-Ogooué,-1.231544,13.8309713,30,9156205,-6735663,2567014
2551,Gabon,Haut-Ogooué,-1.231544,13.8309713,50,8043604,-5702348,2419722
2552,Gabon,Haut-Ogooué,-1.231544,13.8309713,75,6521973,-4557281,2186063
2553,Gabon,Moyen-Ogooué,-0.5003495,10.4991063,30,5350488,-4225316,1688544
2554,Gabon,Moyen-Ogooué,-0.5003495,10.4991063,50,5279055,-4171486,1676684
2555,Gabon,Moyen-Ogooué,-0.5003495,10.4991063,75,4769135,-3871553,1586362
2556,Gabon,Ngounié,-1.5910727,10.978503,30,11335646,-8702453,3658147
2557,Gabon,Ngounié,-1.5910727,10.978503,50,10836221,-8285156,3590875
2558,Gabon,Ngounié,-1.5910727,10.978503,75,10260704,-7952172,3493307
2559,Gabon,Nyanga,-3.0080415,10.9964746,30,7445287,-6338494,1915976
2560,Gabon,Nyanga,-3.0080415,10.9964746,50,5846457,-4827275,1701827
2561,Gabon,Nyanga,-3.0080415,10.9964746,75,4905119,-4147682,1550813
2562,Gabon,Ogooué-Ivindo,0.60082,12.6887911,30,12228417,-10845374,4299652
2563,Gabon,Ogooué-Ivindo,0.60082,12.6887911,50,12103143,-10744167,4277170
2564,Gabon,Ogooué-Ivindo,0.60082,12.6887911,75,11637615,-10396851,4152772
2565,Gabon,Ogooué-Lolo,-1.0002904,12.4952424,30,8240506,-6866995,2891779
2566,Gabon,Ogooué-Lolo,-1.0002904,12.4952424,50,8192636,-6832351,2885119
2567,Gabon,Ogooué-Lolo,-1.0002904,12.4952424,75,8081983,-6784775,2866338
2568,Gabon,Ogooué-Maritime,-1.4958157,9.5060896,30,7207165,-6450226,2006855
2569,Gabon,Ogooué-Maritime,-1.4958157,9.5060896,50,6991032,-6252391,1973977
2570,Gabon,Ogooué-Maritime,-1.4958157,9.5060896,75,6222132,-5577302,1822580
2571,Gabon,Wouleu-Ntem,,,30,11047065,-8877025,3742512
2572,Gabon,Wouleu-Ntem,,,50,10998109,-8853405,3734204
2573,Gabon,Wouleu-Ntem,,,75,10541795,-8609410,3614614
2574,Gambia,Banjul,13.4410165,-16.5627509,30,512,-504,221
2575,Gambia,Banjul,13.4410165,-16.5627509,50,60,-52,1
2576,Gambia,Banjul,13.4410165,-16.5627509,75,58,-52,0
2577,Gambia,Lower River,13.3978304,-15.7263312,30,7166,-6633,39
2578,Gambia,Lower River,13.3978304,-15.7263312,50,7089,-6556,0
2579,Gambia,Lower River,13.3978304,-15.7263312,75,7089,-6556,0
2580,Gambia,Maccarthy Island,13.5400123,-14.7748191,30,19225,-18673,4
2581,Gambia,Maccarthy Island,13.5400123,-14.7748191,50,19222,-18687,3
2582,Gambia,Maccarthy Island,13.5400123,-14.7748191,75,19220,-18694,0
2583,Gambia,North Bank,13.4731283,-16.1334361,30,13425,-12139,831
2584,Gambia,North Bank,13.4731283,-16.1334361,50,11788,-11065,3
2585,Gambia,North Bank,13.4731283,-16.1334361,75,11786,-11110,0
2586,Gambia,Upper River,13.4049977,-14.1495576,30,5721,-5465,0
2587,Gambia,Upper River,13.4049977,-14.1495576,50,5721,-5465,0
2588,Gambia,Upper River,13.4049977,-14.1495576,75,5721,-5465,0
2589,Gambia,Western,13.258513,-16.4999051,30,2617653,-2077173,501198
2590,Gambia,Western,13.258513,-16.4999051,50,2080585,-1564748,406548
2591,Gambia,Western,13.258513,-16.4999051,75,1568208,-1112230,311813
2592,Gambia,Western,13.258513,-16.4999051,30,30331,-21815,3467
2593,Gambia,Western,13.258513,-16.4999051,50,14194,-12335,31
2594,Gambia,Western,13.258513,-16.4999051,75,14109,-12470,0
2595,Gambia,Western,13.258513,-16.4999051,30,8785039,1527388,1348816
2596,Gambia,Western,13.258513,-16.4999051,50,6572249,1821303,1098324
2597,Gambia,Western,13.258513,-16.4999051,75,694592,132253,55512
2598,Gambia,Western,13.258513,-16.4999051,30,20855279,-14863335,9020252
2599,Gambia,Western,13.258513,-16.4999051,50,19546014,-13615921,8622088
2600,Gambia,Western,13.258513,-16.4999051,75,16350393,-10846500,7727790
2601,Gambia,Western,13.258513,-16.4999051,30,418368,-212555,45098
2602,Gambia,Western,13.258513,-16.4999051,50,289968,-166769,26566
2603,Gambia,Western,13.258513,-16.4999051,75,155911,-136617,3421
2604,Gambia,Western,13.258513,-16.4999051,30,1466077,790529,543913
2605,Gambia,Western,13.258513,-16.4999051,50,1460326,794801,542680
2606,Gambia,Western,13.258513,-16.4999051,75,1433461,811381,536831
2607,Gambia,Western,13.258513,-16.4999051,30,3279095,-924793,1425671
2608,Gambia,Western,13.258513,-16.4999051,50,1225904,-322937,443998
2609,Gambia,Western,13.258513,-16.4999051,75,402116,-334002,1577
2610,Georgia,Abkhazia,43.1500226,41.2299786,30,2189209,-2169116,584978
2611,Georgia,Abkhazia,43.1500226,41.2299786,50,2125967,-2106377,561999
2612,Georgia,Abkhazia,43.1500226,41.2299786,75,1933755,-1916339,497220
2613,Georgia,Ajaria,41.6377912,41.6153607,30,261058,-252351,197084
2614,Georgia,Ajaria,41.6377912,41.6153607,50,244141,-235538,186064
2615,Georgia,Ajaria,41.6377912,41.6153607,75,199069,-191353,154696
2616,Georgia,Guria,41.9762527,42.1266073,30,205487,-199646,113819
2617,Georgia,Guria,41.9762527,42.1266073,50,186908,-181172,104269
2618,Georgia,Guria,41.9762527,42.1266073,75,143209,-138113,80453
2619,Georgia,Imereti,42.18756,42.9521554,30,888880,-870052,352065
2620,Georgia,Imereti,42.18756,42.9521554,50,833638,-815383,330053
2621,Georgia,Imereti,42.18756,42.9521554,75,709328,-693607,280465
2622,Georgia,Kakheti,41.8144317,45.7174977,30,1707959,-1687905,369514
2623,Georgia,Kakheti,41.8144317,45.7174977,50,1608288,-1588719,347241
2624,Georgia,Kakheti,41.8144317,45.7174977,75,1453832,-1435797,312623
2625,Georgia,Kvemo Kartli,41.5124578,44.5495369,30,367210,-354522,142782
2626,Georgia,Kvemo Kartli,41.5124578,44.5495369,50,339888,-327638,132630
2627,Georgia,Kvemo Kartli,41.5124578,44.5495369,75,268380,-258007,104692
2628,Georgia,Mtskheta-Mtianeti,42.2266944,44.7157824,30,1381017,-1371916,304755
2629,Georgia,Mtskheta-Mtianeti,42.2266944,44.7157824,50,1291727,-1283001,284962
2630,Georgia,Mtskheta-Mtianeti,42.2266944,44.7157824,75,1087142,-1079985,239727
2631,Georgia,Racha-Lechkhumi-Kvemo Svaneti,42.5763513,43.4335753,30,1554859,-1544921,333598
2632,Georgia,Racha-Lechkhumi-Kvemo Svaneti,42.5763513,43.4335753,50,1497752,-1488059,320807
2633,Georgia,Racha-Lechkhumi-Kvemo Svaneti,42.5763513,43.4335753,75,1326619,-1318235,283053
2634,Georgia,Samegrelo-Zemo Svaneti,42.6629046,42.2328587,30,1288285,-1263326,333131
2635,Georgia,Samegrelo-Zemo Svaneti,42.6629046,42.2328587,50,1211991,-1187517,306919
2636,Georgia,Samegrelo-Zemo Svaneti,42.6629046,42.2328587,75,1014940,-992830,242841
2637,Georgia,Samtskhe-Javakheti,41.5296305,43.2434208,30,300617,-245672,168329
2638,Georgia,Samtskhe-Javakheti,41.5296305,43.2434208,50,273689,-219362,153804
2639,Georgia,Samtskhe-Javakheti,41.5296305,43.2434208,75,214829,-163841,117044
2640,Georgia,Shida Kartli,42.1852843,43.9422199,30,854715,-843043,242793
2641,Georgia,Shida Kartli,42.1852843,43.9422199,50,799297,-787835,226576
2642,Georgia,Shida Kartli,42.1852843,43.9422199,75,670517,-660071,187343
2643,Georgia,Tbilisi,41.6934591,44.8014495,30,8395,-8222,1722
2644,Georgia,Tbilisi,41.6934591,44.8014495,50,5136,-5065,1010
2645,Georgia,Tbilisi,41.6934591,44.8014495,75,2614,-2606,461
2646,Germany,Baden-Württemberg,48.53775,9.041169,30,12221430,-9581603,1522276
2647,Germany,Baden-Württemberg,48.53775,9.041169,50,11591199,-8964516,1445922
2648,Germany,Baden-Württemberg,48.53775,9.041169,75,9174973,-6765172,1151861
2649,Germany,Bayern,48.9467562,11.4038717,30,20718561,-14029153,2898357
2650,Germany,Bayern,48.9467562,11.4038717,50,19708442,-13058560,2756769
2651,Germany,Bayern,48.9467562,11.4038717,75,15891471,-9708832,2232782
2652,Germany,Berlin,52.5173885,13.3951309,30,262446,-257263,31263
2653,Germany,Berlin,52.5173885,13.3951309,50,207349,-202457,24456
2654,Germany,Berlin,52.5173885,13.3951309,75,154354,-150305,17954
2655,Germany,Brandenburg,52.8455492,13.2461296,30,9574776,-8150879,1180055
2656,Germany,Brandenburg,52.8455492,13.2461296,50,8993407,-7597779,1102290
2657,Germany,Brandenburg,52.8455492,13.2461296,75,7233259,-6052459,879292
2658,Germany,Bremen,53.0758196,8.8071646,30,35219,-34260,5523
2659,Germany,Bremen,53.0758196,8.8071646,50,21054,-20199,3209
2660,Germany,Bremen,53.0758196,8.8071646,75,7551,-7129,969
2661,Germany,Hamburg,53.550341,10.000654,30,169866,-165504,20439
2662,Germany,Hamburg,53.550341,10.000654,50,108583,-104570,12820
2663,Germany,Hamburg,53.550341,10.000654,75,51755,-48922,5821
2664,Germany,Hessen,50.6080651,9.0284647,30,9029698,-5589819,980396
2665,Germany,Hessen,50.6080651,9.0284647,50,8594416,-5171482,934738
2666,Germany,Hessen,50.6080651,9.0284647,75,7157916,-3975915,780414
2667,Germany,Mecklenburg-Vorpommern,53.7735064,12.5755471,30,4667351,-4078552,571602
2668,Germany,Mecklenburg-Vorpommern,53.7735064,12.5755471,50,4415422,-3831146,536635
2669,Germany,Mecklenburg-Vorpommern,53.7735064,12.5755471,75,3200940,-2696952,378597
2670,Germany,Niedersachsen,52.8398531,9.075962,30,10293922,-7221597,1260952
2671,Germany,Niedersachsen,52.8398531,9.075962,50,9427074,-6385689,1142863
2672,Germany,Niedersachsen,52.8398531,9.075962,75,6535349,-3879355,773058
2673,Germany,Nordrhein-Westfalen,51.4789205,7.5543751,30,8573384,-1897287,1116127
2674,Germany,Nordrhein-Westfalen,51.4789205,7.5543751,50,7561871,-929794,996487
2675,Germany,Nordrhein-Westfalen,51.4789205,7.5543751,75,5902170,408446,790947
2676,Germany,Rheinland-Pfalz,49.9531599,7.310646,30,8065559,-5539204,920401
2677,Germany,Rheinland-Pfalz,49.9531599,7.310646,50,7691428,-5178061,877344
2678,Germany,Rheinland-Pfalz,49.9531599,7.310646,75,6712886,-4303254,763822
2679,Germany,Saarland,49.3841872,6.9537369,30,996211,-773932,118395
2680,Germany,Saarland,49.3841872,6.9537369,50,928637,-708100,110382
2681,Germany,Saarland,49.3841872,6.9537369,75,779719,-571726,92387
2682,Germany,Sachsen,50.9295798,13.4585052,30,4213897,-2898582,587440
2683,Germany,Sachsen,50.9295798,13.4585052,50,3872603,-2573702,540292
2684,Germany,Sachsen,50.9295798,13.4585052,75,3025358,-1852457,424219
2685,Germany,Sachsen-Anhalt,51.9280976,11.6812243,30,4013591,-2431425,504832
2686,Germany,Sachsen-Anhalt,51.9280976,11.6812243,50,3764133,-2197699,471236
2687,Germany,Sachsen-Anhalt,51.9280976,11.6812243,75,2797720,-1412088,348157
2688,Germany,Schleswig-Holstein,54.1853998,9.8220089,30,1764262,-1623977,206388
2689,Germany,Schleswig-Holstein,54.1853998,9.8220089,50,1549101,-1410871,178451
2690,Germany,Schleswig-Holstein,54.1853998,9.8220089,75,843112,-734897,92080
2691,Germany,Thüringen,50.9014721,11.0377839,30,4927872,-1846096,601574
2692,Germany,Thüringen,50.9014721,11.0377839,50,4690597,-1626512,572518
2693,Germany,Thüringen,50.9014721,11.0377839,75,3726176,-893518,456664
2694,Ghana,Ahafo,6.9096645,-2.2330123,30,3153890,-1138090,426341
2695,Ghana,Ahafo,6.9096645,-2.2330123,50,1724231,-407888,263134
2696,Ghana,Ahafo,6.9096645,-2.2330123,75,181132,1079,12364
2697,Ghana,Ashanti,6.8003319,-1.5188142,30,12812250,-2631588,1518424
2698,Ghana,Ashanti,6.8003319,-1.5188142,50,8474818,-1053670,999266
2699,Ghana,Ashanti,6.8003319,-1.5188142,75,928988,-17719,54085
2700,Ghana,Bono,10.4032142,-2.7020869,30,3699336,-1329918,415670
2701,Ghana,Bono,10.4032142,-2.7020869,50,1019631,-300050,98889
2702,Ghana,Bono,10.4032142,-2.7020869,75,393011,-145833,1550
2703,Ghana,Bono East,7.5383119,-1.940677,30,469406,-263357,104345
2704,Ghana,Bono East,7.5383119,-1.940677,50,129560,-67613,9711
2705,Ghana,Bono East,7.5383119,-1.940677,75,103688,-73280,637
2706,Ghana,Central,5.7244148,-1.3761749,30,18805,-17663,4184
2707,Ghana,Central,5.7244148,-1.3761749,50,4010,-3501,141
2708,Ghana,Central,5.7244148,-1.3761749,75,3610,-3524,5
2709,Ghana,Central,5.7244148,-1.3761749,30,1685610,-1564217,420186
2710,Ghana,Central,5.7244148,-1.3761749,50,1584548,-1465693,402314
2711,Ghana,Central,5.7244148,-1.3761749,75,1445104,-1331983,376003
2712,Ghana,Central,5.7244148,-1.3761749,30,5231700,-167875,750595
2713,Ghana,Central,5.7244148,-1.3761749,50,3357357,182991,465307
2714,Ghana,Central,5.7244148,-1.3761749,75,472347,62146,18025
2715,Ghana,Central,5.7244148,-1.3761749,30,4192611,-3765965,1160588
2716,Ghana,Central,5.7244148,-1.3761749,50,3481695,-3123775,987702
2717,Ghana,Central,5.7244148,-1.3761749,75,1327181,-1135990,448751
2718,Ghana,Central,5.7244148,-1.3761749,30,5228223,-3252554,2663684
2719,Ghana,Central,5.7244148,-1.3761749,50,5025644,-3058486,2605597
2720,Ghana,Central,5.7244148,-1.3761749,75,4594461,-2679008,2475829
2721,Ghana,Central,5.7244148,-1.3761749,30,475523,-387323,65704
2722,Ghana,Central,5.7244148,-1.3761749,50,308279,-232094,43880
2723,Ghana,Central,5.7244148,-1.3761749,75,156982,-105925,21650
2724,Ghana,Central,5.7244148,-1.3761749,30,264593,-171759,60108
2725,Ghana,Central,5.7244148,-1.3761749,50,260254,-167703,59328
2726,Ghana,Central,5.7244148,-1.3761749,75,247011,-156760,56855
2727,Ghana,Central,5.7244148,-1.3761749,30,5540593,-900420,2086299
2728,Ghana,Central,5.7244148,-1.3761749,50,849445,-208603,169780
2729,Ghana,Central,5.7244148,-1.3761749,75,452214,-274285,453
2730,Ghana,Eastern,6.446877,-0.3770964,30,502730,-434329,95132
2731,Ghana,Eastern,6.446877,-0.3770964,50,481493,-414275,91269
2732,Ghana,Eastern,6.446877,-0.3770964,75,429907,-370325,81525
2733,Ghana,Eastern,6.446877,-0.3770964,30,8697015,-2359920,974459
2734,Ghana,Eastern,6.446877,-0.3770964,50,4656505,-998463,537965
2735,Ghana,Eastern,6.446877,-0.3770964,75,601602,-119994,28736
2736,Ghana,Eastern,6.446877,-0.3770964,30,5956381,5616691,1457229
2737,Ghana,Eastern,6.446877,-0.3770964,50,5339928,5733721,1280878
2738,Ghana,Eastern,6.446877,-0.3770964,75,600492,908936,166813
2739,Ghana,Eastern,6.446877,-0.3770964,30,3139198,-2149401,882747
2740,Ghana,Eastern,6.446877,-0.3770964,50,179468,-90195,33154
2741,Ghana,Eastern,6.446877,-0.3770964,75,71683,-55363,147
2742,Ghana,Greater Accra,5.8101532,0.0995242,30,51493,-3177,7727
2743,Ghana,Greater Accra,5.8101532,0.0995242,50,25429,-10913,1110
2744,Ghana,Greater Accra,5.8101532,0.0995242,75,22713,-16075,24
2745,Ghana,North East,10.5279933,-0.3698625,30,10785,-9963,69
2746,Ghana,North East,10.5279933,-0.3698625,50,10736,-10386,24
2747,Ghana,North East,10.5279933,-0.3698625,75,10720,-10635,1
2748,Ghana,Northern,9.6600005,-0.3943799,30,2880987,-2403151,540047
2749,Ghana,Northern,9.6600005,-0.3943799,50,2630046,-2177470,495215
2750,Ghana,Northern,9.6600005,-0.3943799,75,2378032,-1962428,446362
2751,Ghana,Northern,9.6600005,-0.3943799,30,32471,-27639,407
2752,Ghana,Northern,9.6600005,-0.3943799,50,32223,-30825,53
2753,Ghana,Northern,9.6600005,-0.3943799,75,32191,-31269,3
2754,Ghana,Northern,9.6600005,-0.3943799,30,11021657,2876332,2434926
2755,Ghana,Northern,9.6600005,-0.3943799,50,5200724,2981469,1014675
2756,Ghana,Northern,9.6600005,-0.3943799,75,1373152,-461750,41492
2757,Ghana,Northern,9.6600005,-0.3943799,30,0,0,0
2758,Ghana,Northern,9.6600005,-0.3943799,50,0,0,0
2759,Ghana,Northern,9.6600005,-0.3943799,75,0,0,0
2760,Ghana,Northern,9.6600005,-0.3943799,30,6910550,-2911191,3283320
2761,Ghana,Northern,9.6600005,-0.3943799,50,1844192,-764932,711402
2762,Ghana,Northern,9.6600005,-0.3943799,75,514879,-224588,2161
2763,Ghana,Oti,6.6878582,-1.6148034,30,2089976,-1321884,282796
2764,Ghana,Oti,6.6878582,-1.6148034,50,1022151,-660019,121321
2765,Ghana,Oti,6.6878582,-1.6148034,75,93291,-67716,238
2766,Ghana,Savannah,9.1400654,-1.7111234,30,174402,-153568,3806
2767,Ghana,Savannah,9.1400654,-1.7111234,50,168847,-161341,111
2768,Ghana,Savannah,9.1400654,-1.7111234,75,168800,-162443,4
2769,Ghana,Upper East,10.7245907,-0.8196591,30,10071,-9711,9
2770,Ghana,Upper East,10.7245907,-0.8196591,50,10060,-9745,5
2771,Ghana,Upper East,10.7245907,-0.8196591,75,10055,-9795,0
2772,Ghana,Upper West,10.3669525,-2.0921426,30,47191,-45439,63
2773,Ghana,Upper West,10.3669525,-2.0921426,50,47160,-46183,2
2774,Ghana,Upper West,10.3669525,-2.0921426,75,47159,-46214,0
2775,Ghana,Volta,6.5348624,0.4556055,30,1606701,-958850,165688
2776,Ghana,Volta,6.5348624,0.4556055,50,656672,-427781,52822
2777,Ghana,Volta,6.5348624,0.4556055,75,201566,-156287,152
2778,Ghana,Western,5.4261241,-2.1286574,30,2617653,-2077173,501198
2779,Ghana,Western,5.4261241,-2.1286574,50,2080585,-1564748,406548
2780,Ghana,Western,5.4261241,-2.1286574,75,1568208,-1112230,311813
2781,Ghana,Western,5.4261241,-2.1286574,30,30331,-21815,3467
2782,Ghana,Western,5.4261241,-2.1286574,50,14194,-12335,31
2783,Ghana,Western,5.4261241,-2.1286574,75,14109,-12470,0
2784,Ghana,Western,5.4261241,-2.1286574,30,8785039,1527388,1348816
2785,Ghana,Western,5.4261241,-2.1286574,50,6572249,1821303,1098324
2786,Ghana,Western,5.4261241,-2.1286574,75,694592,132253,55512
2787,Ghana,Western,5.4261241,-2.1286574,30,20855279,-14863335,9020252
2788,Ghana,Western,5.4261241,-2.1286574,50,19546014,-13615921,8622088
2789,Ghana,Western,5.4261241,-2.1286574,75,16350393,-10846500,7727790
2790,Ghana,Western,5.4261241,-2.1286574,30,418368,-212555,45098
2791,Ghana,Western,5.4261241,-2.1286574,50,289968,-166769,26566
2792,Ghana,Western,5.4261241,-2.1286574,75,155911,-136617,3421
2793,Ghana,Western,5.4261241,-2.1286574,30,1466077,790529,543913
2794,Ghana,Western,5.4261241,-2.1286574,50,1460326,794801,542680
2795,Ghana,Western,5.4261241,-2.1286574,75,1433461,811381,536831
2796,Ghana,Western,5.4261241,-2.1286574,30,3279095,-924793,1425671
2797,Ghana,Western,5.4261241,-2.1286574,50,1225904,-322937,443998
2798,Ghana,Western,5.4261241,-2.1286574,75,402116,-334002,1577
2799,Ghana,Western North,6.4544387,-2.3180846,30,6780796,-2767336,969670
2800,Ghana,Western North,6.4544387,-2.3180846,50,3533188,-1026985,611537
2801,Ghana,Western North,6.4544387,-2.3180846,75,261342,15183,36093
2802,Greece,Aegean,37.1501031,25.4550768,30,890309,-745644,137628
2803,Greece,Aegean,37.1501031,25.4550768,50,575223,-469615,87769
2804,Greece,Aegean,37.1501031,25.4550768,75,306333,-242082,46952
2805,Greece,Athos,40.1584206,24.3272583,30,162221,-118661,26329
2806,Greece,Athos,40.1584206,24.3272583,50,149692,-111034,23981
2807,Greece,Athos,40.1584206,24.3272583,75,131791,-98991,20831
2808,Greece,Attica,37.87213,23.7975272,30,436398,-264452,67638
2809,Greece,Attica,37.87213,23.7975272,50,291763,-168645,44477
2810,Greece,Attica,37.87213,23.7975272,75,160958,-88459,23551
2811,Greece,Crete,35.3084952,24.4633423,30,514882,-468741,72198
2812,Greece,Crete,35.3084952,24.4633423,50,324075,-288734,45209
2813,Greece,Crete,35.3084952,24.4633423,75,167920,-149720,22787
2814,Greece,Epirus and Western Macedonia,39.9330862,21.1192873,30,4352791,-4117838,637475
2815,Greece,Epirus and Western Macedonia,39.9330862,21.1192873,50,3727606,-3510445,539164
2816,Greece,Epirus and Western Macedonia,39.9330862,21.1192873,75,2788097,-2615934,394396
2817,Greece,Macedonia and Thrace,40.7898922,23.0836626,30,6413735,-5767050,975481
2818,Greece,Macedonia and Thrace,40.7898922,23.0836626,50,5715716,-5131182,853900
2819,Greece,Macedonia and Thrace,40.7898922,23.0836626,75,4526247,-4072293,653910
2820,Greece,"Peloponnese, Western Greece",38.2187045,21.7478949,30,4646581,-3916445,847427
2821,Greece,"Peloponnese, Western Greece",38.2187045,21.7478949,50,3356617,-2729967,619448
2822,Greece,"Peloponnese, Western Greece",38.2187045,21.7478949,75,2038576,-1597939,383095
2823,Greece,Thessaly and Central Greece,39.0247815,22.4392143,30,5300146,-4751548,908430
2824,Greece,Thessaly and Central Greece,39.0247815,22.4392143,50,4361656,-3888223,746636
2825,Greece,Thessaly and Central Greece,39.0247815,22.4392143,75,3343082,-2992682,570180
2826,Guadeloupe,Basse-Terre,16.0000778,-61.7333373,30,229195,-212195,62819
2827,Guadeloupe,Basse-Terre,16.0000778,-61.7333373,50,220158,-203852,60849
2828,Guadeloupe,Basse-Terre,16.0000778,-61.7333373,75,201507,-187364,56501
2829,Guadeloupe,Pointe-à-Pitre,16.2408636,-61.5334077,30,149618,-117575,31937
2830,Guadeloupe,Pointe-à-Pitre,16.2408636,-61.5334077,50,139449,-108455,29326
2831,Guadeloupe,Pointe-à-Pitre,16.2408636,-61.5334077,75,124404,-96875,25284
2832,Guatemala,Alta Verapaz,15.5949705,-90.0918031,30,3617996,2742550,921729
2833,Guatemala,Alta Verapaz,15.5949705,-90.0918031,50,3391600,2879255,879116
2834,Guatemala,Alta Verapaz,15.5949705,-90.0918031,75,2695821,3043360,739248
2835,Guatemala,Baja Verapaz,15.1170798,-90.4109616,30,832780,-414102,190984
2836,Guatemala,Baja Verapaz,15.1170798,-90.4109616,50,663392,-271339,157989
2837,Guatemala,Baja Verapaz,15.1170798,-90.4109616,75,445933,-109852,114724
2838,Guatemala,Chimaltenango,14.6539748,-90.9272741,30,505025,-206291,131224
2839,Guatemala,Chimaltenango,14.6539748,-90.9272741,50,450018,-159924,118354
2840,Guatemala,Chimaltenango,14.6539748,-90.9272741,75,359261,-95518,97155
2841,Guatemala,Chiquimula,14.6891037,-89.3960023,30,623184,-482747,115162
2842,Guatemala,Chiquimula,14.6891037,-89.3960023,50,447112,-321332,83414
2843,Guatemala,Chiquimula,14.6891037,-89.3960023,75,260657,-168140,49490
2844,Guatemala,El Progreso,14.9100436,-90.0682728,30,374391,-279642,83642
2845,Guatemala,El Progreso,14.9100436,-90.0682728,50,263273,-181907,55485
2846,Guatemala,El Progreso,14.9100436,-90.0682728,75,165567,-102596,32838
2847,Guatemala,Escuintla,14.1921288,-91.0263791,30,1018926,-711990,159518
2848,Guatemala,Escuintla,14.1921288,-91.0263791,50,759733,-471903,108592
2849,Guatemala,Escuintla,14.1921288,-91.0263791,75,562526,-316945,69503
2850,Guatemala,Guatemala,15.5855545,-90.345759,30,608940,-327755,119768
2851,Guatemala,Guatemala,15.5855545,-90.345759,50,492459,-230339,95257
2852,Guatemala,Guatemala,15.5855545,-90.345759,75,341337,-118883,64814
2853,Guatemala,Huehuetenango,15.606418,-91.6442217,30,2025678,-929184,518578
2854,Guatemala,Huehuetenango,15.606418,-91.6442217,50,1784359,-723643,463326
2855,Guatemala,Huehuetenango,15.606418,-91.6442217,75,1434462,-448476,383281
2856,Guatemala,Izabal,15.5700584,-88.9829247,30,2557173,1967925,655307
2857,Guatemala,Izabal,15.5700584,-88.9829247,50,2352986,2107354,616313
2858,Guatemala,Izabal,15.5700584,-88.9829247,75,2005841,2262041,549225
2859,Guatemala,Jalapa,14.6507936,-89.9390853,30,485925,-348908,88937
2860,Guatemala,Jalapa,14.6507936,-89.9390853,50,359850,-235067,65193
2861,Guatemala,Jalapa,14.6507936,-89.9390853,75,228465,-130308,40057
2862,Guatemala,Jutiapa,14.1476859,-89.8872508,30,604072,-481691,103438
2863,Guatemala,Jutiapa,14.1476859,-89.8872508,50,393441,-290934,62225
2864,Guatemala,Jutiapa,14.1476859,-89.8872508,75,202983,-143189,25206
2865,Guatemala,Petén,16.8317906,-90.0450637,30,9852806,10079707,3049716
2866,Guatemala,Petén,16.8317906,-90.0450637,50,8730319,10692874,2859766
2867,Guatemala,Petén,16.8317906,-90.0450637,75,6555462,10666719,2469317
2868,Guatemala,Quezaltenango,,,30,518512,-226636,123507
2869,Guatemala,Quezaltenango,,,50,476141,-190732,113991
2870,Guatemala,Quezaltenango,,,75,399192,-135703,96346
2871,Guatemala,Quiché,15.4381786,-91.0075186,30,1996301,134158,543701
2872,Guatemala,Quiché,15.4381786,-91.0075186,50,1781576,311062,497275
2873,Guatemala,Quiché,15.4381786,-91.0075186,75,1448309,518660,422352
2874,Guatemala,Retalhuleu,14.4201398,-91.8297038,30,421121,-283305,46332
2875,Guatemala,Retalhuleu,14.4201398,-91.8297038,50,379995,-247739,38417
2876,Guatemala,Retalhuleu,14.4201398,-91.8297038,75,322797,-211069,26662
2877,Guatemala,Sacatepéquez,14.5531759,-90.7547018,30,148080,-71125,39369
2878,Guatemala,Sacatepéquez,14.5531759,-90.7547018,50,132841,-57954,35482
2879,Guatemala,Sacatepéquez,14.5531759,-90.7547018,75,106575,-40139,28899
2880,Guatemala,San Marcos,14.9533135,-91.9120444,30,997742,-734349,230165
2881,Guatemala,San Marcos,14.9533135,-91.9120444,50,915999,-659310,210909
2882,Guatemala,San Marcos,14.9533135,-91.9120444,75,763396,-525482,175227
2883,Guatemala,Santa Rosa,14.1501523,-90.3508818,30,957784,-688149,160651
2884,Guatemala,Santa Rosa,14.1501523,-90.3508818,50,824837,-577866,134556
2885,Guatemala,Santa Rosa,14.1501523,-90.3508818,75,596748,-407280,89494
2886,Guatemala,Sololá,14.7039412,-91.282818,30,280231,-216400,79808
2887,Guatemala,Sololá,14.7039412,-91.282818,50,263120,-200689,75288
2888,Guatemala,Sololá,14.7039412,-91.282818,75,226542,-169145,65636
2889,Guatemala,Suchitepéquez,14.3740226,-91.3650139,30,589451,-135307,110286
2890,Guatemala,Suchitepéquez,14.3740226,-91.3650139,50,512708,-69319,94634
2891,Guatemala,Suchitepéquez,14.3740226,-91.3650139,75,406704,-6501,72316
2892,Guatemala,Totonicapán,15.0423435,-91.4061458,30,201771,-146333,61429
2893,Guatemala,Totonicapán,15.0423435,-91.4061458,50,172860,-120710,53885
2894,Guatemala,Totonicapán,15.0423435,-91.4061458,75,136654,-90320,44342
2895,Guatemala,Zacapa,15.0200926,-89.4858705,30,675076,-382776,157848
2896,Guatemala,Zacapa,15.0200926,-89.4858705,50,553927,-283088,129972
2897,Guatemala,Zacapa,15.0200926,-89.4858705,75,403904,-186676,97905
2898,Guinea,Boké,11.3406898,-13.9440724,30,7998378,-1596575,936920
2899,Guinea,Boké,11.3406898,-13.9440724,50,3870692,-2751622,114099
2900,Guinea,Boké,11.3406898,-13.9440724,75,3371877,-2941767,2791
2901,Guinea,Conakry,9.5170602,-13.6998434,30,415278,-412398,7440
2902,Guinea,Conakry,9.5170602,-13.6998434,50,405015,-402893,413
2903,Guinea,Conakry,9.5170602,-13.6998434,75,403858,-401887,1
2904,Guinea,Faranah,10.3143203,-10.890097,30,2888279,518256,1479836
2905,Guinea,Faranah,10.3143203,-10.890097,50,558868,492723,221389
2906,Guinea,Faranah,10.3143203,-10.890097,75,183062,-69521,2642
2907,Guinea,Kankan,10.6248355,-9.3175166,30,2564763,-24226,1194993
2908,Guinea,Kankan,10.6248355,-9.3175166,50,468164,-115776,50207
2909,Guinea,Kankan,10.6248355,-9.3175166,75,387110,-268671,1178
2910,Guinea,Kindia,10.1154374,-13.1916883,30,9885219,1471440,1122863
2911,Guinea,Kindia,10.1154374,-13.1916883,50,3309081,-934203,172682
2912,Guinea,Kindia,10.1154374,-13.1916883,75,2169838,-1492044,800
2913,Guinea,Labé,11.7614835,-12.0118889,30,559463,674277,236709
2914,Guinea,Labé,11.7614835,-12.0118889,50,186445,106848,20052
2915,Guinea,Labé,11.7614835,-12.0118889,75,153570,6383,126
2916,Guinea,Mamou,10.6619269,-12.1139542,30,3110165,1928043,873826
2917,Guinea,Mamou,10.6619269,-12.1139542,50,746575,732031,185778
2918,Guinea,Mamou,10.6619269,-12.1139542,75,228111,41638,1435
2919,Guinea,Nzérékoré,8.3925728,-8.8572519,30,15110606,-1062491,2307049
2920,Guinea,Nzérékoré,8.3925728,-8.8572519,50,9676363,961362,1391319
2921,Guinea,Nzérékoré,8.3925728,-8.8572519,75,1157498,-135993,173040
2922,Guinea-Bissau,Bafatá,12.1723403,-14.6555027,30,1095871,-428256,194298
2923,Guinea-Bissau,Bafatá,12.1723403,-14.6555027,50,324850,-122413,36093
2924,Guinea-Bissau,Bafatá,12.1723403,-14.6555027,75,82462,-69675,27
2925,Guinea-Bissau,Biombo,11.8816758,-15.7784496,30,624782,-581125,21567
2926,Guinea-Bissau,Biombo,11.8816758,-15.7784496,50,605631,-593535,1665
2927,Guinea-Bissau,Biombo,11.8816758,-15.7784496,75,604523,-595134,2
2928,Guinea-Bissau,Bissau,11.861324,-15.583055,30,6615,-4553,322
2929,Guinea-Bissau,Bissau,11.861324,-15.583055,50,6162,-6020,6
2930,Guinea-Bissau,Bissau,11.861324,-15.583055,75,6158,-6092,0
2931,Guinea-Bissau,Bolama,11.2795064,-16.0294425,30,1459216,-1169845,99186
2932,Guinea-Bissau,Bolama,11.2795064,-16.0294425,50,1355502,-1107089,67698
2933,Guinea-Bissau,Bolama,11.2795064,-16.0294425,75,1040010,-1019106,2119
2934,Guinea-Bissau,Cacheu,12.274246,-16.1648911,30,3145970,-2735661,122380
2935,Guinea-Bissau,Cacheu,12.274246,-16.1648911,50,3024936,-2900228,18927
2936,Guinea-Bissau,Cacheu,12.274246,-16.1648911,75,3001489,-2961631,24
2937,Guinea-Bissau,Gabú,12.1170351,-14.1762506,30,315360,42966,150592
2938,Guinea-Bissau,Gabú,12.1170351,-14.1762506,50,57477,-12652,9096
2939,Guinea-Bissau,Gabú,12.1170351,-14.1762506,75,41458,-32341,45
2940,Guinea-Bissau,Oio,12.2876092,-15.3387658,30,658792,-428706,85437
2941,Guinea-Bissau,Oio,12.2876092,-15.3387658,50,522995,-433674,17508
2942,Guinea-Bissau,Oio,12.2876092,-15.3387658,75,489621,-470830,20
2943,Guinea-Bissau,Quinara,11.6340115,-15.0952685,30,1981403,-1281746,179524
2944,Guinea-Bissau,Quinara,11.6340115,-15.0952685,50,1302451,-839098,73724
2945,Guinea-Bissau,Quinara,11.6340115,-15.0952685,75,806031,-770847,677
2946,Guinea-Bissau,Tombali,11.2981082,-15.1170104,30,2569584,-1463545,216548
2947,Guinea-Bissau,Tombali,11.2981082,-15.1170104,50,1854400,-1187566,89493
2948,Guinea-Bissau,Tombali,11.2981082,-15.1170104,75,1301982,-1252411,556
2949,Guyana,Barima-Waini,7.7559147,-59.7179022,30,4602376,-3624546,1917950
2950,Guyana,Barima-Waini,7.7559147,-59.7179022,50,4590450,-3613952,1915477
2951,Guyana,Barima-Waini,7.7559147,-59.7179022,75,4568289,-3594599,1909593
2952,Guyana,Cuyuni-Mazaruni,6.188854,-59.849737,30,9333531,-6587082,4607340
2953,Guyana,Cuyuni-Mazaruni,6.188854,-59.849737,50,9235031,-6494364,4588444
2954,Guyana,Cuyuni-Mazaruni,6.188854,-59.849737,75,9114198,-6384252,4563017
2955,Guyana,Demerara-Mahaica,6.4547884,-58.1280676,30,470724,-141900,112179
2956,Guyana,Demerara-Mahaica,6.4547884,-58.1280676,50,443280,-120063,107830
2957,Guyana,Demerara-Mahaica,6.4547884,-58.1280676,75,400670,-90149,101078
2958,Guyana,East Berbice-Corentyne,3.8972611,-58.1383925,30,7358936,-6640763,3345319
2959,Guyana,East Berbice-Corentyne,3.8972611,-58.1383925,50,7302849,-6591058,3335817
2960,Guyana,East Berbice-Corentyne,3.8972611,-58.1383925,75,7217316,-6514937,3320852
2961,Guyana,Essequibo Islands-West Demerara,6.7872134,-58.1914959,30,688262,-319099,272486
2962,Guyana,Essequibo Islands-West Demerara,6.7872134,-58.1914959,50,676744,-309433,270541
2963,Guyana,Essequibo Islands-West Demerara,6.7872134,-58.1914959,75,662966,-297838,268040
2964,Guyana,Mahaica-Berbice,6.2766898,-57.82391,30,896725,-657934,222539
2965,Guyana,Mahaica-Berbice,6.2766898,-57.82391,50,825525,-593007,210909
2966,Guyana,Mahaica-Berbice,6.2766898,-57.82391,75,702929,-480802,190627
2967,Guyana,Pomeroon-Supenaam,7.2049548,-58.8295641,30,1235693,-920189,552517
2968,Guyana,Pomeroon-Supenaam,7.2049548,-58.8295641,50,1223912,-909523,550476
2969,Guyana,Pomeroon-Supenaam,7.2049548,-58.8295641,75,1207578,-895266,547503
2970,Guyana,Potaro-Siparuni,4.8622287,-59.4193612,30,3104245,-2321819,1822028
2971,Guyana,Potaro-Siparuni,4.8622287,-59.4193612,50,3079829,-2298562,1817690
2972,Guyana,Potaro-Siparuni,4.8622287,-59.4193612,75,3052159,-2274125,1812376
2973,Guyana,Upper Demerara-Berbice,5.5612677,-58.154152,30,3852620,-2627684,1533360
2974,Guyana,Upper Demerara-Berbice,5.5612677,-58.154152,50,3795349,-2581960,1523211
2975,Guyana,Upper Demerara-Berbice,5.5612677,-58.154152,75,3705740,-2519518,1507586
2976,Guyana,Upper Takutu-Upper Essequibo,2.8449628,-58.9784823,30,8905318,-7709804,4610319
2977,Guyana,Upper Takutu-Upper Essequibo,2.8449628,-58.9784823,50,8726555,-7540396,4580074
2978,Guyana,Upper Takutu-Upper Essequibo,2.8449628,-58.9784823,75,8540680,-7373519,4547952
2979,Haiti,Centre,18.9908235,-71.9943985,30,1151,-1151,0
2980,Haiti,Centre,18.9908235,-71.9943985,50,1151,-1151,0
2981,Haiti,Centre,18.9908235,-71.9943985,75,1151,-1151,0
2982,Haiti,Centre,18.9908235,-71.9943985,30,26739308,-8909607,6005778
2983,Haiti,Centre,18.9908235,-71.9943985,50,21842492,-5127110,5204351
2984,Haiti,Centre,18.9908235,-71.9943985,75,9774836,-372422,2905955
2985,Haiti,Centre,18.9908235,-71.9943985,30,320562,-272659,64410
2986,Haiti,Centre,18.9908235,-71.9943985,50,186251,-147273,37668
2987,Haiti,Centre,18.9908235,-71.9943985,75,80568,-57482,16013
2988,Haiti,Centre,18.9908235,-71.9943985,30,768007,-240170,176457
2989,Haiti,Centre,18.9908235,-71.9943985,50,177362,-93244,18157
2990,Haiti,Centre,18.9908235,-71.9943985,75,61429,-49233,41
2991,Haiti,Grand'Anse,18.5304144,-74.1511463,30,795368,-432952,150256
2992,Haiti,Grand'Anse,18.5304144,-74.1511463,50,733732,-376201,138398
2993,Haiti,Grand'Anse,18.5304144,-74.1511463,75,614868,-275509,115196
2994,Haiti,L'Artibonite,19.3836348,-72.3417443,30,577444,-490087,82321
2995,Haiti,L'Artibonite,19.3836348,-72.3417443,50,391981,-326326,49480
2996,Haiti,L'Artibonite,19.3836348,-72.3417443,75,241555,-208245,22100
2997,Haiti,Nippes,18.4420426,-73.3913782,30,366968,-189258,67445
2998,Haiti,Nippes,18.4420426,-73.3913782,50,316694,-144964,57764
2999,Haiti,Nippes,18.4420426,-73.3913782,75,237016,-85258,42031
3000,Haiti,Nord,19.6258245,-72.2699286,30,2274,-2267,0
3001,Haiti,Nord,19.6258245,-72.2699286,50,2274,-2267,0
3002,Haiti,Nord,19.6258245,-72.2699286,75,2274,-2267,0
3003,Haiti,Nord,19.6258245,-72.2699286,30,618929,-546314,109435
3004,Haiti,Nord,19.6258245,-72.2699286,50,529018,-462885,92139
3005,Haiti,Nord,19.6258245,-72.2699286,75,418881,-365508,70774
3006,Haiti,Nord,19.6258245,-72.2699286,30,4946306,-4722319,736985
3007,Haiti,Nord,19.6258245,-72.2699286,50,3622049,-3477008,524929
3008,Haiti,Nord,19.6258245,-72.2699286,75,2403045,-2335339,329619
3009,Haiti,Nord-Est,19.5178468,-71.8728225,30,328161,-140758,54311
3010,Haiti,Nord-Est,19.5178468,-71.8728225,50,247412,-82555,37659
3011,Haiti,Nord-Est,19.5178468,-71.8728225,75,158315,-44541,19915
3012,Haiti,Nord-Ouest,19.8469434,-73.0589966,30,366028,-253927,68111
3013,Haiti,Nord-Ouest,19.8469434,-73.0589966,50,259308,-164550,48903
3014,Haiti,Nord-Ouest,19.8469434,-73.0589966,75,149584,-90086,28792
3015,Haiti,Ouest,18.7668687,-72.4387315,30,501953,-392062,98492
3016,Haiti,Ouest,18.7668687,-72.4387315,50,335521,-248341,64011
3017,Haiti,Ouest,18.7668687,-72.4387315,75,187209,-134421,32300
3018,Haiti,Sud,18.2612839,-73.8444985,30,544559,-227996,100183
3019,Haiti,Sud,18.2612839,-73.8444985,50,452528,-150311,83105
3020,Haiti,Sud,18.2612839,-73.8444985,75,324082,-62258,58786
3021,Haiti,Sud,18.2612839,-73.8444985,30,3367183,-3180243,513023
3022,Haiti,Sud,18.2612839,-73.8444985,50,2343839,-2217048,346313
3023,Haiti,Sud,18.2612839,-73.8444985,75,1654744,-1584057,231432
3024,Haiti,Sud-Est,18.2973566,-72.3745698,30,320467,-252980,63502
3025,Haiti,Sud-Est,18.2973566,-72.3745698,50,243801,-185726,48258
3026,Haiti,Sud-Est,18.2973566,-72.3745698,75,141006,-104283,27565
3027,Honduras,Atlántida,15.8172492,-87.1146935,30,1453292,-147056,346150
3028,Honduras,Atlántida,15.8172492,-87.1146935,50,1354346,-84236,329312
3029,Honduras,Atlántida,15.8172492,-87.1146935,75,1186929,-5034,299459
3030,Honduras,Choluteca,13.3714203,-87.0713958,30,547919,-385660,143542
3031,Honduras,Choluteca,13.3714203,-87.0713958,50,384184,-244144,101232
3032,Honduras,Choluteca,13.3714203,-87.0713958,75,174755,-87179,45277
3033,Honduras,Colón,15.7149552,-85.7023584,30,2624758,1944080,705526
3034,Honduras,Colón,15.7149552,-85.7023584,50,2471086,2048091,677994
3035,Honduras,Colón,15.7149552,-85.7023584,75,2197815,2186083,626751
3036,Honduras,Colón,15.7149552,-85.7023584,30,1445257,-285096,396574
3037,Honduras,Colón,15.7149552,-85.7023584,50,1404553,-254249,388788
3038,Honduras,Colón,15.7149552,-85.7023584,75,1307566,-190749,370277
3039,Honduras,Comayagua,14.4527976,-87.6379227,30,1652061,-675866,324105
3040,Honduras,Comayagua,14.4527976,-87.6379227,50,1258511,-376518,252047
3041,Honduras,Comayagua,14.4527976,-87.6379227,75,753012,-111824,155036
3042,Honduras,Copán,14.8958685,-88.9255812,30,1414528,-851109,238079
3043,Honduras,Copán,14.8958685,-88.9255812,50,1180674,-655314,199225
3044,Honduras,Copán,14.8958685,-88.9255812,75,840240,-408867,142399
3045,Honduras,Cortés,15.4784073,-88.0343858,30,1161413,-207430,265853
3046,Honduras,Cortés,15.4784073,-88.0343858,50,1043941,-139545,241771
3047,Honduras,Cortés,15.4784073,-88.0343858,75,792220,-51879,187654
3048,Honduras,El Paraíso,13.9619941,-86.5627921,30,2127905,-1160866,414138
3049,Honduras,El Paraíso,13.9619941,-86.5627921,50,1648205,-734811,323967
3050,Honduras,El Paraíso,13.9619941,-86.5627921,75,1083032,-287011,218294
3051,Honduras,Francisco Morazán,14.3430478,-87.1141957,30,2453502,-1330383,489864
3052,Honduras,Francisco Morazán,14.3430478,-87.1141957,50,1653827,-671460,348227
3053,Honduras,Francisco Morazán,14.3430478,-87.1141957,75,872411,-141201,202094
3054,Honduras,Gracias a Dios,15.4333305,-84.148687,30,4347794,220159,1090447
3055,Honduras,Gracias a Dios,15.4333305,-84.148687,50,3997915,563126,1018883
3056,Honduras,Gracias a Dios,15.4333305,-84.148687,75,3699180,841235,958061
3057,Honduras,Intibucá,14.2557426,-88.2260351,30,1044674,-540800,219644
3058,Honduras,Intibucá,14.2557426,-88.2260351,50,854523,-375168,183373
3059,Honduras,Intibucá,14.2557426,-88.2260351,75,571872,-166132,128139
3060,Honduras,Islas de la Bahía,16.3217674,-86.1786833,30,91597,-40749,16895
3061,Honduras,Islas de la Bahía,16.3217674,-86.1786833,50,87958,-38087,16171
3062,Honduras,Islas de la Bahía,16.3217674,-86.1786833,75,80987,-33874,14691
3063,Honduras,La Paz,14.1284089,-87.9615276,30,15274899,-6915372,7137111
3064,Honduras,La Paz,14.1284089,-87.9615276,50,14371322,-6094615,6941324
3065,Honduras,La Paz,14.1284089,-87.9615276,75,12941534,-4944507,6601001
3066,Honduras,La Paz,14.1284089,-87.9615276,30,227180,-174571,44016
3067,Honduras,La Paz,14.1284089,-87.9615276,50,203300,-153892,38640
3068,Honduras,La Paz,14.1284089,-87.9615276,75,142991,-111888,23701
3069,Honduras,La Paz,14.1284089,-87.9615276,30,848015,-604479,153083
3070,Honduras,La Paz,14.1284089,-87.9615276,50,672569,-446720,121319
3071,Honduras,La Paz,14.1284089,-87.9615276,75,427953,-248502,78144
3072,Honduras,Lempira,14.4556602,-88.6188558,30,1549175,-1034938,295610
3073,Honduras,Lempira,14.4556602,-88.6188558,50,1219968,-744424,237006
3074,Honduras,Lempira,14.4556602,-88.6188558,75,735702,-382759,147575
3075,Honduras,Ocotepeque,14.4759433,-89.0365633,30,606040,-446035,118411
3076,Honduras,Ocotepeque,14.4759433,-89.0365633,50,508254,-359285,99717
3077,Honduras,Ocotepeque,14.4759433,-89.0365633,75,361077,-241754,71907
3078,Honduras,Olancho,14.8211028,-85.9549881,30,6760660,3962229,1874711
3079,Honduras,Olancho,14.8211028,-85.9549881,50,5636808,4862918,1650957
3080,Honduras,Olancho,14.8211028,-85.9549881,75,4164703,5785939,1345244
3081,Honduras,Santa Bárbara,15.0960559,-88.3673692,30,2103535,-725539,426635
3082,Honduras,Santa Bárbara,15.0960559,-88.3673692,50,1866195,-556250,380843
3083,Honduras,Santa Bárbara,15.0960559,-88.3673692,75,1356239,-304528,276014
3084,Honduras,Valle,13.5110996,-87.5472925,30,225616,-155731,62059
3085,Honduras,Valle,13.5110996,-87.5472925,50,168217,-112586,46592
3086,Honduras,Valle,13.5110996,-87.5472925,75,101976,-74683,28259
3087,Honduras,Yoro,15.2994474,-87.2916981,30,2454119,-561701,555744
3088,Honduras,Yoro,15.2994474,-87.2916981,50,2008166,-234954,467972
3089,Honduras,Yoro,15.2994474,-87.2916981,75,1404626,59774,341743
3090,Hungary,Baranya,45.9714436,18.1669246,30,703328,-462545,119928
3091,Hungary,Baranya,45.9714436,18.1669246,50,650590,-411890,110836
3092,Hungary,Baranya,45.9714436,18.1669246,75,525147,-303491,89316
3093,Hungary,Borsod-Abaúj-Zemplén,48.2397936,21.1353474,30,1362338,-1055742,251098
3094,Hungary,Borsod-Abaúj-Zemplén,48.2397936,21.1353474,50,1263228,-959291,231879
3095,Hungary,Borsod-Abaúj-Zemplén,48.2397936,21.1353474,75,1092868,-805309,198778
3096,Hungary,Budapest,47.4978789,19.0402383,30,51847,-48469,6988
3097,Hungary,Budapest,47.4978789,19.0402383,50,44039,-40821,5815
3098,Hungary,Budapest,47.4978789,19.0402383,75,31396,-28887,3914
3099,Hungary,Bács-Kiskun,46.5809294,19.5128532,30,912484,-326471,117885
3100,Hungary,Bács-Kiskun,46.5809294,19.5128532,50,743357,-204768,93246
3101,Hungary,Bács-Kiskun,46.5809294,19.5128532,75,485924,-117079,54296
3102,Hungary,Békés,46.7862993,20.9820736,30,145502,-94948,26185
3103,Hungary,Békés,46.7862993,20.9820736,50,122209,-72544,21617
3104,Hungary,Békés,46.7862993,20.9820736,75,88149,-44157,14963
3105,Hungary,Csongrád,46.7097618,20.1537305,30,222182,-113113,30794
3106,Hungary,Csongrád,46.7097618,20.1537305,50,189687,-86725,25478
3107,Hungary,Csongrád,46.7097618,20.1537305,75,128690,-53054,15834
3108,Hungary,Fejér,47.0939434,18.6088562,30,323691,-247319,57998
3109,Hungary,Fejér,47.0939434,18.6088562,50,281891,-206955,50565
3110,Hungary,Fejér,47.0939434,18.6088562,75,208702,-143996,37359
3111,Hungary,Gyor-Moson-Sopron,47.6610134,17.3796437,30,465983,-245578,89774
3112,Hungary,Gyor-Moson-Sopron,47.6610134,17.3796437,50,413487,-194446,79073
3113,Hungary,Gyor-Moson-Sopron,47.6610134,17.3796437,75,329678,-123709,62664
3114,Hungary,Hajdú-Bihar,47.4407848,21.4752281,30,385448,-107396,72073
3115,Hungary,Hajdú-Bihar,47.4407848,21.4752281,50,335208,-61642,62496
3116,Hungary,Hajdú-Bihar,47.4407848,21.4752281,75,249425,-11407,45335
3117,Hungary,Heves,47.7884409,20.1714412,30,656954,-534204,100758
3118,Hungary,Heves,47.7884409,20.1714412,50,612082,-490176,93497
3119,Hungary,Heves,47.7884409,20.1714412,75,521545,-405470,78723
3120,Hungary,Jász-Nagykun-Szolnok,47.2971598,20.453178,30,168439,-103079,31418
3121,Hungary,Jász-Nagykun-Szolnok,47.2971598,20.453178,50,137605,-75117,25094
3122,Hungary,Jász-Nagykun-Szolnok,47.2971598,20.453178,75,88270,-38712,14817
3123,Hungary,Komárom-Esztergom,47.6511599,18.2551911,30,394259,-288693,64704
3124,Hungary,Komárom-Esztergom,47.6511599,18.2551911,50,366526,-261860,60056
3125,Hungary,Komárom-Esztergom,47.6511599,18.2551911,75,307274,-210025,50282
3126,Hungary,Nógrád,47.9873616,19.5472495,30,854689,-685938,117656
3127,Hungary,Nógrád,47.9873616,19.5472495,50,808507,-640754,111000
3128,Hungary,Nógrád,47.9873616,19.5472495,75,713110,-551168,97518
3129,Hungary,Pest,47.4942216,19.0529846,30,1087546,-699481,159828
3130,Hungary,Pest,47.4942216,19.0529846,50,1003587,-627399,145338
3131,Hungary,Pest,47.4942216,19.0529846,75,804353,-488032,112144
3132,Hungary,Somogy,46.439656,17.6212956,30,930887,-438026,178188
3133,Hungary,Somogy,46.439656,17.6212956,50,864289,-374651,164783
3134,Hungary,Somogy,46.439656,17.6212956,75,702698,-245568,132920
3135,Hungary,Szabolcs-Szatmár-Bereg,48.0297821,22.0040108,30,534784,-79871,101175
3136,Hungary,Szabolcs-Szatmár-Bereg,48.0297821,22.0040108,50,468920,-23531,87506
3137,Hungary,Szabolcs-Szatmár-Bereg,48.0297821,22.0040108,75,346473,41751,61988
3138,Hungary,Tolna,46.4883447,18.5050005,30,401725,-238970,70114
3139,Hungary,Tolna,46.4883447,18.5050005,50,357473,-197065,62351
3140,Hungary,Tolna,46.4883447,18.5050005,75,255851,-116179,44597
3141,Hungary,Vas,47.1371935,16.780898,30,824748,-572189,106339
3142,Hungary,Vas,47.1371935,16.780898,50,773902,-522730,99589
3143,Hungary,Vas,47.1371935,16.780898,75,674412,-433505,86491
3144,Hungary,Veszprém,47.0933824,17.9080406,30,739075,-563114,138942
3145,Hungary,Veszprém,47.0933824,17.9080406,50,686486,-512371,128735
3146,Hungary,Veszprém,47.0933824,17.9080406,75,563914,-401314,105619
3147,Hungary,Zala,46.6713343,16.8894692,30,795516,-434067,147749
3148,Hungary,Zala,46.6713343,16.8894692,50,744505,-384997,138339
3149,Hungary,Zala,46.6713343,16.8894692,75,642553,-298495,119047
3150,Iceland,Austurland,65.1940668,-15.0924209,30,0,0,0
3151,Iceland,Austurland,65.1940668,-15.0924209,50,0,0,0
3152,Iceland,Austurland,65.1940668,-15.0924209,75,0,0,0
3153,Iceland,Höfuðborgarsvæði,64.1727138,-21.5667575,30,0,0,0
3154,Iceland,Höfuðborgarsvæði,64.1727138,-21.5667575,50,0,0,0
3155,Iceland,Höfuðborgarsvæði,64.1727138,-21.5667575,75,0,0,0
3156,Iceland,Norðurland eystra,65.4735997,-17.4433339,30,0,0,0
3157,Iceland,Norðurland eystra,65.4735997,-17.4433339,50,0,0,0
3158,Iceland,Norðurland eystra,65.4735997,-17.4433339,75,0,0,0
3159,Iceland,Norðurland vestra,65.462219,-19.8471016,30,0,0,0
3160,Iceland,Norðurland vestra,65.462219,-19.8471016,50,0,0,0
3161,Iceland,Norðurland vestra,65.462219,-19.8471016,75,0,0,0
3162,Iceland,Suðurland,64.1292448,-18.7121704,30,0,0,0
3163,Iceland,Suðurland,64.1292448,-18.7121704,50,0,0,0
3164,Iceland,Suðurland,64.1292448,-18.7121704,75,0,0,0
3165,Iceland,Suðurnes,63.9415014,-22.2018627,30,0,0,0
3166,Iceland,Suðurnes,63.9415014,-22.2018627,50,0,0,0
3167,Iceland,Suðurnes,63.9415014,-22.2018627,75,0,0,0
3168,Iceland,Vestfirðir,65.9082049,-21.8078883,30,0,0,0
3169,Iceland,Vestfirðir,65.9082049,-21.8078883,50,0,0,0
3170,Iceland,Vestfirðir,65.9082049,-21.8078883,75,0,0,0
3171,Iceland,Vesturland,64.9020808,-21.706829,30,0,0,0
3172,Iceland,Vesturland,64.9020808,-21.706829,50,0,0,0
3173,Iceland,Vesturland,64.9020808,-21.706829,75,0,0,0
3174,India,Andaman and Nicobar,11.6644385,92.7401576,30,2459109,-1985622,684397
3175,India,Andaman and Nicobar,11.6644385,92.7401576,50,2409382,-1940002,675926
3176,India,Andaman and Nicobar,11.6644385,92.7401576,75,2242567,-1794675,646074
3177,India,Andhra Pradesh,15.9240905,80.1863809,30,4766649,-3802663,1105913
3178,India,Andhra Pradesh,15.9240905,80.1863809,50,3458014,-2635530,745727
3179,India,Andhra Pradesh,15.9240905,80.1863809,75,1848252,-1391980,254489
3180,India,Arunachal Pradesh,28.0937702,94.5921326,30,1524984,1226632,1170756
3181,India,Arunachal Pradesh,28.0937702,94.5921326,50,1352868,1307730,1119797
3182,India,Arunachal Pradesh,28.0937702,94.5921326,75,1021552,1350916,1014498
3183,India,Assam,26.4073841,93.2551303,30,10769463,-3521652,2750129
3184,India,Assam,26.4073841,93.2551303,50,8252507,-1410799,2290013
3185,India,Assam,26.4073841,93.2551303,75,4172013,436217,1335357
3186,India,Bihar,25.6440845,85.906508,30,693832,-666926,153843
3187,India,Bihar,25.6440845,85.906508,50,416467,-397317,87361
3188,India,Bihar,25.6440845,85.906508,75,258549,-250938,31624
3189,India,Chandigarh,30.7334421,76.7797143,30,7895,-7660,702
3190,India,Chandigarh,30.7334421,76.7797143,50,5600,-5394,469
3191,India,Chandigarh,30.7334421,76.7797143,75,2003,-1877,108
3192,India,Chhattisgarh,21.6637359,81.8406351,30,9866235,-8706848,2663571
3193,India,Chhattisgarh,21.6637359,81.8406351,50,5591799,-4772280,1472429
3194,India,Chhattisgarh,21.6637359,81.8406351,75,577708,-433838,89636
3195,India,Dadra and Nagar Haveli,20.2733946,73.0044983,30,3527,-3517,457
3196,India,Dadra and Nagar Haveli,20.2733946,73.0044983,50,2534,-2532,1
3197,India,Dadra and Nagar Haveli,20.2733946,73.0044983,75,2533,-2530,0
3198,India,Daman and Diu,20.718175,70.9323834,30,4909,-4907,18
3199,India,Daman and Diu,20.718175,70.9323834,50,4794,-4794,0
3200,India,Daman and Diu,20.718175,70.9323834,75,4794,-4794,0
3201,India,Goa,15.3004543,74.0855134,30,612342,-590156,146466
3202,India,Goa,15.3004543,74.0855134,50,321325,-307139,87150
3203,India,Goa,15.3004543,74.0855134,75,100621,-95462,26048
3204,India,Gujarat,22.3850051,71.745261,30,431985,-428223,17927
3205,India,Gujarat,22.3850051,71.745261,50,374504,-371794,968
3206,India,Gujarat,22.3850051,71.745261,75,371729,-369953,91
3207,India,Haryana,29.0,76.0,30,193910,-185482,42648
3208,India,Haryana,29.0,76.0,50,148931,-142153,33018
3209,India,Haryana,29.0,76.0,75,101491,-97115,16611
3210,India,Himachal Pradesh,31.9292352,77.1828462,30,3760281,-3638116,1367102
3211,India,Himachal Pradesh,31.9292352,77.1828462,50,3018156,-2909936,1075539
3212,India,Himachal Pradesh,31.9292352,77.1828462,75,1623934,-1551224,548231
3213,India,Jharkhand,23.4559809,85.2557301,30,2175213,-2034821,556330
3214,India,Jharkhand,23.4559809,85.2557301,50,590134,-509421,109017
3215,India,Jharkhand,23.4559809,85.2557301,75,233279,-204427,2054
3216,India,Karnataka,14.5203896,75.7223521,30,12736492,-11215682,2276202
3217,India,Karnataka,14.5203896,75.7223521,50,9910364,-8709025,1758402
3218,India,Karnataka,14.5203896,75.7223521,75,3931345,-3446200,573872
3219,India,Kerala,10.3528744,76.5120396,30,15313573,-12495746,2598222
3220,India,Kerala,10.3528744,76.5120396,50,12670102,-10148348,2207800
3221,India,Kerala,10.3528744,76.5120396,75,5500426,-4238721,1138792
3222,India,Lakshadweep,10.3337313,72.9205386,30,0,0,0
3223,India,Lakshadweep,10.3337313,72.9205386,50,0,0,0
3224,India,Lakshadweep,10.3337313,72.9205386,75,0,0,0
3225,India,Madhya Pradesh,23.8143419,77.5340719,30,5018912,-4832408,1078088
3226,India,Madhya Pradesh,23.8143419,77.5340719,50,2138258,-2038853,441158
3227,India,Madhya Pradesh,23.8143419,77.5340719,75,236307,-219851,15066
3228,India,Maharashtra,18.9068356,75.6741579,30,4547882,-4096016,1073404
3229,India,Maharashtra,18.9068356,75.6741579,50,2487792,-2236213,535224
3230,India,Maharashtra,18.9068356,75.6741579,75,588601,-557138,12215
3231,India,Manipur,24.7208818,93.9229386,30,4314770,1953907,1703678
3232,India,Manipur,24.7208818,93.9229386,50,4007785,1987570,1611549
3233,India,Manipur,24.7208818,93.9229386,75,2638107,1878939,1202141
3234,India,Meghalaya,25.5379432,91.2999102,30,6287167,-609061,1683888
3235,India,Meghalaya,25.5379432,91.2999102,50,5623330,-168365,1527312
3236,India,Meghalaya,25.5379432,91.2999102,75,2869063,756298,852278
3237,India,Mizoram,23.2146169,92.8687612,30,8133362,-59908,1931961
3238,India,Mizoram,23.2146169,92.8687612,50,7814081,-103283,1854914
3239,India,Mizoram,23.2146169,92.8687612,75,6178270,-532615,1475285
3240,India,NCT of Delhi,28.6333255,77.2244838,30,6290,-6094,262
3241,India,NCT of Delhi,28.6333255,77.2244838,50,3462,-3348,35
3242,India,NCT of Delhi,28.6333255,77.2244838,75,2968,-2945,3
3243,India,Nagaland,26.1630556,94.5884911,30,2598284,4106771,1310343
3244,India,Nagaland,26.1630556,94.5884911,50,2403750,3962791,1237703
3245,India,Nagaland,26.1630556,94.5884911,75,1631900,3283607,939430
3246,India,Odisha,20.5431241,84.6897321,30,7159986,-4158084,2680193
3247,India,Odisha,20.5431241,84.6897321,50,4205225,-2015981,1567787
3248,India,Odisha,20.5431241,84.6897321,75,987867,-479706,104806
3249,India,Puducherry,10.9156489,79.8069488,30,56342,-50093,6911
3250,India,Puducherry,10.9156489,79.8069488,50,43621,-38335,5125
3251,India,Puducherry,10.9156489,79.8069488,75,14253,-12455,1258
3252,India,Punjab,30.9293211,75.5004841,30,367348,-337462,74700
3253,India,Punjab,30.9293211,75.5004841,50,252463,-227457,47189
3254,India,Punjab,30.9293211,75.5004841,75,126832,-110763,14595
3255,India,Punjab,30.9293211,75.5004841,30,141471,-135392,36598
3256,India,Punjab,30.9293211,75.5004841,50,84357,-79467,16561
3257,India,Punjab,30.9293211,75.5004841,75,48622,-45812,4072
3258,India,Rajasthan,26.8105777,73.7684549,30,76673,-72210,12040
3259,India,Rajasthan,26.8105777,73.7684549,50,40614,-36997,2334
3260,India,Rajasthan,26.8105777,73.7684549,75,34340,-32516,539
3261,India,Sikkim,27.6016108,88.4550204,30,384328,-334188,250451
3262,India,Sikkim,27.6016108,88.4550204,50,305982,-261922,210073
3263,India,Sikkim,27.6016108,88.4550204,75,141970,-116722,107423
3264,India,Tamil Nadu,10.9094334,78.3665347,30,6269954,-5495150,1230519
3265,India,Tamil Nadu,10.9094334,78.3665347,50,5003775,-4305890,923307
3266,India,Tamil Nadu,10.9094334,78.3665347,75,2675953,-2220178,402273
3267,India,Telangana,17.8495919,79.1151663,30,2695666,-1991933,663616
3268,India,Telangana,17.8495919,79.1151663,50,1788114,-1311086,431619
3269,India,Telangana,17.8495919,79.1151663,75,420866,-346597,59025
3270,India,Tripura,23.7750823,91.7025091,30,3492987,-81290,669293
3271,India,Tripura,23.7750823,91.7025091,50,3054389,227521,582053
3272,India,Tripura,23.7750823,91.7025091,75,1123515,561562,210174
3273,India,Uttar Pradesh,27.1303344,80.859666,30,1518923,-1431961,359976
3274,India,Uttar Pradesh,27.1303344,80.859666,50,1034403,-982721,217560
3275,India,Uttar Pradesh,27.1303344,80.859666,75,555706,-534574,29301
3276,India,Uttarakhand,30.0417376,79.089691,30,8783403,-8202171,1948835
3277,India,Uttarakhand,30.0417376,79.089691,50,7345784,-6830729,1637552
3278,India,Uttarakhand,30.0417376,79.089691,75,4204101,-3908366,973083
3279,India,West Bengal,22.9964948,87.6855882,30,6908600,-6576935,407920
3280,India,West Bengal,22.9964948,87.6855882,50,6242275,-5970247,290584
3281,India,West Bengal,22.9964948,87.6855882,75,5407277,-5284061,91425
3282,Indonesia,Aceh,4.3685491,97.0253024,30,13571223,8567015,4984708
3283,Indonesia,Aceh,4.3685491,97.0253024,50,12789063,9115069,4865387
3284,Indonesia,Aceh,4.3685491,97.0253024,75,10503022,10057342,4516637
3285,Indonesia,Bali,-8.2271303,115.1919203,30,2388648,-2173040,365485
3286,Indonesia,Bali,-8.2271303,115.1919203,50,2207836,-2002270,339179
3287,Indonesia,Bali,-8.2271303,115.1919203,75,1719577,-1546366,276608
3288,Indonesia,Bangka Belitung,-2.7052886,106.3585607,30,7397481,7824198,1332845
3289,Indonesia,Bangka Belitung,-2.7052886,106.3585607,50,7004524,7927780,1260776
3290,Indonesia,Bangka Belitung,-2.7052886,106.3585607,75,5736202,7491735,1011600
3291,Indonesia,Banten,-6.4453801,106.1375586,30,3632176,-2310725,561723
3292,Indonesia,Banten,-6.4453801,106.1375586,50,3363000,-2078034,519445
3293,Indonesia,Banten,-6.4453801,106.1375586,75,2712272,-1589900,424438
3294,Indonesia,Bengkulu,-4.0035184,101.8393474,30,7408354,6525332,1795200
3295,Indonesia,Bengkulu,-4.0035184,101.8393474,50,7055579,6769392,1741707
3296,Indonesia,Bengkulu,-4.0035184,101.8393474,75,5891205,7368654,1578014
3297,Indonesia,Gorontalo,0.7186174,122.4555927,30,2480151,1734009,1002909
3298,Indonesia,Gorontalo,0.7186174,122.4555927,50,2288976,1845273,973874
3299,Indonesia,Gorontalo,0.7186174,122.4555927,75,1867768,1933675,905674
3300,Indonesia,Jakarta Raya,-6.2714155,106.7524204,30,15445,-15137,1302
3301,Indonesia,Jakarta Raya,-6.2714155,106.7524204,50,12261,-12006,706
3302,Indonesia,Jakarta Raya,-6.2714155,106.7524204,75,10931,-10835,282
3303,Indonesia,Jambi,-1.7069965,102.7140041,30,24845610,37954481,4484184
3304,Indonesia,Jambi,-1.7069965,102.7140041,50,24023771,38301170,4377663
3305,Indonesia,Jambi,-1.7069965,102.7140041,75,20601007,38783904,3933367
3306,Indonesia,Jawa Barat,-6.8891904,107.6404716,30,11283435,-8725374,2007190
3307,Indonesia,Jawa Barat,-6.8891904,107.6404716,50,9771123,-7322653,1749028
3308,Indonesia,Jawa Barat,-6.8891904,107.6404716,75,6606144,-4555680,1230679
3309,Indonesia,Jawa Tengah,-7.3032412,110.0044145,30,9813968,-8139983,1507023
3310,Indonesia,Jawa Tengah,-7.3032412,110.0044145,50,8177875,-6621422,1249439
3311,Indonesia,Jawa Tengah,-7.3032412,110.0044145,75,5411004,-4218740,820906
3312,Indonesia,Jawa Timur,-7.6977397,112.4914199,30,10470900,-7624253,1917062
3313,Indonesia,Jawa Timur,-7.6977397,112.4914199,50,8346492,-5670844,1564008
3314,Indonesia,Jawa Timur,-7.6977397,112.4914199,75,5268251,-3010957,1050616
3315,Indonesia,Kalimantan Barat,-0.1322387,111.0968901,30,56663216,67073196,13640399
3316,Indonesia,Kalimantan Barat,-0.1322387,111.0968901,50,54365045,68058814,13273273
3317,Indonesia,Kalimantan Barat,-0.1322387,111.0968901,75,46947477,68186697,12015168
3318,Indonesia,Kalimantan Selatan,-2.9285686,115.3700718,30,17645648,6565685,2818008
3319,Indonesia,Kalimantan Selatan,-2.9285686,115.3700718,50,16048980,7625997,2585069
3320,Indonesia,Kalimantan Selatan,-2.9285686,115.3700718,75,12976409,8124075,2128450
3321,Indonesia,Kalimantan Tengah,-1.499583,113.2903307,30,50244990,74651254,14220881
3322,Indonesia,Kalimantan Tengah,-1.499583,113.2903307,50,47740751,75802996,13834325
3323,Indonesia,Kalimantan Tengah,-1.499583,113.2903307,75,40886057,75727930,12722550
3324,Indonesia,Kalimantan Timur,0.7884397,116.2419977,30,51485310,36657594,11718039
3325,Indonesia,Kalimantan Timur,0.7884397,116.2419977,50,49796271,37219886,11466744
3326,Indonesia,Kalimantan Timur,0.7884397,116.2419977,75,43379414,37135457,10541785
3327,Indonesia,Kalimantan Utara,3.0235817,116.2049306,30,11111563,15468388,6837686
3328,Indonesia,Kalimantan Utara,3.0235817,116.2049306,50,10954955,15533178,6808371
3329,Indonesia,Kalimantan Utara,3.0235817,116.2049306,75,10486965,15565052,6712816
3330,Indonesia,Kepulauan Riau,-0.1547846,104.5803745,30,3149364,345194,689780
3331,Indonesia,Kepulauan Riau,-0.1547846,104.5803745,50,3026734,410899,667261
3332,Indonesia,Kepulauan Riau,-0.1547846,104.5803745,75,2658484,508023,595343
3333,Indonesia,Lampung,-4.8555039,105.0272986,30,11981888,-4619731,1783131
3334,Indonesia,Lampung,-4.8555039,105.0272986,50,10741730,-3673186,1612454
3335,Indonesia,Lampung,-4.8555039,105.0272986,75,8073562,-2055279,1240834
3336,Indonesia,Maluku,-3.4593849,126.656549,30,14129658,-6762690,4147416
3337,Indonesia,Maluku,-3.4593849,126.656549,50,13734706,-6451578,4072180
3338,Indonesia,Maluku,-3.4593849,126.656549,75,12717872,-5821915,3878963
3339,Indonesia,Maluku Utara,0.6301215,127.9720219,30,12014785,-3022874,3073260
3340,Indonesia,Maluku Utara,0.6301215,127.9720219,50,11866436,-2898073,3053842
3341,Indonesia,Maluku Utara,0.6301215,127.9720219,75,11236744,-2429304,2980357
3342,Indonesia,Nusa Tenggara Barat,-8.7892855,117.146169,30,3697945,-1249137,1134688
3343,Indonesia,Nusa Tenggara Barat,-8.7892855,117.146169,50,3361940,-987317,1065482
3344,Indonesia,Nusa Tenggara Barat,-8.7892855,117.146169,75,2725123,-624770,928978
3345,Indonesia,Nusa Tenggara Timur,-8.5656787,120.6978581,30,8202214,-5021769,2298069
3346,Indonesia,Nusa Tenggara Timur,-8.5656787,120.6978581,50,7205619,-4249239,1992016
3347,Indonesia,Nusa Tenggara Timur,-8.5656787,120.6978581,75,5418323,-3010260,1481038
3348,Indonesia,Papua,-2.4749149,138.08485,30,63082760,-39003382,29567782
3349,Indonesia,Papua,-2.4749149,138.08485,50,60831683,-36894639,28806014
3350,Indonesia,Papua,-2.4749149,138.08485,75,55956585,-32725147,27274227
3351,Indonesia,Papua Barat,-2.8553556,133.4738171,30,25534076,-14228716,9456462
3352,Indonesia,Papua Barat,-2.8553556,133.4738171,50,25306253,-14048050,9412141
3353,Indonesia,Papua Barat,-2.8553556,133.4738171,75,24785928,-13749786,9294380
3354,Indonesia,Riau,1.0498079,101.6548433,30,48627822,115914424,7848784
3355,Indonesia,Riau,1.0498079,101.6548433,50,47224603,116314604,7604980
3356,Indonesia,Riau,1.0498079,101.6548433,75,42024217,116803840,6774471
3357,Indonesia,Sulawesi Barat,-2.4974546,119.3918955,30,3887073,4048279,1513864
3358,Indonesia,Sulawesi Barat,-2.4974546,119.3918955,50,3690105,4184001,1479045
3359,Indonesia,Sulawesi Barat,-2.4974546,119.3918955,75,3069523,4435772,1374201
3360,Indonesia,Sulawesi Selatan,-3.6446718,119.9471906,30,9985589,198769,3038092
3361,Indonesia,Sulawesi Selatan,-3.6446718,119.9471906,50,8934659,972160,2862173
3362,Indonesia,Sulawesi Selatan,-3.6446718,119.9471906,75,6168679,2518046,2410049
3363,Indonesia,Sulawesi Tengah,-1.6937786,120.8088555,30,13054905,10790439,5659031
3364,Indonesia,Sulawesi Tengah,-1.6937786,120.8088555,50,12448607,11159762,5563255
3365,Indonesia,Sulawesi Tengah,-1.6937786,120.8088555,75,10516510,11877518,5256814
3366,Indonesia,Sulawesi Tenggara,-3.5491199,121.7279646,30,10689284,5230308,3163838
3367,Indonesia,Sulawesi Tenggara,-3.5491199,121.7279646,50,10096610,5559940,3075180
3368,Indonesia,Sulawesi Tenggara,-3.5491199,121.7279646,75,8415033,6102996,2822638
3369,Indonesia,Sulawesi Utara,0.6555692,124.090151,30,8405534,-4643684,1305508
3370,Indonesia,Sulawesi Utara,0.6555692,124.090151,50,8154251,-4427499,1277909
3371,Indonesia,Sulawesi Utara,0.6555692,124.090151,75,7246301,-3714184,1185486
3372,Indonesia,Sumatera Barat,-0.5827529,100.6133379,30,11492500,8809074,3810773
3373,Indonesia,Sumatera Barat,-0.5827529,100.6133379,50,10902746,9282636,3708105
3374,Indonesia,Sumatera Barat,-0.5827529,100.6133379,75,9316088,10198204,3431665
3375,Indonesia,Sumatera Selatan,-3.2193103,104.4075059,30,56040027,47756430,7037599
3376,Indonesia,Sumatera Selatan,-3.2193103,104.4075059,50,52273419,48321181,6576544
3377,Indonesia,Sumatera Selatan,-3.2193103,104.4075059,75,40915466,44464775,5195627
3378,Indonesia,Sumatera Utara,2.1923519,99.3812201,30,25627360,8280578,5784850
3379,Indonesia,Sumatera Utara,2.1923519,99.3812201,50,24109469,9366133,5530366
3380,Indonesia,Sumatera Utara,2.1923519,99.3812201,75,20062250,11639859,4859065
3381,Indonesia,Yogyakarta,-7.9778384,110.3672257,30,885061,-847830,133245
3382,Indonesia,Yogyakarta,-7.9778384,110.3672257,50,641591,-608818,95038
3383,Indonesia,Yogyakarta,-7.9778384,110.3672257,75,310702,-288637,43514
3384,Iran,Alborz,35.9413239,50.7884216,30,2799,-2787,563
3385,Iran,Alborz,35.9413239,50.7884216,50,2088,-2084,84
3386,Iran,Alborz,35.9413239,50.7884216,75,1983,-1982,7
3387,Iran,Ardebil,38.4583983,47.9313001,30,27612,-25891,16954
3388,Iran,Ardebil,38.4583983,47.9313001,50,21071,-19564,13633
3389,Iran,Ardebil,38.4583983,47.9313001,75,15784,-14866,9646
3390,Iran,Bushehr,28.8936645,51.3204877,30,650,-648,2
3391,Iran,Bushehr,28.8936645,51.3204877,50,645,-643,1
3392,Iran,Bushehr,28.8936645,51.3204877,75,644,-642,1
3393,Iran,Chahar Mahall and Bakhtiari,32.3475167,50.8678254,30,131,-129,43
3394,Iran,Chahar Mahall and Bakhtiari,32.3475167,50.8678254,50,102,-100,25
3395,Iran,Chahar Mahall and Bakhtiari,32.3475167,50.8678254,75,68,-67,3
3396,Iran,East Azarbaijan,37.9160365,46.6781589,30,198014,-197164,51445
3397,Iran,East Azarbaijan,37.9160365,46.6781589,50,153253,-152560,39315
3398,Iran,East Azarbaijan,37.9160365,46.6781589,75,98795,-98386,24559
3399,Iran,Esfahan,32.6707877,51.6650002,30,929,-928,5
3400,Iran,Esfahan,32.6707877,51.6650002,50,923,-923,1
3401,Iran,Esfahan,32.6707877,51.6650002,75,921,-921,0
3402,Iran,Fars,29.299051,53.218456,30,5927,-5833,27
3403,Iran,Fars,29.299051,53.218456,50,5898,-5808,18
3404,Iran,Fars,29.299051,53.218456,75,5841,-5754,1
3405,Iran,Gilan,37.1515627,49.6389743,30,992094,-981309,503532
3406,Iran,Gilan,37.1515627,49.6389743,50,913048,-903992,465015
3407,Iran,Gilan,37.1515627,49.6389743,75,621110,-617856,324905
3408,Iran,Golestan,37.1984436,55.070672,30,788044,-773021,312178
3409,Iran,Golestan,37.1984436,55.070672,50,739601,-726146,292991
3410,Iran,Golestan,37.1984436,55.070672,75,499821,-491014,198725
3411,Iran,Hamadan,34.9726302,48.6563818,30,3518,-3494,1374
3412,Iran,Hamadan,34.9726302,48.6563818,50,2725,-2710,762
3413,Iran,Hamadan,34.9726302,48.6563818,75,1991,-1988,168
3414,Iran,Hormozgan,27.7198095,56.335807,30,146933,-146912,0
3415,Iran,Hormozgan,27.7198095,56.335807,50,146933,-146912,0
3416,Iran,Hormozgan,27.7198095,56.335807,75,146933,-146912,0
3417,Iran,Ilam,33.1545696,46.7576343,30,176,-175,119
3418,Iran,Ilam,33.1545696,46.7576343,50,84,-83,53
3419,Iran,Ilam,33.1545696,46.7576343,75,14,-14,3
3420,Iran,Kerman,29.571858,57.301047,30,9424,-9424,14
3421,Iran,Kerman,29.571858,57.301047,50,9408,-9408,8
3422,Iran,Kerman,29.571858,57.301047,75,9397,-9397,2
3423,Iran,Kermanshah,34.486732,46.808727,30,1670,-1609,799
3424,Iran,Kermanshah,34.486732,46.808727,50,838,-810,377
3425,Iran,Kermanshah,34.486732,46.808727,75,285,-283,70
3426,Iran,Khuzestan,31.5563051,49.0058885,30,5970,-5341,7167
3427,Iran,Khuzestan,31.5563051,49.0058885,50,3279,-2759,2650
3428,Iran,Khuzestan,31.5563051,49.0058885,75,1816,-1364,112
3429,Iran,Kohgiluyeh and Buyer Ahmad,30.6611662,51.5963027,30,112,-109,27
3430,Iran,Kohgiluyeh and Buyer Ahmad,30.6611662,51.5963027,50,85,-83,12
3431,Iran,Kohgiluyeh and Buyer Ahmad,30.6611662,51.5963027,75,65,-63,1
3432,Iran,Kordestan,35.6727813,47.0127981,30,3818,-3759,1824
3433,Iran,Kordestan,35.6727813,47.0127981,50,1809,-1785,622
3434,Iran,Kordestan,35.6727813,47.0127981,75,1055,-1047,148
3435,Iran,Lorestan,33.5368206,48.2443945,30,683,-669,151
3436,Iran,Lorestan,33.5368206,48.2443945,50,580,-568,79
3437,Iran,Lorestan,33.5368206,48.2443945,75,479,-478,6
3438,Iran,Markazi,34.5302705,49.7864561,30,653,-650,75
3439,Iran,Markazi,34.5302705,49.7864561,50,651,-649,73
3440,Iran,Markazi,34.5302705,49.7864561,75,545,-543,0
3441,Iran,Mazandaran,36.3159159,51.8968597,30,1668866,-1652830,785691
3442,Iran,Mazandaran,36.3159159,51.8968597,50,1468525,-1454874,690300
3443,Iran,Mazandaran,36.3159159,51.8968597,75,898039,-892368,420849
3444,Iran,North Khorasan,37.5378855,56.9526137,30,33519,-32941,15015
3445,Iran,North Khorasan,37.5378855,56.9526137,50,28280,-27786,12626
3446,Iran,North Khorasan,37.5378855,56.9526137,75,13980,-13751,6112
3447,Iran,Qazvin,36.0156291,49.8398161,30,3484,-3466,846
3448,Iran,Qazvin,36.0156291,49.8398161,50,2745,-2741,332
3449,Iran,Qazvin,36.0156291,49.8398161,75,2295,-2293,14
3450,Iran,Qom,34.6422939,50.8801184,30,493,-493,2
3451,Iran,Qom,34.6422939,50.8801184,50,492,-492,1
3452,Iran,Qom,34.6422939,50.8801184,75,489,-489,0
3453,Iran,Razavi Khorasan,35.4795009,59.0237291,30,4485,-4428,1302
3454,Iran,Razavi Khorasan,35.4795009,59.0237291,50,3253,-3227,712
3455,Iran,Razavi Khorasan,35.4795009,59.0237291,75,1760,-1747,91
3456,Iran,Semnan,35.3843145,54.6209302,30,34111,-33768,19146
3457,Iran,Semnan,35.3843145,54.6209302,50,30978,-30660,17273
3458,Iran,Semnan,35.3843145,54.6209302,75,18744,-18597,10354
3459,Iran,Sistan and Baluchestan,28.1292481,60.8236848,30,3172,-3172,0
3460,Iran,Sistan and Baluchestan,28.1292481,60.8236848,50,3172,-3172,0
3461,Iran,Sistan and Baluchestan,28.1292481,60.8236848,75,3172,-3172,0
3462,Iran,South Khorasan,33.129577,58.1065069,30,55,-55,0
3463,Iran,South Khorasan,33.129577,58.1065069,50,55,-55,0
3464,Iran,South Khorasan,33.129577,58.1065069,75,55,-55,0
3465,Iran,Tehran,35.6892523,51.3896004,30,2141,-2126,500
3466,Iran,Tehran,35.6892523,51.3896004,50,1729,-1724,215
3467,Iran,Tehran,35.6892523,51.3896004,75,1466,-1462,27
3468,Iran,West Azarbaijan,38.4942731,44.3204853,30,12355,-12074,8023
3469,Iran,West Azarbaijan,38.4942731,44.3204853,50,7583,-7393,4279
3470,Iran,West Azarbaijan,38.4942731,44.3204853,75,3649,-3591,1176
3471,Iran,Yazd,32.0406164,54.6657189,30,224,-224,0
3472,Iran,Yazd,32.0406164,54.6657189,50,224,-224,0
3473,Iran,Yazd,32.0406164,54.6657189,75,224,-224,0
3474,Iran,Zanjan,36.515854,48.4777616,30,9636,-9508,4845
3475,Iran,Zanjan,36.515854,48.4777616,50,8207,-8149,4027
3476,Iran,Zanjan,36.515854,48.4777616,75,6476,-6459,2636
3477,Iraq,Al-Anbar,32.7889443,41.6093983,30,6,6,10
3478,Iraq,Al-Anbar,32.7889443,41.6093983,50,3,-2,3
3479,Iraq,Al-Anbar,32.7889443,41.6093983,75,2,-1,0
3480,Iraq,Al-Basrah,30.4952371,47.8090981,30,31,-4,124
3481,Iraq,Al-Basrah,30.4952371,47.8090981,50,0,18,8
3482,Iraq,Al-Basrah,30.4952371,47.8090981,75,0,0,1
3483,Iraq,Al-Muthannia,,,30,0,0,0
3484,Iraq,Al-Muthannia,,,50,0,0,0
3485,Iraq,Al-Muthannia,,,75,0,0,0
3486,Iraq,Al-Qadisiyah,31.9599617,45.1197814,30,1,-1,2
3487,Iraq,Al-Qadisiyah,31.9599617,45.1197814,50,1,-1,1
3488,Iraq,Al-Qadisiyah,31.9599617,45.1197814,75,0,0,0
3489,Iraq,An-Najaf,32.0010227,44.3299926,30,2,-2,3
3490,Iraq,An-Najaf,32.0010227,44.3299926,50,1,-1,3
3491,Iraq,An-Najaf,32.0010227,44.3299926,75,0,0,0
3492,Iraq,Arbil,36.1911744,44.0094145,30,11641,-11332,2530
3493,Iraq,Arbil,36.1911744,44.0094145,50,7376,-7153,734
3494,Iraq,Arbil,36.1911744,44.0094145,75,6074,-5934,165
3495,Iraq,As-Sulaymaniyah,35.5570501,45.4425963,30,4527,-4456,1266
3496,Iraq,As-Sulaymaniyah,35.5570501,45.4425963,50,2279,-2235,401
3497,Iraq,As-Sulaymaniyah,35.5570501,45.4425963,75,1321,-1292,41
3498,Iraq,At-Ta'mim,35.2960094,44.0311953,30,695,-676,216
3499,Iraq,At-Ta'mim,35.2960094,44.0311953,50,384,-372,118
3500,Iraq,At-Ta'mim,35.2960094,44.0311953,75,118,-108,35
3501,Iraq,Babil,32.6319335,44.5629362,30,11,-6,4
3502,Iraq,Babil,32.6319335,44.5629362,50,10,-7,1
3503,Iraq,Babil,32.6319335,44.5629362,75,9,-7,0
3504,Iraq,Baghdad,33.3061701,44.3872213,30,22,-22,3
3505,Iraq,Baghdad,33.3061701,44.3872213,50,18,-18,0
3506,Iraq,Baghdad,33.3061701,44.3872213,75,18,-18,0
3507,Iraq,Dhi-Qar,31.2857941,46.3068347,30,51,-51,117
3508,Iraq,Dhi-Qar,31.2857941,46.3068347,50,51,-51,116
3509,Iraq,Dhi-Qar,31.2857941,46.3068347,75,0,0,0
3510,Iraq,Dihok,36.8542598,42.9924528,30,12241,-11981,1298
3511,Iraq,Dihok,36.8542598,42.9924528,50,10459,-10259,337
3512,Iraq,Dihok,36.8542598,42.9924528,75,9828,-9811,40
3513,Iraq,Diyala,34.0228719,45.1046224,30,1906,-1744,1275
3514,Iraq,Diyala,34.0228719,45.1046224,50,1242,-1127,755
3515,Iraq,Diyala,34.0228719,45.1046224,75,548,-490,39
3516,Iraq,Karbala',32.5984057,44.0157931,30,103,-103,0
3517,Iraq,Karbala',32.5984057,44.0157931,50,103,-102,0
3518,Iraq,Karbala',32.5984057,44.0157931,75,103,-102,0
3519,Iraq,Maysan,32.0182542,47.0695957,30,4756,-4221,9802
3520,Iraq,Maysan,32.0182542,47.0695957,50,1835,-1333,3790
3521,Iraq,Maysan,32.0182542,47.0695957,75,195,229,411
3522,Iraq,Ninawa,36.0367935,42.3168623,30,2129,-1816,410
3523,Iraq,Ninawa,36.0367935,42.3168623,50,1631,-1407,247
3524,Iraq,Ninawa,36.0367935,42.3168623,75,1090,-996,67
3525,Iraq,Sala ad-Din,34.0478264,43.593453,30,285,-125,442
3526,Iraq,Sala ad-Din,34.0478264,43.593453,50,110,-28,143
3527,Iraq,Sala ad-Din,34.0478264,43.593453,75,35,-24,17
3528,Iraq,Wasit,32.6944827,45.6848009,30,12,-11,5
3529,Iraq,Wasit,32.6944827,45.6848009,50,11,-11,3
3530,Iraq,Wasit,32.6944827,45.6848009,75,10,-10,1
3531,Ireland,Carlow,52.8408344,-6.9261131,30,65885,-25384,13289
3532,Ireland,Carlow,52.8408344,-6.9261131,50,51355,-11831,10367
3533,Ireland,Carlow,52.8408344,-6.9261131,75,25127,8034,4978
3534,Ireland,Cavan,54.034975,-7.2937023,30,265385,-190949,23251
3535,Ireland,Cavan,54.034975,-7.2937023,50,199334,-128671,16311
3536,Ireland,Cavan,54.034975,-7.2937023,75,98098,-42598,5726
3537,Ireland,Clare,53.3455306,-8.9858482,30,496393,-260450,42445
3538,Ireland,Clare,53.3455306,-8.9858482,50,406771,-180273,32910
3539,Ireland,Clare,53.3455306,-8.9858482,75,235681,-66292,15482
3540,Ireland,Cork,51.8985136,-8.4726423,30,573849,-109423,121097
3541,Ireland,Cork,51.8985136,-8.4726423,50,466946,-13162,97521
3542,Ireland,Cork,51.8985136,-8.4726423,75,240509,147123,47801
3543,Ireland,Cork City,51.8897795,-8.4653846,30,573849,-109423,121097
3544,Ireland,Cork City,51.8897795,-8.4653846,50,466946,-13162,97521
3545,Ireland,Cork City,51.8897795,-8.4653846,75,240509,147123,47801
3546,Ireland,Donegal,54.6537924,-8.1102616,30,496077,-278039,45368
3547,Ireland,Donegal,54.6537924,-8.1102616,50,375445,-170596,30969
3548,Ireland,Donegal,54.6537924,-8.1102616,75,218896,-69372,12879
3549,Ireland,Dublin,53.3493795,-6.2605593,30,61820,-39002,10013
3550,Ireland,Dublin,53.3493795,-6.2605593,50,45516,-23925,7364
3551,Ireland,Dublin,53.3493795,-6.2605593,75,20804,-2443,3356
3552,Ireland,Galway,53.2744122,-9.0490601,30,251458,-41280,49685
3553,Ireland,Galway,53.2744122,-9.0490601,50,197172,2922,36661
3554,Ireland,Galway,53.2744122,-9.0490601,75,107700,40306,15986
3555,Ireland,Kerry,52.1453345,-9.5174011,30,485120,-276670,43645
3556,Ireland,Kerry,52.1453345,-9.5174011,50,365897,-173383,30263
3557,Ireland,Kerry,52.1453345,-9.5174011,75,203216,-69352,12359
3558,Ireland,Kildare,53.1568465,-6.9117199,30,122304,-69196,22402
3559,Ireland,Kildare,53.1568465,-6.9117199,50,93318,-42570,16929
3560,Ireland,Kildare,53.1568465,-6.9117199,75,44539,-2618,7403
3561,Ireland,Kilkenny,52.6506255,-7.2514438,30,139396,-47113,28037
3562,Ireland,Kilkenny,52.6506255,-7.2514438,50,114465,-24161,22627
3563,Ireland,Kilkenny,52.6506255,-7.2514438,75,60021,14608,10631
3564,Ireland,Laois,52.9984575,-7.3980338,30,135479,8988,29175
3565,Ireland,Laois,52.9984575,-7.3980338,50,112883,28185,24148
3566,Ireland,Laois,52.9984575,-7.3980338,75,63855,53521,12997
3567,Ireland,Leitrim,54.1401622,-8.0524782,30,155408,-38222,23093
3568,Ireland,Leitrim,54.1401622,-8.0524782,50,112287,-2005,14580
3569,Ireland,Leitrim,54.1401622,-8.0524782,75,75422,12280,7137
3570,Ireland,Limerick,52.661252,-8.6301239,30,127205,-33934,24354
3571,Ireland,Limerick,52.661252,-8.6301239,50,102409,-12024,18654
3572,Ireland,Limerick,52.661252,-8.6301239,75,59258,13340,8833
3573,Ireland,Longford,53.7278,-7.7963816,30,61585,-36801,9008
3574,Ireland,Longford,53.7278,-7.7963816,50,46381,-22898,6196
3575,Ireland,Longford,53.7278,-7.7963816,75,24474,-8110,2111
3576,Ireland,Louth,53.9062849,-6.5320502,30,62115,-46006,9097
3577,Ireland,Louth,53.9062849,-6.5320502,50,49344,-33573,7190
3578,Ireland,Louth,53.9062849,-6.5320502,75,20144,-6294,2853
3579,Ireland,Mayo,53.9087056,-9.2983049,30,458114,-290825,40213
3580,Ireland,Mayo,53.9087056,-9.2983049,50,349788,-193127,26777
3581,Ireland,Mayo,53.9087056,-9.2983049,75,197640,-93082,9092
3582,Ireland,Meath,53.6497514,-6.5884245,30,145393,-118816,23062
3583,Ireland,Meath,53.6497514,-6.5884245,50,114294,-88207,17863
3584,Ireland,Meath,53.6497514,-6.5884245,75,43976,-21983,6005
3585,Ireland,Monaghan,54.2485576,-6.9688855,30,161362,-142507,15019
3586,Ireland,Monaghan,54.2485576,-6.9688855,50,118125,-99869,10773
3587,Ireland,Monaghan,54.2485576,-6.9688855,75,39011,-24743,2816
3588,Ireland,Offaly,53.1361722,-7.8103408,30,142816,-61983,27185
3589,Ireland,Offaly,53.1361722,-7.8103408,50,108549,-30737,20064
3590,Ireland,Offaly,53.1361722,-7.8103408,75,55686,6713,8747
3591,Ireland,Roscommon,53.6312446,-8.19068,30,237726,-149392,19487
3592,Ireland,Roscommon,53.6312446,-8.19068,50,173076,-90019,12507
3593,Ireland,Roscommon,53.6312446,-8.19068,75,98576,-38369,4703
3594,Ireland,Sligo,54.2720696,-8.4751357,30,93018,-14591,17000
3595,Ireland,Sligo,54.2720696,-8.4751357,50,69424,4258,11435
3596,Ireland,Sligo,54.2720696,-8.4751357,75,39928,12132,4673
3597,Ireland,Tipperary,52.4734839,-8.1614446,30,296046,-70334,60375
3598,Ireland,Tipperary,52.4734839,-8.1614446,50,237097,-19687,47299
3599,Ireland,Tipperary,52.4734839,-8.1614446,75,121873,50408,21599
3600,Ireland,Waterford,52.2609997,-7.1119081,30,205522,-25038,44346
3601,Ireland,Waterford,52.2609997,-7.1119081,50,177109,-1272,37877
3602,Ireland,Waterford,52.2609997,-7.1119081,75,96971,55958,19783
3603,Ireland,Westmeath,53.5577902,-7.3478558,30,112161,-66093,19663
3604,Ireland,Westmeath,53.5577902,-7.3478558,50,87741,-43164,14849
3605,Ireland,Westmeath,53.5577902,-7.3478558,75,42203,-6959,5645
3606,Ireland,Wexford,52.3367671,-6.4601397,30,100324,-36556,20467
3607,Ireland,Wexford,52.3367671,-6.4601397,50,79071,-16747,15804
3608,Ireland,Wexford,52.3367671,-6.4601397,75,41683,10891,7503
3609,Ireland,Wicklow,52.9802376,-6.0414184,30,262870,28576,57803
3610,Ireland,Wicklow,52.9802376,-6.0414184,50,223929,60017,48989
3611,Ireland,Wicklow,52.9802376,-6.0414184,75,131265,114653,28004
3612,Italy,Abruzzo,42.227681,13.854983,30,3751076,-3609997,351877
3613,Italy,Abruzzo,42.227681,13.854983,50,3441235,-3306619,320628
3614,Italy,Abruzzo,42.227681,13.854983,75,2938978,-2819924,271145
3615,Italy,Apulia,40.9842539,16.6210027,30,589732,-502487,154737
3616,Italy,Apulia,40.9842539,16.6210027,50,450469,-373841,118051
3617,Italy,Apulia,40.9842539,16.6210027,75,287512,-231422,73589
3618,Italy,Basilicata,40.500571,16.081953,30,1887082,-1658772,317803
3619,Italy,Basilicata,40.500571,16.081953,50,1724820,-1503927,284981
3620,Italy,Basilicata,40.500571,16.081953,75,1431491,-1234613,226272
3621,Italy,Calabria,39.0565974,16.5249864,30,6180406,-5190943,670406
3622,Italy,Calabria,39.0565974,16.5249864,50,5759394,-4811191,614415
3623,Italy,Calabria,39.0565974,16.5249864,75,5001794,-4162868,517471
3624,Italy,Campania,40.860672,14.843984,30,2841951,-2445995,484843
3625,Italy,Campania,40.860672,14.843984,50,2668881,-2284772,440966
3626,Italy,Campania,40.860672,14.843984,75,2326552,-1982024,363790
3627,Italy,Emilia-Romagna,44.525696,11.039437,30,3058243,-2780282,552269
3628,Italy,Emilia-Romagna,44.525696,11.039437,50,2848232,-2578067,505024
3629,Italy,Emilia-Romagna,44.525696,11.039437,75,2382652,-2139046,407067
3630,Italy,Friuli-Venezia Giulia,46.151042,13.055904,30,3019438,-2781317,316336
3631,Italy,Friuli-Venezia Giulia,46.151042,13.055904,50,2823149,-2592448,293334
3632,Italy,Friuli-Venezia Giulia,46.151042,13.055904,75,2216708,-2014736,225275
3633,Italy,Lazio,41.9808038,12.7662312,30,2743747,-2220978,509533
3634,Italy,Lazio,41.9808038,12.7662312,50,2553794,-2046030,463905
3635,Italy,Lazio,41.9808038,12.7662312,75,2117838,-1681420,363528
3636,Italy,Liguria,44.4777617,8.7026296,30,1180665,-1014165,373632
3637,Italy,Liguria,44.4777617,8.7026296,50,1092630,-932732,347171
3638,Italy,Liguria,44.4777617,8.7026296,75,913822,-776842,287233
3639,Italy,Lombardy,45.5703694,9.7732524,30,3781203,-3493911,635355
3640,Italy,Lombardy,45.5703694,9.7732524,50,3543778,-3268686,584728
3641,Italy,Lombardy,45.5703694,9.7732524,75,2789895,-2559765,444574
3642,Italy,Marche,43.3458388,13.1415872,30,1499368,-1402178,220564
3643,Italy,Marche,43.3458388,13.1415872,50,1391868,-1296924,201936
3644,Italy,Marche,43.3458388,13.1415872,75,1033598,-953077,144924
3645,Italy,Molise,41.684672,14.595614,30,587151,-487683,136704
3646,Italy,Molise,41.684672,14.595614,50,538211,-441020,122353
3647,Italy,Molise,41.684672,14.595614,75,453474,-363196,98229
3648,Italy,Piedmont,45.060735,7.923549,30,5226683,-4940354,862734
3649,Italy,Piedmont,45.060735,7.923549,50,4859477,-4588871,782572
3650,Italy,Piedmont,45.060735,7.923549,75,3709117,-3502347,585718
3651,Italy,Sardinia,40.0912813,9.0305773,30,2765125,-2460947,726130
3652,Italy,Sardinia,40.0912813,9.0305773,50,2141380,-1876384,552203
3653,Italy,Sardinia,40.0912813,9.0305773,75,1353530,-1165823,332676
3654,Italy,Sicily,37.587794,14.155048,30,1850692,-1572908,379724
3655,Italy,Sicily,37.587794,14.155048,50,1509484,-1262436,309660
3656,Italy,Sicily,37.587794,14.155048,75,1040540,-868590,209485
3657,Italy,Tuscany,43.4586541,11.1389204,30,4245309,-2986362,1086618
3658,Italy,Tuscany,43.4586541,11.1389204,50,3974054,-2735364,1013615
3659,Italy,Tuscany,43.4586541,11.1389204,75,3375809,-2255071,845547
3660,Italy,Trentino-South Tyrol,46.9065378,11.0957475,30,4730187,-3544517,742823
3661,Italy,Trentino-South Tyrol,46.9065378,11.0957475,50,4472150,-3296355,702057
3662,Italy,Trentino-South Tyrol,46.9065378,11.0957475,75,3577310,-2493978,561185
3663,Italy,Umbria,42.965916,12.490236,30,990965,-582244,290809
3664,Italy,Umbria,42.965916,12.490236,50,907370,-506283,265429
3665,Italy,Umbria,42.965916,12.490236,75,643500,-315771,184143
3666,Italy,Aosta Valley,45.730099,7.387426,30,776597,-758383,93470
3667,Italy,Aosta Valley,45.730099,7.387426,50,699809,-682477,83706
3668,Italy,Aosta Valley,45.730099,7.387426,75,512758,-498865,60364
3669,Italy,Veneto,45.6476663,11.8665254,30,3022178,-2589787,411620
3670,Italy,Veneto,45.6476663,11.8665254,50,2779849,-2354848,374724
3671,Italy,Veneto,45.6476663,11.8665254,75,2087336,-1701552,277124
3672,Japan,Aichi,34.9991645,137.254574,30,1156081,-1060601,230401
3673,Japan,Aichi,34.9991645,137.254574,50,1130031,-1036553,221608
3674,Japan,Aichi,34.9991645,137.254574,75,1052149,-969024,197507
3675,Japan,Akita,39.6898802,140.342608,30,5406937,-4659885,904172
3676,Japan,Akita,39.6898802,140.342608,50,5307125,-4562247,885504
3677,Japan,Akita,39.6898802,140.342608,75,5073425,-4342961,842847
3678,Japan,Aomori,40.886943,140.590121,30,3927011,-3207480,711786
3679,Japan,Aomori,40.886943,140.590121,50,3822696,-3106513,689004
3680,Japan,Aomori,40.886943,140.590121,75,3586191,-2891909,639651
3681,Japan,Chiba,35.549399,140.2647303,30,648086,-571385,188459
3682,Japan,Chiba,35.549399,140.2647303,50,595247,-520567,169370
3683,Japan,Chiba,35.549399,140.2647303,75,485281,-420514,131956
3684,Japan,Ehime,33.6013646,132.8185275,30,2726288,-2516053,457798
3685,Japan,Ehime,33.6013646,132.8185275,50,2673614,-2464374,445675
3686,Japan,Ehime,33.6013646,132.8185275,75,2505333,-2302029,408578
3687,Japan,Fukui,35.9263502,136.6068127,30,1569585,-1513128,329626
3688,Japan,Fukui,35.9263502,136.6068127,50,1547764,-1491786,324211
3689,Japan,Fukui,35.9263502,136.6068127,75,1485030,-1431530,309221
3690,Japan,Fukuoka,33.6251241,130.6180016,30,1260195,-1005923,254751
3691,Japan,Fukuoka,33.6251241,130.6180016,50,1213113,-961673,240884
3692,Japan,Fukuoka,33.6251241,130.6180016,75,1095822,-856589,209963
3693,Japan,Fukushima,37.760777,140.4745807,30,4541930,-3891920,1026521
3694,Japan,Fukushima,37.760777,140.4745807,50,4442134,-3797772,994459
3695,Japan,Fukushima,37.760777,140.4745807,75,4126789,-3521001,902383
3696,Japan,Gifu,35.4230949,136.7627526,30,4348811,-4050469,868366
3697,Japan,Gifu,35.4230949,136.7627526,50,4282482,-3986121,851825
3698,Japan,Gifu,35.4230949,136.7627526,75,4087512,-3803542,805339
3699,Japan,Gunma,36.52198,139.033483,30,1982884,-1768231,450131
3700,Japan,Gunma,36.52198,139.033483,50,1938165,-1725152,436553
3701,Japan,Gunma,36.52198,139.033483,75,1794588,-1593356,396911
3702,Japan,Hiroshima,34.3917241,132.4517589,30,2456950,-1974186,638383
3703,Japan,Hiroshima,34.3917241,132.4517589,50,2395797,-1916603,618801
3704,Japan,Hiroshima,34.3917241,132.4517589,75,2133416,-1686930,540946
3705,Japan,Hokkaido,43.4603175,143.3307158,30,30912737,-26848871,5718486
3706,Japan,Hokkaido,43.4603175,143.3307158,50,30276268,-26229973,5583874
3707,Japan,Hokkaido,43.4603175,143.3307158,75,27972351,-24083475,5117293
3708,Japan,Hyōgo,34.914934,134.860666,30,2462314,-2249025,573752
3709,Japan,Hyōgo,34.914934,134.860666,50,2403826,-2193115,554932
3710,Japan,Hyōgo,34.914934,134.860666,75,2220053,-2024553,497421
3711,Japan,Ibaraki,36.2869536,140.4703384,30,862647,-635061,220708
3712,Japan,Ibaraki,36.2869536,140.4703384,50,810153,-585377,200641
3713,Japan,Ibaraki,36.2869536,140.4703384,75,707545,-500394,163684
3714,Japan,Ishikawa,36.9890574,136.8162839,30,1453570,-1375458,312834
3715,Japan,Ishikawa,36.9890574,136.8162839,50,1424972,-1347600,304812
3716,Japan,Ishikawa,36.9890574,136.8162839,75,1348641,-1274749,285005
3717,Japan,Iwate,39.5713763,141.4253574,30,6370122,-4600147,1225390
3718,Japan,Iwate,39.5713763,141.4253574,50,6225759,-4461851,1193946
3719,Japan,Iwate,39.5713763,141.4253574,75,5774035,-4067934,1099170
3720,Japan,Kagawa,34.2480104,134.0586579,30,239427,-213577,87931
3721,Japan,Kagawa,34.2480104,134.0586579,50,229571,-204289,83323
3722,Japan,Kagawa,34.2480104,134.0586579,75,198524,-176285,69419
3723,Japan,Kagoshima,31.521587,130.5474077,30,2550142,-1805444,655030
3724,Japan,Kagoshima,31.521587,130.5474077,50,2457832,-1717761,627261
3725,Japan,Kagoshima,31.521587,130.5474077,75,2260135,-1544532,570949
3726,Japan,Kanagawa,35.4342935,139.374753,30,379674,-363022,98744
3727,Japan,Kanagawa,35.4342935,139.374753,50,357154,-340983,90102
3728,Japan,Kanagawa,35.4342935,139.374753,75,312826,-298589,75093
3729,Japan,Kochi,33.5588482,133.5310918,30,3796817,-3399081,613299
3730,Japan,Kochi,33.5588482,133.5310918,50,3750451,-3353545,604029
3731,Japan,Kochi,33.5588482,133.5310918,75,3596569,-3205659,574814
3732,Japan,Kumamoto,32.6450475,130.6341345,30,2659648,-2009793,513500
3733,Japan,Kumamoto,32.6450475,130.6341345,50,2573294,-1926287,491970
3734,Japan,Kumamoto,32.6450475,130.6341345,75,2373418,-1742088,447537
3735,Japan,Kyoto,35.0115754,135.7681441,30,1525649,-1393986,360924
3736,Japan,Kyoto,35.0115754,135.7681441,50,1493783,-1363432,351577
3737,Japan,Kyoto,35.0115754,135.7681441,75,1390492,-1268927,322230
3738,Japan,Mie,34.7339685,136.5154489,30,1982072,-1780362,399505
3739,Japan,Mie,34.7339685,136.5154489,50,1937150,-1737810,385794
3740,Japan,Mie,34.7339685,136.5154489,75,1827086,-1641234,353347
3741,Japan,Miyagi,38.3880155,140.9761025,30,1928161,-1407219,442945
3742,Japan,Miyagi,38.3880155,140.9761025,50,1868954,-1352489,424462
3743,Japan,Miyagi,38.3880155,140.9761025,75,1663895,-1184480,368043
3744,Japan,Miyazaki,32.097681,131.294542,30,3042009,-1488177,602223
3745,Japan,Miyazaki,32.097681,131.294542,50,2971104,-1423430,585090
3746,Japan,Miyazaki,32.097681,131.294542,75,2789282,-1276515,545273
3747,Japan,Nagano,36.1143945,138.0319015,30,4692904,-4388657,1058185
3748,Japan,Nagano,36.1143945,138.0319015,50,4598221,-4296517,1033519
3749,Japan,Nagano,36.1143945,138.0319015,75,4242670,-3958924,949796
3750,Japan,Naoasaki,,,30,768165,-683500,288991
3751,Japan,Naoasaki,,,50,735127,-651302,273518
3752,Japan,Naoasaki,,,75,674583,-594458,247131
3753,Japan,Nara,34.6845445,135.8048359,30,1538703,-1463280,296705
3754,Japan,Nara,34.6845445,135.8048359,50,1511692,-1437107,289655
3755,Japan,Nara,34.6845445,135.8048359,75,1444719,-1374475,272401
3756,Japan,Niigata,37.6452283,138.7669125,30,4084826,-3979786,888991
3757,Japan,Niigata,37.6452283,138.7669125,50,3973326,-3869812,862353
3758,Japan,Niigata,37.6452283,138.7669125,75,3549892,-3454075,768257
3759,Japan,Oita,33.2393864,131.6096524,30,2321417,-1606391,461351
3760,Japan,Oita,33.2393864,131.6096524,50,2232279,-1521887,441114
3761,Japan,Oita,33.2393864,131.6096524,75,1978665,-1294490,386252
3762,Japan,Okayama,34.8581334,133.7759256,30,2040061,-1702679,517147
3763,Japan,Okayama,34.8581334,133.7759256,50,1987634,-1652246,499196
3764,Japan,Okayama,34.8581334,133.7759256,75,1789255,-1470601,430026
3765,Japan,Okinawa,26.5707754,128.0255901,30,255153,-137078,110376
3766,Japan,Okinawa,26.5707754,128.0255901,50,249493,-133314,106827
3767,Japan,Okinawa,26.5707754,128.0255901,75,232136,-125306,96093
3768,Japan,Osaka,34.6198813,135.490357,30,268447,-239980,65997
3769,Japan,Osaka,34.6198813,135.490357,50,256797,-229213,61927
3770,Japan,Osaka,34.6198813,135.490357,75,228240,-205201,52496
3771,Japan,Saga,33.2185408,130.1296585,30,613400,-538407,132373
3772,Japan,Saga,33.2185408,130.1296585,50,585841,-511782,124265
3773,Japan,Saga,33.2185408,130.1296585,75,524229,-454312,107864
3774,Japan,Saitama,35.9754168,139.4160114,30,540789,-494857,135266
3775,Japan,Saitama,35.9754168,139.4160114,50,520120,-475299,127195
3776,Japan,Saitama,35.9754168,139.4160114,75,480222,-440222,113417
3777,Japan,Shiga,35.247154,136.109385,30,890739,-833496,210813
3778,Japan,Shiga,35.247154,136.109385,50,865018,-808590,202882
3779,Japan,Shiga,35.247154,136.109385,75,796607,-746912,182159
3780,Japan,Shimane,34.9418212,132.537439,30,2079424,-1735180,557121
3781,Japan,Shimane,34.9418212,132.537439,50,2035219,-1692701,542621
3782,Japan,Shimane,34.9418212,132.537439,75,1907508,-1577258,505056
3783,Japan,Shizuoka,34.9751974,138.3831697,30,2589530,-2372566,532451
3784,Japan,Shizuoka,34.9751974,138.3831697,50,2528025,-2313492,514415
3785,Japan,Shizuoka,34.9751974,138.3831697,75,2360774,-2159479,469384
3786,Japan,Tochigi,36.6782167,139.8096549,30,1728686,-1413413,375872
3787,Japan,Tochigi,36.6782167,139.8096549,50,1678398,-1366176,358953
3788,Japan,Tochigi,36.6782167,139.8096549,75,1539181,-1247518,317398
3789,Japan,Tokushima,33.9196418,134.2509634,30,1640158,-1480611,327475
3790,Japan,Tokushima,33.9196418,134.2509634,50,1616872,-1457929,321137
3791,Japan,Tokushima,33.9196418,134.2509634,75,1545065,-1389620,302330
3792,Japan,Tokyo,35.6768601,139.7638947,30,300698,-272769,77778
3793,Japan,Tokyo,35.6768601,139.7638947,50,290962,-263417,73048
3794,Japan,Tokyo,35.6768601,139.7638947,75,272623,-246623,64959
3795,Japan,Tottori,35.3555075,133.8678525,30,1267524,-1143833,275805
3796,Japan,Tottori,35.3555075,133.8678525,50,1244960,-1121710,269155
3797,Japan,Tottori,35.3555075,133.8678525,75,1185277,-1065148,252729
3798,Japan,Toyama,36.6468015,137.2183531,30,1192893,-1143814,270305
3799,Japan,Toyama,36.6468015,137.2183531,50,1166186,-1117632,263578
3800,Japan,Toyama,36.6468015,137.2183531,75,1075345,-1029732,241601
3801,Japan,Wakayama,33.8070292,135.5930743,30,1983383,-1768424,390246
3802,Japan,Wakayama,33.8070292,135.5930743,50,1951470,-1737630,380846
3803,Japan,Wakayama,33.8070292,135.5930743,75,1874097,-1666171,359429
3804,Japan,Yamagata,38.4746705,140.083237,30,3629120,-3347415,703938
3805,Japan,Yamagata,38.4746705,140.083237,50,3557307,-3277032,688793
3806,Japan,Yamagata,38.4746705,140.083237,75,3371972,-3099769,650461
3807,Japan,Yamaguchi,34.2379614,131.5873845,30,1801113,-1519119,467821
3808,Japan,Yamaguchi,34.2379614,131.5873845,50,1760610,-1480112,454408
3809,Japan,Yamaguchi,34.2379614,131.5873845,75,1652295,-1380714,419957
3810,Japan,Yamanashi,35.6399328,138.6380495,30,1208859,-1055532,356547
3811,Japan,Yamanashi,35.6399328,138.6380495,50,1189156,-1036670,348371
3812,Japan,Yamanashi,35.6399328,138.6380495,75,1114618,-970238,321716
3813,Jordan,Ajlun,32.3137515,35.6961467,30,1994,-1940,1113
3814,Jordan,Ajlun,32.3137515,35.6961467,50,1494,-1468,798
3815,Jordan,Ajlun,32.3137515,35.6961467,75,600,-598,229
3816,Jordan,Amman,31.9515694,35.9239625,30,37,-37,2
3817,Jordan,Amman,31.9515694,35.9239625,50,35,-35,0
3818,Jordan,Amman,31.9515694,35.9239625,75,35,-35,0
3819,Jordan,Aqaba,29.5266483,35.0075433,30,0,0,0
3820,Jordan,Aqaba,29.5266483,35.0075433,50,0,0,0
3821,Jordan,Aqaba,29.5266483,35.0075433,75,0,0,0
3822,Jordan,Balqa,32.4010093,35.5607928,30,318,-313,63
3823,Jordan,Balqa,32.4010093,35.5607928,50,149,-145,11
3824,Jordan,Balqa,32.4010093,35.5607928,75,112,-108,1
3825,Jordan,Irbid,32.4010093,35.5607928,30,2739,-2733,1093
3826,Jordan,Irbid,32.4010093,35.5607928,50,1932,-1928,722
3827,Jordan,Irbid,32.4010093,35.5607928,75,918,-917,227
3828,Jordan,Jarash,32.2611942,35.8725263,30,38,-37,0
3829,Jordan,Jarash,32.2611942,35.8725263,50,38,-38,0
3830,Jordan,Jarash,32.2611942,35.8725263,75,38,-38,0
3831,Jordan,Karak,31.1257036,35.824704,30,17,-17,0
3832,Jordan,Karak,31.1257036,35.824704,50,17,-17,0
3833,Jordan,Karak,31.1257036,35.824704,75,17,-17,0
3834,Jordan,Ma`an,30.2,35.7333329,30,2,-2,0
3835,Jordan,Ma`an,30.2,35.7333329,50,2,-2,0
3836,Jordan,Ma`an,30.2,35.7333329,75,2,-2,0
3837,Jordan,Madaba,31.7165941,35.7943856,30,12,-12,0
3838,Jordan,Madaba,31.7165941,35.7943856,50,12,-12,0
3839,Jordan,Madaba,31.7165941,35.7943856,75,12,-12,0
3840,Jordan,Mafraq,32.5386102,38.1307328,30,83,-83,0
3841,Jordan,Mafraq,32.5386102,38.1307328,50,83,-83,0
3842,Jordan,Mafraq,32.5386102,38.1307328,75,82,-82,0
3843,Jordan,Tafilah,30.7997469,35.7377626,30,6,-6,0
3844,Jordan,Tafilah,30.7997469,35.7377626,50,6,-6,0
3845,Jordan,Tafilah,30.7997469,35.7377626,75,6,-6,0
3846,Jordan,Zarqa,32.0668425,36.0885771,30,7,-7,0
3847,Jordan,Zarqa,32.0668425,36.0885771,50,7,-7,0
3848,Jordan,Zarqa,32.0668425,36.0885771,75,7,-7,0
3849,Kazakhstan,Almaty,43.2363924,76.9457275,30,3329408,-3296322,836194
3850,Kazakhstan,Almaty,43.2363924,76.9457275,50,2657910,-2630711,647285
3851,Kazakhstan,Almaty,43.2363924,76.9457275,75,1592434,-1574910,360353
3852,Kazakhstan,Aqmola,51.1282205,71.4306682,30,1942291,-1842082,267354
3853,Kazakhstan,Aqmola,51.1282205,71.4306682,50,1280052,-1196724,172702
3854,Kazakhstan,Aqmola,51.1282205,71.4306682,75,302241,-271053,42026
3855,Kazakhstan,Aqtöbe,50.2836268,57.2298651,30,69297,-63822,19919
3856,Kazakhstan,Aqtöbe,50.2836268,57.2298651,50,37371,-32743,10264
3857,Kazakhstan,Aqtöbe,50.2836268,57.2298651,75,13091,-10214,3296
3858,Kazakhstan,Atyrau,47.6605827,50.806203,30,28508,-25935,140827
3859,Kazakhstan,Atyrau,47.6605827,50.806203,50,12830,-11071,84710
3860,Kazakhstan,Atyrau,47.6605827,50.806203,75,5207,-4414,31626
3861,Kazakhstan,East Kazakhstan,49.1558951,87.2900792,30,7363700,-7079710,1947820
3862,Kazakhstan,East Kazakhstan,49.1558951,87.2900792,50,6221508,-6027064,1650700
3863,Kazakhstan,East Kazakhstan,49.1558951,87.2900792,75,4307671,-4139780,1138696
3864,Kazakhstan,Mangghystau,43.7362452,53.1681252,30,3850,-3171,15225
3865,Kazakhstan,Mangghystau,43.7362452,53.1681252,50,3186,-2588,13496
3866,Kazakhstan,Mangghystau,43.7362452,53.1681252,75,2589,-2077,11493
3867,Kazakhstan,North Kazakhstan,53.9797171,69.0450902,30,2138137,-1933759,432772
3868,Kazakhstan,North Kazakhstan,53.9797171,69.0450902,50,1352687,-1180768,267483
3869,Kazakhstan,North Kazakhstan,53.9797171,69.0450902,75,348863,-274343,69509
3870,Kazakhstan,Pavlodar,51.8111545,76.4285287,30,578299,-527233,108585
3871,Kazakhstan,Pavlodar,51.8111545,76.4285287,50,193776,-168538,40262
3872,Kazakhstan,Pavlodar,51.8111545,76.4285287,75,40028,-24400,7635
3873,Kazakhstan,Qaraghandy,49.1767322,74.1811272,30,134816,-129215,32531
3874,Kazakhstan,Qaraghandy,49.1767322,74.1811272,50,65079,-60778,15678
3875,Kazakhstan,Qaraghandy,49.1767322,74.1811272,75,14299,-12109,3371
3876,Kazakhstan,Qostanay,52.0615626,62.9372689,30,767648,-550642,153409
3877,Kazakhstan,Qostanay,52.0615626,62.9372689,50,321830,-213684,61368
3878,Kazakhstan,Qostanay,52.0615626,62.9372689,75,46144,-21133,8962
3879,Kazakhstan,Qyzylorda,45.2058853,63.9155202,30,7544,3178,16375
3880,Kazakhstan,Qyzylorda,45.2058853,63.9155202,50,5218,4231,11402
3881,Kazakhstan,Qyzylorda,45.2058853,63.9155202,75,2371,5000,5351
3882,Kazakhstan,South Kazakhstan,42.3210933,69.5902359,30,196152,-184858,73148
3883,Kazakhstan,South Kazakhstan,42.3210933,69.5902359,50,104676,-95529,45271
3884,Kazakhstan,South Kazakhstan,42.3210933,69.5902359,75,38531,-32580,20555
3885,Kazakhstan,West Kazakhstan,51.2136796,51.3747014,30,442536,-425396,93636
3886,Kazakhstan,West Kazakhstan,51.2136796,51.3747014,50,316413,-302743,61777
3887,Kazakhstan,West Kazakhstan,51.2136796,51.3747014,75,101795,-94461,17593
3888,Kazakhstan,Zhambyl,44.4168463,72.134166,30,382169,-366694,102521
3889,Kazakhstan,Zhambyl,44.4168463,72.134166,50,266879,-253355,72882
3890,Kazakhstan,Zhambyl,44.4168463,72.134166,75,141308,-132180,39241
3891,Kenya,Baringo,0.71401,36.0172739,30,635495,-200027,113987
3892,Kenya,Baringo,0.71401,36.0172739,50,424957,-51392,67668
3893,Kenya,Baringo,0.71401,36.0172739,75,323594,4187,46905
3894,Kenya,Bomet,-0.7196054,35.2399625,30,446429,-129407,120630
3895,Kenya,Bomet,-0.7196054,35.2399625,50,223064,43929,66012
3896,Kenya,Bomet,-0.7196054,35.2399625,75,124273,86067,39284
3897,Kenya,Bungoma,0.7829245,34.7191681,30,324932,-161444,71107
3898,Kenya,Bungoma,0.7829245,34.7191681,50,200787,-58822,48527
3899,Kenya,Bungoma,0.7829245,34.7191681,75,132185,-10880,33921
3900,Kenya,Busia,0.3712048,34.2647952,30,134059,-108486,22037
3901,Kenya,Busia,0.3712048,34.2647952,50,26349,-15270,4744
3902,Kenya,Busia,0.3712048,34.2647952,75,9655,-6008,204
3903,Kenya,Busia,0.3712048,34.2647952,30,123828,-87197,15967
3904,Kenya,Busia,0.3712048,34.2647952,50,35596,-10527,3876
3905,Kenya,Busia,0.3712048,34.2647952,75,11058,1335,586
3906,Kenya,Elgeyo-Marakwet,0.7422192,35.5618083,30,561085,-109428,107093
3907,Kenya,Elgeyo-Marakwet,0.7422192,35.5618083,50,418823,-21279,79268
3908,Kenya,Elgeyo-Marakwet,0.7422192,35.5618083,75,294996,38934,56312
3909,Kenya,Embu,-0.5359479,37.6652884,30,135153,-96120,36166
3910,Kenya,Embu,-0.5359479,37.6652884,50,79450,-61655,23069
3911,Kenya,Embu,-0.5359479,37.6652884,75,42630,-35974,15967
3912,Kenya,Garissa,-0.5236333,40.3564053,30,504411,-486450,239154
3913,Kenya,Garissa,-0.5236333,40.3564053,50,270594,-261631,128226
3914,Kenya,Garissa,-0.5236333,40.3564053,75,14450,-12837,4873
3915,Kenya,Homa Bay,-0.5639601,34.3187819,30,225370,-212215,50462
3916,Kenya,Homa Bay,-0.5639601,34.3187819,50,67927,-60593,10237
3917,Kenya,Homa Bay,-0.5639601,34.3187819,75,7790,-3822,2924
3918,Kenya,Isiolo,1.0060601,38.7478954,30,1550,-1524,117
3919,Kenya,Isiolo,1.0060601,38.7478954,50,1159,-1148,20
3920,Kenya,Isiolo,1.0060601,38.7478954,75,1084,-1077,2
3921,Kenya,Kajiado,-2.121717,36.786255,30,82287,-60875,19467
3922,Kenya,Kajiado,-2.121717,36.786255,50,38925,-25955,10011
3923,Kenya,Kajiado,-2.121717,36.786255,75,17000,-13566,5492
3924,Kenya,Kakamega,0.4957104,34.8015489,30,191524,-125758,35907
3925,Kenya,Kakamega,0.4957104,34.8015489,50,83578,-40449,18425
3926,Kenya,Kakamega,0.4957104,34.8015489,75,66319,-38726,15515
3927,Kenya,Kericho,-0.3209968,35.2261276,30,730401,-195436,141241
3928,Kenya,Kericho,-0.3209968,35.2261276,50,429029,51375,69011
3929,Kenya,Kericho,-0.3209968,35.2261276,75,336771,81362,49843
3930,Kenya,Kiambu,-1.036395,36.8431312,30,368088,-158313,67619
3931,Kenya,Kiambu,-1.036395,36.8431312,50,213447,-48920,39046
3932,Kenya,Kiambu,-1.036395,36.8431312,75,124363,-20600,25314
3933,Kenya,Kilifi,-3.1507392,39.6750716,30,394542,-67281,160174
3934,Kenya,Kilifi,-3.1507392,39.6750716,50,216805,-48847,78074
3935,Kenya,Kilifi,-3.1507392,39.6750716,75,129596,-99508,21865
3936,Kenya,Kirinyaga,-0.468878,37.3027681,30,151251,-115722,47484
3937,Kenya,Kirinyaga,-0.468878,37.3027681,50,94564,-65803,34321
3938,Kenya,Kirinyaga,-0.468878,37.3027681,75,58613,-37998,25693
3939,Kenya,Kisii,-0.7389425,34.7539855,30,286070,-236697,48734
3940,Kenya,Kisii,-0.7389425,34.7539855,50,98640,-66767,7671
3941,Kenya,Kisii,-0.7389425,34.7539855,75,39976,-23665,739
3942,Kenya,Kisumu,-0.1029109,34.7541761,30,111976,-83392,26033
3943,Kenya,Kisumu,-0.1029109,34.7541761,50,23353,-4621,5599
3944,Kenya,Kisumu,-0.1029109,34.7541761,75,6829,4794,1254
3945,Kenya,Kitui,-1.5642219,38.3728116,30,93501,-65060,32855
3946,Kenya,Kitui,-1.5642219,38.3728116,50,39911,-33684,7884
3947,Kenya,Kitui,-1.5642219,38.3728116,75,24207,-21283,194
3948,Kenya,Kwale,-4.1836067,39.105095,30,656197,-231904,88915
3949,Kenya,Kwale,-4.1836067,39.105095,50,389840,-124573,50862
3950,Kenya,Kwale,-4.1836067,39.105095,75,207387,-108900,23759
3951,Kenya,Laikipia,0.2858452,36.8257711,30,172508,-9007,46231
3952,Kenya,Laikipia,0.2858452,36.8257711,50,87205,55623,26678
3953,Kenya,Laikipia,0.2858452,36.8257711,75,35345,66031,11675
3954,Kenya,Lamu,-2.2675396,40.9010641,30,913370,-621396,244949
3955,Kenya,Lamu,-2.2675396,40.9010641,50,727997,-557111,150312
3956,Kenya,Lamu,-2.2675396,40.9010641,75,491351,-433126,24536
3957,Kenya,Machakos,-1.2790047,37.3952698,30,51830,-26026,7796
3958,Kenya,Machakos,-1.2790047,37.3952698,50,24362,-10945,2827
3959,Kenya,Machakos,-1.2790047,37.3952698,75,14392,-9602,1155
3960,Kenya,Makueni,-2.257093,37.8771715,30,184229,-149305,29163
3961,Kenya,Makueni,-2.257093,37.8771715,50,72889,-55128,8646
3962,Kenya,Makueni,-2.257093,37.8771715,75,25720,-18905,2826
3963,Kenya,Mandera,3.2285332,40.7056153,30,594,-573,0
3964,Kenya,Mandera,3.2285332,40.7056153,50,593,-572,0
3965,Kenya,Mandera,3.2285332,40.7056153,75,593,-572,0
3966,Kenya,Marsabit,2.8579583,37.7154892,30,25457,-25287,8614
3967,Kenya,Marsabit,2.8579583,37.7154892,50,6158,-6095,837
3968,Kenya,Marsabit,2.8579583,37.7154892,75,4171,-4145,2
3969,Kenya,Meru,0.2254509,37.7772624,30,557189,-447534,120911
3970,Kenya,Meru,0.2254509,37.7772624,50,322248,-237068,69309
3971,Kenya,Meru,0.2254509,37.7772624,75,178309,-123475,37832
3972,Kenya,Migori,-1.0192237,34.3095427,30,78099,-54271,14725
3973,Kenya,Migori,-1.0192237,34.3095427,50,20540,-10682,1227
3974,Kenya,Migori,-1.0192237,34.3095427,75,14814,-9807,70
3975,Kenya,Mombasa,-4.05052,39.667169,30,34890,-17976,3811
3976,Kenya,Mombasa,-4.05052,39.667169,50,30975,-19013,2353
3977,Kenya,Mombasa,-4.05052,39.667169,75,27377,-23341,690
3978,Kenya,Murang'a,-0.8317087,37.0049216,30,326609,-217176,83220
3979,Kenya,Murang'a,-0.8317087,37.0049216,50,163536,-83087,44652
3980,Kenya,Murang'a,-0.8317087,37.0049216,75,96330,-44954,25444
3981,Kenya,Nairobi,-1.2890006,36.8172812,30,70430,-58461,5242
3982,Kenya,Nairobi,-1.2890006,36.8172812,50,38128,-29565,2517
3983,Kenya,Nairobi,-1.2890006,36.8172812,75,7401,-2583,485
3984,Kenya,Nakuru,-0.2802724,36.0712048,30,698265,138076,123398
3985,Kenya,Nakuru,-0.2802724,36.0712048,50,471284,305752,81417
3986,Kenya,Nakuru,-0.2802724,36.0712048,75,327387,332601,52201
3987,Kenya,Nandi,0.2253933,35.1244929,30,550021,-159659,110190
3988,Kenya,Nandi,0.2253933,35.1244929,50,272019,45789,57775
3989,Kenya,Nandi,0.2253933,35.1244929,75,182700,78568,43485
3990,Kenya,Narok,-1.2779366,35.4774228,30,918059,662368,334630
3991,Kenya,Narok,-1.2779366,35.4774228,50,485416,886315,233535
3992,Kenya,Narok,-1.2779366,35.4774228,75,248020,723604,153304
3993,Kenya,Nyamira,-0.6517907,34.934167,30,335232,-187640,45410
3994,Kenya,Nyamira,-0.6517907,34.934167,50,174016,-57518,13060
3995,Kenya,Nyamira,-0.6517907,34.934167,75,91653,-7455,3625
3996,Kenya,Nyandarua,-0.3917064,36.4977397,30,438814,-241044,86038
3997,Kenya,Nyandarua,-0.3917064,36.4977397,50,312671,-148201,62703
3998,Kenya,Nyandarua,-0.3917064,36.4977397,75,196488,-73923,31320
3999,Kenya,Nyeri,-0.4192962,36.9517005,30,797081,-615056,172310
4000,Kenya,Nyeri,-0.4192962,36.9517005,50,544271,-390618,125146
4001,Kenya,Nyeri,-0.4192962,36.9517005,75,324536,-208645,76755
4002,Kenya,Samburu,1.5394463,36.942166,30,341181,-326970,84135
4003,Kenya,Samburu,1.5394463,36.942166,50,201635,-191592,50780
4004,Kenya,Samburu,1.5394463,36.942166,75,72358,-68636,18859
4005,Kenya,Siaya,-0.0604013,34.200135,30,166156,-95629,35127
4006,Kenya,Siaya,-0.0604013,34.200135,50,29835,9684,7874
4007,Kenya,Siaya,-0.0604013,34.200135,75,5536,4290,490
4008,Kenya,Taita Taveta,-3.4178355,38.3670676,30,95149,-80175,28346
4009,Kenya,Taita Taveta,-3.4178355,38.3670676,50,37338,-30070,10275
4010,Kenya,Taita Taveta,-3.4178355,38.3670676,75,10825,-9519,1392
4011,Kenya,Tana River,-1.5365119,39.5508374,30,140597,14791,60109
4012,Kenya,Tana River,-1.5365119,39.5508374,50,89308,36230,33938
4013,Kenya,Tana River,-1.5365119,39.5508374,75,43981,6791,7092
4014,Kenya,Tharaka-Nithi,-0.1937081,37.961405,30,87745,-76807,39941
4015,Kenya,Tharaka-Nithi,-0.1937081,37.961405,50,58755,-51228,30985
4016,Kenya,Tharaka-Nithi,-0.1937081,37.961405,75,36348,-32521,24136
4017,Kenya,Trans Nzoia,1.0454582,34.979044,30,378193,-196729,51443
4018,Kenya,Trans Nzoia,1.0454582,34.979044,50,243196,-78673,35697
4019,Kenya,Trans Nzoia,1.0454582,34.979044,75,147537,-9768,23302
4020,Kenya,Turkana,3.5258945,36.0742949,30,54041,-51716,6308
4021,Kenya,Turkana,3.5258945,36.0742949,50,36238,-35470,1968
4022,Kenya,Turkana,3.5258945,36.0742949,75,28368,-27885,191
4023,Kenya,Uasin Gishu,0.4771938,35.3050597,30,239757,73171,35964
4024,Kenya,Uasin Gishu,0.4771938,35.3050597,50,173783,118246,26440
4025,Kenya,Uasin Gishu,0.4771938,35.3050597,75,136729,122637,20599
4026,Kenya,Vihiga,0.0819284,34.7084197,30,78020,-60077,12044
4027,Kenya,Vihiga,0.0819284,34.7084197,50,23832,-10363,3874
4028,Kenya,Vihiga,0.0819284,34.7084197,75,15887,-5257,2741
4029,Kenya,Wajir,1.9394402,40.024736,30,284,-283,32
4030,Kenya,Wajir,1.9394402,40.024736,50,213,-213,0
4031,Kenya,Wajir,1.9394402,40.024736,75,213,-213,0
4032,Kenya,West Pokot,1.8798608,35.210613,30,325693,-75791,100203
4033,Kenya,West Pokot,1.8798608,35.210613,50,167149,29770,57962
4034,Kenya,West Pokot,1.8798608,35.210613,75,72936,54691,29418
4035,Kosovo,Gnjilane,42.463515,21.4693599,30,408975,-332331,47996
4036,Kosovo,Gnjilane,42.463515,21.4693599,50,373359,-297265,43864
4037,Kosovo,Gnjilane,42.463515,21.4693599,75,244289,-175645,28941
4038,Kosovo,Kosovska Mitrovica,42.8790424,20.8657862,30,822849,-732502,92373
4039,Kosovo,Kosovska Mitrovica,42.8790424,20.8657862,50,747103,-657678,83776
4040,Kosovo,Kosovska Mitrovica,42.8790424,20.8657862,75,558338,-476389,62508
4041,Kosovo,Pećki,42.7034892,20.3308466,30,380890,-343695,40114
4042,Kosovo,Pećki,42.7034892,20.3308466,50,337043,-300963,35456
4043,Kosovo,Pećki,42.7034892,20.3308466,75,238352,-207142,24985
4044,Kosovo,Pristina,42.6638771,21.1640849,30,586311,-498340,67281
4045,Kosovo,Pristina,42.6638771,21.1640849,50,543742,-456902,62376
4046,Kosovo,Pristina,42.6638771,21.1640849,75,365823,-293407,41943
4047,Kosovo,Prizren,42.2130151,20.7363339,30,387635,-372621,45058
4048,Kosovo,Prizren,42.2130151,20.7363339,50,329617,-315499,38163
4049,Kosovo,Prizren,42.2130151,20.7363339,75,231374,-220116,26504
4050,Kosovo,Uroševac,42.3682168,21.1532848,30,399029,-366896,45687
4051,Kosovo,Uroševac,42.3682168,21.1532848,50,371228,-339623,42511
4052,Kosovo,Uroševac,42.3682168,21.1532848,75,288337,-259841,33018
4053,Kosovo,Đakovica,42.3798793,20.4316226,30,265061,-238529,31429
4054,Kosovo,Đakovica,42.3798793,20.4316226,50,239357,-213611,28250
4055,Kosovo,Đakovica,42.3798793,20.4316226,75,176615,-154064,20668
4056,Kyrgyzstan,Batken,39.8661193,71.5761465,30,229750,-228363,38687
4057,Kyrgyzstan,Batken,39.8661193,71.5761465,50,112226,-111298,17323
4058,Kyrgyzstan,Batken,39.8661193,71.5761465,75,46374,-45825,5287
4059,Kyrgyzstan,Biškek,42.8761424,74.6036724,30,1039,-983,615
4060,Kyrgyzstan,Biškek,42.8761424,74.6036724,50,755,-713,415
4061,Kyrgyzstan,Biškek,42.8761424,74.6036724,75,488,-474,209
4062,Kyrgyzstan,Chüy,42.5550236,74.621991,30,896675,-882875,182393
4063,Kyrgyzstan,Chüy,42.5550236,74.621991,50,717981,-705052,145101
4064,Kyrgyzstan,Chüy,42.5550236,74.621991,75,476154,-465282,95242
4065,Kyrgyzstan,Jalal-Abad,41.5107353,73.2283479,30,1172628,-1169187,208045
4066,Kyrgyzstan,Jalal-Abad,41.5107353,73.2283479,50,705017,-702175,122831
4067,Kyrgyzstan,Jalal-Abad,41.5107353,73.2283479,75,324118,-322634,52889
4068,Kyrgyzstan,Naryn,41.3670658,75.9931838,30,163235,-162556,29770
4069,Kyrgyzstan,Naryn,41.3670658,75.9931838,50,89038,-88539,15579
4070,Kyrgyzstan,Naryn,41.3670658,75.9931838,75,32827,-32590,4606
4071,Kyrgyzstan,Osh,40.1621814,73.3667068,30,576377,-574646,99466
4072,Kyrgyzstan,Osh,40.1621814,73.3667068,50,301083,-299677,50031
4073,Kyrgyzstan,Osh,40.1621814,73.3667068,75,98042,-97463,13629
4074,Kyrgyzstan,Osh (city),40.5172678,72.8049894,30,108,-107,7
4075,Kyrgyzstan,Osh (city),40.5172678,72.8049894,50,95,-95,5
4076,Kyrgyzstan,Osh (city),40.5172678,72.8049894,75,71,-71,0
4077,Kyrgyzstan,Talas,42.4406778,72.1408556,30,160961,-158977,30197
4078,Kyrgyzstan,Talas,42.4406778,72.1408556,50,84380,-83117,15515
4079,Kyrgyzstan,Talas,42.4406778,72.1408556,75,30114,-29677,5068
4080,Kyrgyzstan,Ysyk-Köl,42.4620399,77.0789862,30,380124,-378080,85754
4081,Kyrgyzstan,Ysyk-Köl,42.4620399,77.0789862,50,285460,-283626,63521
4082,Kyrgyzstan,Ysyk-Köl,42.4620399,77.0789862,75,144326,-142977,31447
4083,Laos,Attapu,14.79073,107.1008318,30,1101221,3879711,816278
4084,Laos,Attapu,14.79073,107.1008318,50,1001245,3784549,781602
4085,Laos,Attapu,14.79073,107.1008318,75,868774,3458606,721020
4086,Laos,Bokeo,20.317445,100.3958112,30,943990,3413196,620200
4087,Laos,Bokeo,20.317445,100.3958112,50,902851,3303027,597540
4088,Laos,Bokeo,20.317445,100.3958112,75,755291,2814461,511560
4089,Laos,Bolikhamxai,18.5806594,104.1491594,30,3182499,5455154,1429275
4090,Laos,Bolikhamxai,18.5806594,104.1491594,50,2992575,5485919,1391976
4091,Laos,Bolikhamxai,18.5806594,104.1491594,75,2432532,5086691,1261487
4092,Laos,Champasak,14.8828473,105.8420794,30,2184794,2066892,964728
4093,Laos,Champasak,14.8828473,105.8420794,50,1781644,2289089,866847
4094,Laos,Champasak,14.8828473,105.8420794,75,1299095,2272598,708971
4095,Laos,Houaphan,20.2354748,103.6203387,30,1821977,7692471,1595266
4096,Laos,Houaphan,20.2354748,103.6203387,50,1687029,7502910,1534611
4097,Laos,Houaphan,20.2354748,103.6203387,75,1171396,6472841,1277170
4098,Laos,Khammouan,17.5842055,105.2471325,30,3282116,2692390,1387576
4099,Laos,Khammouan,17.5842055,105.2471325,50,2802719,3017232,1283866
4100,Laos,Khammouan,17.5842055,105.2471325,75,1835419,2463471,986335
4101,Laos,Louang Namtha,20.9515207,101.3830898,30,1329448,5161087,927060
4102,Laos,Louang Namtha,20.9515207,101.3830898,50,1262556,5113458,906778
4103,Laos,Louang Namtha,20.9515207,101.3830898,75,1010995,4794948,821269
4104,Laos,Louangphrabang,19.8187329,102.0778347,30,5067483,8917439,1842978
4105,Laos,Louangphrabang,19.8187329,102.0778347,50,4794673,8552638,1755570
4106,Laos,Louangphrabang,19.8187329,102.0778347,75,3570832,6607987,1354265
4107,Laos,Oudômxai,20.2386431,101.7536598,30,2920962,6910805,1090228
4108,Laos,Oudômxai,20.2386431,101.7536598,50,2767755,6666435,1041890
4109,Laos,Oudômxai,20.2386431,101.7536598,75,2181370,5481012,846028
4110,Laos,Phôngsali,21.6767816,102.2773177,30,3023171,4417074,1440613
4111,Laos,Phôngsali,21.6767816,102.2773177,50,2846617,4360990,1385285
4112,Laos,Phôngsali,21.6767816,102.2773177,75,2045435,3642422,1072477
4113,Laos,Saravan,15.87128,106.3389565,30,2071622,1611512,737821
4114,Laos,Saravan,15.87128,106.3389565,50,1860306,1661474,681783
4115,Laos,Saravan,15.87128,106.3389565,75,1210406,1361119,498828
4116,Laos,Savannakhét,16.5001958,105.7155946,30,3601066,5075253,1255484
4117,Laos,Savannakhét,16.5001958,105.7155946,50,3146474,5094151,1131192
4118,Laos,Savannakhét,16.5001958,105.7155946,75,1861943,3499978,748591
4119,Laos,Vientiane,17.9640988,102.6133707,30,2940187,3390019,997962
4120,Laos,Vientiane,17.9640988,102.6133707,50,2731916,3292546,939594
4121,Laos,Vientiane,17.9640988,102.6133707,75,2013024,2493747,719429
4122,Laos,Vientiane [prefecture],18.120498,102.6505431,30,463150,787484,155126
4123,Laos,Vientiane [prefecture],18.120498,102.6505431,50,378847,709062,128066
4124,Laos,Vientiane [prefecture],18.120498,102.6505431,75,190287,325113,61082
4125,Laos,Xaignabouri,19.2536139,101.6180985,30,3591343,2688372,1307419
4126,Laos,Xaignabouri,19.2536139,101.6180985,50,3283419,2607204,1223439
4127,Laos,Xaignabouri,19.2536139,101.6180985,75,1912232,1802162,790328
4128,Laos,Xaisômboun,18.8631725,103.0344783,30,1737228,1826187,704315
4129,Laos,Xaisômboun,18.8631725,103.0344783,50,1669239,1847224,688863
4130,Laos,Xaisômboun,18.8631725,103.0344783,75,1418137,1806188,628613
4131,Laos,Xiangkhoang,19.4180025,103.3557599,30,1710729,4731763,1068951
4132,Laos,Xiangkhoang,19.4180025,103.3557599,50,1567682,4656364,1016641
4133,Laos,Xiangkhoang,19.4180025,103.3557599,75,1020680,3833297,784636
4134,Laos,Xékong,14.7541265,106.7112471,30,1238498,2343452,777571
4135,Laos,Xékong,14.7541265,106.7112471,50,1175545,2334592,759768
4136,Laos,Xékong,14.7541265,106.7112471,75,996100,2153735,698289
4137,Latvia,Kurzeme,57.3277236,21.5769469,30,5219177,-2102092,810003
4138,Latvia,Kurzeme,57.3277236,21.5769469,50,4954297,-1863279,766679
4139,Latvia,Kurzeme,57.3277236,21.5769469,75,3936654,-1100221,611693
4140,Latvia,Latgale,55.9354966,26.5428431,30,4576316,-2372536,706738
4141,Latvia,Latgale,55.9354966,26.5428431,50,4216065,-2033611,646166
4142,Latvia,Latgale,55.9354966,26.5428431,75,3216379,-1220825,486883
4143,Latvia,Riga,56.9493977,24.1051846,30,3981182,-1641011,603391
4144,Latvia,Riga,56.9493977,24.1051846,50,3692028,-1381156,558139
4145,Latvia,Riga,56.9493977,24.1051846,75,2855875,-757618,432748
4146,Latvia,Vidzeme,57.4079124,25.8769654,30,5916484,-2232420,923747
4147,Latvia,Vidzeme,57.4079124,25.8769654,50,5593306,-1932240,872510
4148,Latvia,Vidzeme,57.4079124,25.8769654,75,4467532,-1062380,699897
4149,Latvia,Zemgale,56.5826874,23.5549847,30,3153074,-1077526,509628
4150,Latvia,Zemgale,56.5826874,23.5549847,50,2966719,-905880,477549
4151,Latvia,Zemgale,56.5826874,23.5549847,75,2394149,-480888,381313
4152,Lebanon,Akkar,34.5555272,36.1759575,30,34244,-20113,8559
4153,Lebanon,Akkar,34.5555272,36.1759575,50,23416,-12832,5597
4154,Lebanon,Akkar,34.5555272,36.1759575,75,12534,-6695,2678
4155,Lebanon,Baalbak - Hermel,34.4203804,36.1646997,30,1387,-708,324
4156,Lebanon,Baalbak - Hermel,34.4203804,36.1646997,50,1055,-514,234
4157,Lebanon,Baalbak - Hermel,34.4203804,36.1646997,75,670,-321,129
4158,Lebanon,Beirut,33.8892265,35.5025585,30,6,-6,1
4159,Lebanon,Beirut,33.8892265,35.5025585,50,5,-5,0
4160,Lebanon,Beirut,33.8892265,35.5025585,75,4,-4,0
4161,Lebanon,Bekaa,33.6746204,35.8333757,30,2041,-1990,398
4162,Lebanon,Bekaa,33.6746204,35.8333757,50,1315,-1282,200
4163,Lebanon,Bekaa,33.6746204,35.8333757,75,763,-750,52
4164,Lebanon,Mount Lebanon,34.29,36.092,30,122337,-83180,29784
4165,Lebanon,Mount Lebanon,34.29,36.092,50,86680,-56262,20637
4166,Lebanon,Mount Lebanon,34.29,36.092,75,39736,-24321,8804
4167,Lebanon,Nabatiyeh,33.3549599,35.491872,30,14952,-12844,3711
4168,Lebanon,Nabatiyeh,33.3549599,35.491872,50,9807,-8475,2322
4169,Lebanon,Nabatiyeh,33.3549599,35.491872,75,3998,-3499,751
4170,Lebanon,North,34.29,36.092,30,1662156,-1298284,784830
4171,Lebanon,North,34.29,36.092,50,259273,-198336,51534
4172,Lebanon,North,34.29,36.092,75,164851,-149787,325
4173,Lebanon,North,34.29,36.092,30,54327,-35957,12944
4174,Lebanon,North,34.29,36.092,50,37339,-23765,8492
4175,Lebanon,North,34.29,36.092,75,19219,-12084,3814
4176,Lebanon,South,45.069703,-99.769837,30,17240303,-4681142,4706223
4177,Lebanon,South,45.069703,-99.769837,50,17094099,-4645443,4689418
4178,Lebanon,South,45.069703,-99.769837,75,14864292,-4834941,4314765
4179,Lebanon,South,45.069703,-99.769837,30,36406,-28187,9516
4180,Lebanon,South,45.069703,-99.769837,50,25801,-19742,6539
4181,Lebanon,South,45.069703,-99.769837,75,12132,-9391,2869
4182,Liberia,Bomi,6.7177856,-10.7881766,30,1617929,691357,202227
4183,Liberia,Bomi,6.7177856,-10.7881766,50,1528076,699830,192949
4184,Liberia,Bomi,6.7177856,-10.7881766,75,159709,56223,22392
4185,Liberia,Bong,6.9622195,-9.7134459,30,7125507,4051645,820903
4186,Liberia,Bong,6.9622195,-9.7134459,50,6398444,4053372,753865
4187,Liberia,Bong,6.9622195,-9.7134459,75,550992,586502,82350
4188,Liberia,Gbapolu,,,30,3560377,-307087,922091
4189,Liberia,Gbapolu,,,50,3539943,-298912,919753
4190,Liberia,Gbapolu,,,75,2150798,-691246,662195
4191,Liberia,Grand Bassa,6.1640621,-9.895669,30,5045032,2050677,730958
4192,Liberia,Grand Bassa,6.1640621,-9.895669,50,4737425,2101498,698317
4193,Liberia,Grand Bassa,6.1640621,-9.895669,75,648584,418754,127731
4194,Liberia,Grand Cape Mount,7.0496206,-11.129843,30,2702875,136908,469231
4195,Liberia,Grand Cape Mount,7.0496206,-11.129843,50,2595581,166563,456892
4196,Liberia,Grand Cape Mount,7.0496206,-11.129843,75,628540,-221151,171873
4197,Liberia,Grand Gedeh,5.8161533,-8.0995537,30,4161438,-1391745,1022329
4198,Liberia,Grand Gedeh,5.8161533,-8.0995537,50,4128383,-1383728,1018865
4199,Liberia,Grand Gedeh,5.8161533,-8.0995537,75,1518147,-439539,491414
4200,Liberia,Grand Kru,4.84932,-8.3308845,30,1573976,-11522,351176
4201,Liberia,Grand Kru,4.84932,-8.3308845,50,1472765,13295,338703
4202,Liberia,Grand Kru,4.84932,-8.3308845,75,448654,-159473,130399
4203,Liberia,Lofa,7.8824046,-9.9760297,30,5219229,2934233,1006713
4204,Liberia,Lofa,7.8824046,-9.9760297,50,5070742,2973379,983114
4205,Liberia,Lofa,7.8824046,-9.9760297,75,1661183,591221,471440
4206,Liberia,Margibi,6.6053676,-10.1758429,30,1918612,868439,255016
4207,Liberia,Margibi,6.6053676,-10.1758429,50,1532327,943093,213242
4208,Liberia,Margibi,6.6053676,-10.1758429,75,84599,140345,16913
4209,Liberia,Maryland,4.6355376,-7.7281669,30,1192806,169613,204741
4210,Liberia,Maryland,4.6355376,-7.7281669,50,1099629,177173,193720
4211,Liberia,Maryland,4.6355376,-7.7281669,75,184946,122,42345
4212,Liberia,Maryland,4.6355376,-7.7281669,30,7888794,-6727223,1238907
4213,Liberia,Maryland,4.6355376,-7.7281669,50,7108891,-5964059,1113357
4214,Liberia,Maryland,4.6355376,-7.7281669,75,6148420,-5082384,959245
4215,Liberia,Montserrado,6.4095537,-10.6059403,30,1243068,522058,154598
4216,Liberia,Montserrado,6.4095537,-10.6059403,50,1065998,570432,135244
4217,Liberia,Montserrado,6.4095537,-10.6059403,75,71086,55952,8071
4218,Liberia,Nimba,6.8088813,-8.7461448,30,8895933,1692906,1173001
4219,Liberia,Nimba,6.8088813,-8.7461448,50,8090196,1948944,1092770
4220,Liberia,Nimba,6.8088813,-8.7461448,75,1178712,205556,279609
4221,Liberia,River Gee,5.2653903,-7.8856203,30,2782369,-1348828,616406
4222,Liberia,River Gee,5.2653903,-7.8856203,50,2742719,-1335889,612159
4223,Liberia,River Gee,5.2653903,-7.8856203,75,655709,-396019,202159
4224,Liberia,Rivercess,5.9087331,-9.3938267,30,2488930,210117,524516
4225,Liberia,Rivercess,5.9087331,-9.3938267,50,2455085,217139,520693
4226,Liberia,Rivercess,5.9087331,-9.3938267,75,1054140,-115218,287536
4227,Liberia,Sinoe,5.3232693,-8.8435955,30,3563275,-1558463,930810
4228,Liberia,Sinoe,5.3232693,-8.8435955,50,3518856,-1544018,924888
4229,Liberia,Sinoe,5.3232693,-8.8435955,75,2033156,-1225621,615247
4230,Lithuania,Alytaus,55.7319393,21.1423197,30,2210917,-1331050,289751
4231,Lithuania,Alytaus,55.7319393,21.1423197,50,2007254,-1162519,259845
4232,Lithuania,Alytaus,55.7319393,21.1423197,75,1100622,-538567,139933
4233,Lithuania,Kauno,54.8982139,23.9044817,30,1730474,-953945,250985
4234,Lithuania,Kauno,54.8982139,23.9044817,50,1644431,-872363,236361
4235,Lithuania,Kauno,54.8982139,23.9044817,75,1374006,-645554,193612
4236,Lithuania,Klaipedos,55.7827168,21.3496449,30,959473,-567335,158777
4237,Lithuania,Klaipedos,55.7827168,21.3496449,50,903311,-516175,147909
4238,Lithuania,Klaipedos,55.7827168,21.3496449,75,728494,-370170,116753
4239,Lithuania,Marijampoles,54.6792304,23.2004406,30,659557,-385452,101534
4240,Lithuania,Marijampoles,54.6792304,23.2004406,50,617767,-345693,94125
4241,Lithuania,Marijampoles,54.6792304,23.2004406,75,484919,-237774,71974
4242,Lithuania,Panevezio,55.9155086,25.0309026,30,1319755,-644181,234458
4243,Lithuania,Panevezio,55.9155086,25.0309026,50,1255445,-581986,222068
4244,Lithuania,Panevezio,55.9155086,25.0309026,75,1055899,-413170,184446
4245,Lithuania,Taurages,55.3564378,22.405222,30,864225,-463780,140286
4246,Lithuania,Taurages,55.3564378,22.405222,50,823714,-426001,132803
4247,Lithuania,Taurages,55.3564378,22.405222,75,682911,-314055,108230
4248,Lithuania,Telšiai,55.9846135,22.2490753,30,992284,-576612,159377
4249,Lithuania,Telšiai,55.9846135,22.2490753,50,940563,-527274,150372
4250,Lithuania,Telšiai,55.9846135,22.2490753,75,730324,-348268,115936
4251,Lithuania,Utenos,55.5277248,25.2821151,30,2056677,-1442140,297340
4252,Lithuania,Utenos,55.5277248,25.2821151,50,1923880,-1312897,276010
4253,Lithuania,Utenos,55.5277248,25.2821151,75,1519960,-952236,214872
4254,Lithuania,Vilniaus,54.682847,25.2878406,30,3271420,-1983582,464757
4255,Lithuania,Vilniaus,54.682847,25.2878406,50,3083861,-1810521,434415
4256,Lithuania,Vilniaus,54.682847,25.2878406,75,2327180,-1213782,325857
4257,Lithuania,Šiauliai,55.9340823,23.3157775,30,1383796,-721449,238958
4258,Lithuania,Šiauliai,55.9340823,23.3157775,50,1315922,-656154,224936
4259,Lithuania,Šiauliai,55.9340823,23.3157775,75,1075128,-465413,176608
4260,Luxembourg,Diekirch,49.8690898,6.1600549,30,377595,-180544,50593
4261,Luxembourg,Diekirch,49.8690898,6.1600549,50,362872,-167383,48443
4262,Luxembourg,Diekirch,49.8690898,6.1600549,75,308404,-125279,40791
4263,Luxembourg,Grevenmacher,49.679313,6.4430979,30,116732,-96380,18006
4264,Luxembourg,Grevenmacher,49.679313,6.4430979,50,111251,-91057,17149
4265,Luxembourg,Grevenmacher,49.679313,6.4430979,75,96532,-77827,14772
4266,Luxembourg,Luxembourg,49.8158683,6.1296751,30,277062,-223390,32730
4267,Luxembourg,Luxembourg,49.8158683,6.1296751,50,265761,-212689,31133
4268,Luxembourg,Luxembourg,49.8158683,6.1296751,75,229325,-181124,26190
4269,Madagascar,Antananarivo,-18.9100122,47.5255809,30,929702,806153,302302
4270,Madagascar,Antananarivo,-18.9100122,47.5255809,50,433894,970446,160732
4271,Madagascar,Antananarivo,-18.9100122,47.5255809,75,230201,583344,85186
4272,Madagascar,Antsiranana,-12.2779632,49.2913743,30,13254298,6062539,3024837
4273,Madagascar,Antsiranana,-12.2779632,49.2913743,50,11320767,6665707,2573671
4274,Madagascar,Antsiranana,-12.2779632,49.2913743,75,5873878,4848707,1503972
4275,Madagascar,Fianarantsoa,-21.456444,47.085149,30,15687301,3917000,3032318
4276,Madagascar,Fianarantsoa,-21.456444,47.085149,50,10219694,6840600,2219396
4277,Madagascar,Fianarantsoa,-21.456444,47.085149,75,2554963,4353860,942301
4278,Madagascar,Mahajanga,-15.7181492,46.3172577,30,10729624,359611,3175612
4279,Madagascar,Mahajanga,-15.7181492,46.3172577,50,7402272,640571,1641243
4280,Madagascar,Mahajanga,-15.7181492,46.3172577,75,4930508,-2104470,484968
4281,Madagascar,Toamasina,-18.1553985,49.4098352,30,25127170,24532305,5388585
4282,Madagascar,Toamasina,-18.1553985,49.4098352,50,20765015,25584560,4728420
4283,Madagascar,Toamasina,-18.1553985,49.4098352,75,7769533,17774532,2620340
4284,Madagascar,Toliary,-23.3413327,43.6581005,30,5015990,3652126,2217433
4285,Madagascar,Toliary,-23.3413327,43.6581005,50,2214289,3073886,917919
4286,Madagascar,Toliary,-23.3413327,43.6581005,75,871954,124062,226911
4287,Malawi,Balaka,-15.0347969,35.0605888,30,10555,-8961,2709
4288,Malawi,Balaka,-15.0347969,35.0605888,50,5134,-4898,54
4289,Malawi,Balaka,-15.0347969,35.0605888,75,5037,-4998,0
4290,Malawi,Blantyre,-15.7862543,35.0035694,30,28122,-2401,7212
4291,Malawi,Blantyre,-15.7862543,35.0035694,50,8400,5455,1092
4292,Malawi,Blantyre,-15.7862543,35.0035694,75,4170,-327,144
4293,Malawi,Chikwawa,-16.215382,34.7228393,30,182989,-120956,50923
4294,Malawi,Chikwawa,-16.215382,34.7228393,50,20640,-9633,3687
4295,Malawi,Chikwawa,-16.215382,34.7228393,75,8799,-7229,1
4296,Malawi,Chiradzulu,-15.75472,35.2055362,30,5662,1559,1993
4297,Malawi,Chiradzulu,-15.75472,35.2055362,50,1942,3451,638
4298,Malawi,Chiradzulu,-15.75472,35.2055362,75,811,31,60
4299,Malawi,Chitipa,-9.9728541,33.4120243,30,337107,-160473,85965
4300,Malawi,Chitipa,-9.9728541,33.4120243,50,47737,-11674,10402
4301,Malawi,Chitipa,-9.9728541,33.4120243,75,11021,-4943,154
4302,Malawi,Dedza,-14.2374479,34.3196514,30,123052,-48346,31221
4303,Malawi,Dedza,-14.2374479,34.3196514,50,21357,1049,1625
4304,Malawi,Dedza,-14.2374479,34.3196514,75,11093,-1817,242
4305,Malawi,Dowa,-13.5387578,33.778108,30,18068,-13849,7552
4306,Malawi,Dowa,-13.5387578,33.778108,50,3247,-2693,154
4307,Malawi,Dowa,-13.5387578,33.778108,75,2976,-2815,2
4308,Malawi,Karonga,-10.0847469,33.8661918,30,272571,-130001,111137
4309,Malawi,Karonga,-10.0847469,33.8661918,50,34158,-1644,12107
4310,Malawi,Karonga,-10.0847469,33.8661918,75,5698,-2094,370
4311,Malawi,Kasungu,-12.9921789,33.4724535,30,104103,-88679,47332
4312,Malawi,Kasungu,-12.9921789,33.4724535,50,6602,-5185,111
4313,Malawi,Kasungu,-12.9921789,33.4724535,75,6417,-5651,9
4314,Malawi,Likoma,-12.0663863,34.7344358,30,0,0,80
4315,Malawi,Likoma,-12.0663863,34.7344358,50,0,0,9
4316,Malawi,Likoma,-12.0663863,34.7344358,75,0,0,0
4317,Malawi,Lilongwe,-13.9875107,33.768144,30,126838,26169,44609
4318,Malawi,Lilongwe,-13.9875107,33.768144,50,18837,5055,2154
4319,Malawi,Lilongwe,-13.9875107,33.768144,75,10482,-3758,169
4320,Malawi,Machinga,-14.9094681,35.601696,30,93062,52255,32506
4321,Malawi,Machinga,-14.9094681,35.601696,50,26768,27800,7879
4322,Malawi,Machinga,-14.9094681,35.601696,75,4918,-2326,357
4323,Malawi,Mangochi,-14.141111,35.3267495,30,275627,-155956,134276
4324,Malawi,Mangochi,-14.141111,35.3267495,50,108277,-59060,38430
4325,Malawi,Mangochi,-14.141111,35.3267495,75,32899,-22768,403
4326,Malawi,Mchinji,-13.7828897,33.0204739,30,39344,-28321,12957
4327,Malawi,Mchinji,-13.7828897,33.0204739,50,10294,-6840,951
4328,Malawi,Mchinji,-13.7828897,33.0204739,75,6712,-5407,17
4329,Malawi,Mulanje,-15.91088,35.541255,30,311691,7868,42481
4330,Malawi,Mulanje,-15.91088,35.541255,50,178019,61474,21123
4331,Malawi,Mulanje,-15.91088,35.541255,75,60711,29287,5784
4332,Malawi,Mwanza,-15.6136031,34.5146595,30,24569,-14144,11523
4333,Malawi,Mwanza,-15.6136031,34.5146595,50,7557,-3991,3190
4334,Malawi,Mwanza,-15.6136031,34.5146595,75,1557,-1268,110
4335,Malawi,Mwanza,-15.6136031,34.5146595,30,84632,-38268,50031
4336,Malawi,Mwanza,-15.6136031,34.5146595,50,43945,-6440,19590
4337,Malawi,Mwanza,-15.6136031,34.5146595,75,41486,-10302,5564
4338,Malawi,Mzimba,-11.8458102,33.5578319,30,566607,97610,146480
4339,Malawi,Mzimba,-11.8458102,33.5578319,50,155131,107391,19559
4340,Malawi,Mzimba,-11.8458102,33.5578319,75,38676,7852,1077
4341,Malawi,Neno,-15.5137183,34.6832205,30,60406,-19899,23347
4342,Malawi,Neno,-15.5137183,34.6832205,50,20782,-10281,4138
4343,Malawi,Neno,-15.5137183,34.6832205,75,12105,-9395,30
4344,Malawi,Nkhata Bay,-11.6084492,34.0415691,30,1226228,725573,291553
4345,Malawi,Nkhata Bay,-11.6084492,34.0415691,50,613273,580201,121311
4346,Malawi,Nkhata Bay,-11.6084492,34.0415691,75,60054,22051,3093
4347,Malawi,Nkhotakota,-12.8321965,34.0329177,30,258188,-148972,125802
4348,Malawi,Nkhotakota,-12.8321965,34.0329177,50,14283,11478,5151
4349,Malawi,Nkhotakota,-12.8321965,34.0329177,75,5338,-3169,46
4350,Malawi,Nsanje,-16.7199917,35.1011088,30,107161,-67968,29698
4351,Malawi,Nsanje,-16.7199917,35.1011088,50,15351,-2005,3795
4352,Malawi,Nsanje,-16.7199917,35.1011088,75,3338,-1867,105
4353,Malawi,Ntcheu,-14.8227293,34.7687178,30,57182,-10195,13072
4354,Malawi,Ntcheu,-14.8227293,34.7687178,50,11253,4912,1010
4355,Malawi,Ntcheu,-14.8227293,34.7687178,75,7283,-4335,104
4356,Malawi,Ntchisi,-13.276988,33.8546272,30,57995,-34452,21453
4357,Malawi,Ntchisi,-13.276988,33.8546272,50,7066,-4213,1554
4358,Malawi,Ntchisi,-13.276988,33.8546272,75,2228,-1810,9
4359,Malawi,Phalombe,-15.6922071,35.6650523,30,43064,27140,9874
4360,Malawi,Phalombe,-15.6922071,35.6650523,50,14074,25469,3210
4361,Malawi,Phalombe,-15.6922071,35.6650523,75,3980,5172,672
4362,Malawi,Rumphi,-10.7909326,33.8507118,30,618069,-394478,183104
4363,Malawi,Rumphi,-10.7909326,33.8507118,50,128152,-28596,34778
4364,Malawi,Rumphi,-10.7909326,33.8507118,75,11770,-813,903
4365,Malawi,Salima,-13.7628984,34.45237,30,18443,-11006,7840
4366,Malawi,Salima,-13.7628984,34.45237,50,3322,-2942,135
4367,Malawi,Salima,-13.7628984,34.45237,75,3052,-2847,0
4368,Malawi,Thyolo,-16.1287747,35.1449132,30,151715,38568,28780
4369,Malawi,Thyolo,-16.1287747,35.1449132,50,52244,56973,8338
4370,Malawi,Thyolo,-16.1287747,35.1449132,75,18114,2166,254
4371,Malawi,Zomba,-15.3863208,35.3268273,30,89253,5869,15548
4372,Malawi,Zomba,-15.3863208,35.3268273,50,47251,26748,6751
4373,Malawi,Zomba,-15.3863208,35.3268273,75,19677,12443,2219
4374,Malaysia,Johor,2.0228821,103.3114564,30,7204479,6185495,1593778
4375,Malaysia,Johor,2.0228821,103.3114564,50,6921922,6320645,1551377
4376,Malaysia,Johor,2.0228821,103.3114564,75,5901804,6481079,1391679
4377,Malaysia,Kedah,5.8098265,100.6715035,30,3166946,2062806,676020
4378,Malaysia,Kedah,5.8098265,100.6715035,50,3013180,2122604,653727
4379,Malaysia,Kedah,5.8098265,100.6715035,75,2554452,2030477,581658
4380,Malaysia,Kelantan,5.4021302,102.0635972,30,5893887,7373539,1344069
4381,Malaysia,Kelantan,5.4021302,102.0635972,50,5744183,7456027,1325411
4382,Malaysia,Kelantan,5.4021302,102.0635972,75,5203772,7520550,1256208
4383,Malaysia,Kuala Lumpur,3.1526589,101.7022205,30,32041,-4983,4827
4384,Malaysia,Kuala Lumpur,3.1526589,101.7022205,50,27084,-2079,3915
4385,Malaysia,Kuala Lumpur,3.1526589,101.7022205,75,19852,-2411,2446
4386,Malaysia,Labuan,5.3168336,115.2198613,30,26855,-4909,4323
4387,Malaysia,Labuan,5.3168336,115.2198613,50,24813,-3869,3926
4388,Malaysia,Labuan,5.3168336,115.2198613,75,20235,-2593,3014
4389,Malaysia,Melaka,2.3293744,102.2880962,30,679652,462630,112675
4390,Malaysia,Melaka,2.3293744,102.2880962,50,637726,485360,106873
4391,Malaysia,Melaka,2.3293744,102.2880962,75,512871,492453,88815
4392,Malaysia,Negeri Sembilan,2.7831895,102.1925319,30,2802342,2412131,559821
4393,Malaysia,Negeri Sembilan,2.7831895,102.1925319,50,2694909,2462259,544976
4394,Malaysia,Negeri Sembilan,2.7831895,102.1925319,75,2312343,2453758,487265
4395,Malaysia,Pahang,3.6168822,102.5994547,30,9490109,18217355,3295418
4396,Malaysia,Pahang,3.6168822,102.5994547,50,9232348,18303266,3249608
4397,Malaysia,Pahang,3.6168822,102.5994547,75,8247285,18159390,3063048
4398,Malaysia,Perak,4.812181,100.9797908,30,5173807,1993852,1766052
4399,Malaysia,Perak,4.812181,100.9797908,50,5012237,2090139,1728914
4400,Malaysia,Perak,4.812181,100.9797908,75,4535158,2247206,1603866
4401,Malaysia,Perlis,6.4868392,100.2577623,30,148674,-43754,27366
4402,Malaysia,Perlis,6.4868392,100.2577623,50,139864,-38225,25597
4403,Malaysia,Perlis,6.4868392,100.2577623,75,116081,-36568,19859
4404,Malaysia,Pulau Pinang,5.4065013,100.2559077,30,172091,-66846,46680
4405,Malaysia,Pulau Pinang,5.4065013,100.2559077,50,158500,-56986,43164
4406,Malaysia,Pulau Pinang,5.4065013,100.2559077,75,123460,-40254,32936
4407,Malaysia,Putrajaya,2.9384381,101.69223,30,11061,-3958,1583
4408,Malaysia,Putrajaya,2.9384381,101.69223,50,10403,-3949,1395
4409,Malaysia,Putrajaya,2.9384381,101.69223,75,8927,-4389,925
4410,Malaysia,Sabah,5.4257359,117.0326392,30,23572398,13640376,6698363
4411,Malaysia,Sabah,5.4257359,117.0326392,50,23017320,13935102,6599402
4412,Malaysia,Sabah,5.4257359,117.0326392,75,20978288,14440188,6176675
4413,Malaysia,Sarawak,2.5023855,112.9547283,30,39314953,69645066,11643008
4414,Malaysia,Sarawak,2.5023855,112.9547283,50,38710578,69853735,11524587
4415,Malaysia,Sarawak,2.5023855,112.9547283,75,36552037,69811850,11067417
4416,Malaysia,Selangor,3.2083304,101.304146,30,2564880,657294,564554
4417,Malaysia,Selangor,3.2083304,101.304146,50,2438243,725468,543056
4418,Malaysia,Selangor,3.2083304,101.304146,75,2083395,778539,477578
4419,Malaysia,Trengganu,4.8630743,102.9949297,30,3882932,2853606,1106233
4420,Malaysia,Trengganu,4.8630743,102.9949297,50,3740818,2929075,1084801
4421,Malaysia,Trengganu,4.8630743,102.9949297,75,3246560,3023725,1007117
4422,Mali,Bamako,12.649319,-8.000337,30,1072,-1059,0
4423,Mali,Bamako,12.649319,-8.000337,50,1072,-1059,0
4424,Mali,Bamako,12.649319,-8.000337,75,1072,-1059,0
4425,Mali,Gao,16.2788129,-0.0412392,30,126,-126,0
4426,Mali,Gao,16.2788129,-0.0412392,50,126,-126,0
4427,Mali,Gao,16.2788129,-0.0412392,75,126,-126,0
4428,Mali,Kayes,13.8001844,-10.2245548,30,253762,-219918,1812
4429,Mali,Kayes,13.8001844,-10.2245548,50,251645,-225850,379
4430,Mali,Kayes,13.8001844,-10.2245548,75,251556,-231343,47
4431,Mali,Kidal,19.802089,0.7253125,30,1,-1,0
4432,Mali,Kidal,19.802089,0.7253125,50,1,-1,0
4433,Mali,Kidal,19.802089,0.7253125,75,1,-1,0
4434,Mali,Koulikoro,13.4812348,-7.6106507,30,95188,-90748,13
4435,Mali,Koulikoro,13.4812348,-7.6106507,50,95184,-90912,1
4436,Mali,Koulikoro,13.4812348,-7.6106507,75,95184,-90924,0
4437,Mali,Mopti,14.514489,-3.6464581,30,2268,-2041,23
4438,Mali,Mopti,14.514489,-3.6464581,50,2258,-2236,1
4439,Mali,Mopti,14.514489,-3.6464581,75,2257,-2253,0
4440,Mali,Sikasso,11.529684,-6.8663259,30,524561,-457784,23245
4441,Mali,Sikasso,11.529684,-6.8663259,50,481380,-458845,9
4442,Mali,Sikasso,11.529684,-6.8663259,75,481364,-458850,0
4443,Mali,Ségou,13.441518,-6.268147,30,24996,-24784,3
4444,Mali,Ségou,13.441518,-6.268147,50,24993,-24798,1
4445,Mali,Ségou,13.441518,-6.268147,75,24993,-24803,0
4446,Mali,Timbuktu,16.7719091,-3.0087272,30,85,-85,0
4447,Mali,Timbuktu,16.7719091,-3.0087272,50,85,-85,0
4448,Mali,Timbuktu,16.7719091,-3.0087272,75,85,-85,0
4449,Malta,Għawdex,36.0467778,14.2582565,30,68,-41,30
4450,Malta,Għawdex,36.0467778,14.2582565,50,46,-24,20
4451,Malta,Għawdex,36.0467778,14.2582565,75,26,-10,11
4452,Malta,Nofsinhar,35.8418005,14.5305567,30,51,-14,23
4453,Malta,Nofsinhar,35.8418005,14.5305567,50,41,-7,18
4454,Malta,Nofsinhar,35.8418005,14.5305567,75,27,4,12
4455,Malta,Tramuntana,35.9397829,14.3941961,30,125,-86,51
4456,Malta,Tramuntana,35.9397829,14.3941961,50,97,-67,38
4457,Malta,Tramuntana,35.9397829,14.3941961,75,54,-33,18
4458,Malta,Xlokk,35.9004752,14.5088745,30,23,-1,9
4459,Malta,Xlokk,35.9004752,14.5088745,50,15,4,6
4460,Malta,Xlokk,35.9004752,14.5088745,75,9,7,3
4461,Malta,Ċentrali,35.8953545,14.5097558,30,13,-8,4
4462,Malta,Ċentrali,35.8953545,14.5097558,50,9,-5,3
4463,Malta,Ċentrali,35.8953545,14.5097558,75,8,-4,2
4464,Martinique,Fort-de-France,14.6027962,-61.0676724,30,45051,-37043,10065
4465,Martinique,Fort-de-France,14.6027962,-61.0676724,50,42355,-34582,9528
4466,Martinique,Fort-de-France,14.6027962,-61.0676724,75,37193,-30408,8445
4467,Martinique,Le Marin,14.5251841,-60.9624151,30,106178,-87376,24464
4468,Martinique,Le Marin,14.5251841,-60.9624151,50,100409,-82012,23049
4469,Martinique,Le Marin,14.5251841,-60.9624151,75,88803,-71772,20168
4470,Martinique,Le Trinité,14.6913997,-60.9324016,30,96326,-71859,23718
4471,Martinique,Le Trinité,14.6913997,-60.9324016,50,90415,-66998,22440
4472,Martinique,Le Trinité,14.6913997,-60.9324016,75,77101,-58156,19420
4473,Martinique,Saint-Pierre,14.7417183,-61.1763904,30,57389,-45337,16403
4474,Martinique,Saint-Pierre,14.7417183,-61.1763904,50,55485,-43605,15975
4475,Martinique,Saint-Pierre,14.7417183,-61.1763904,75,50555,-39733,14830
4476,Martinique,Saint-Pierre,14.7417183,-61.1763904,30,5326,46993,59369
4477,Martinique,Saint-Pierre,14.7417183,-61.1763904,50,3949,37931,44193
4478,Martinique,Saint-Pierre,14.7417183,-61.1763904,75,972,12172,26265
4479,Mauritania,Adrar,21.0090623,-10.2207449,30,6,-6,0
4480,Mauritania,Adrar,21.0090623,-10.2207449,50,6,-6,0
4481,Mauritania,Adrar,21.0090623,-10.2207449,75,6,-6,0
4482,Mauritania,Adrar,21.0090623,-10.2207449,30,56,-56,0
4483,Mauritania,Adrar,21.0090623,-10.2207449,50,56,-56,0
4484,Mauritania,Adrar,21.0090623,-10.2207449,75,56,-56,0
4485,Mauritania,Assaba,16.5809185,-11.5363724,30,18,-18,0
4486,Mauritania,Assaba,16.5809185,-11.5363724,50,18,-18,0
4487,Mauritania,Assaba,16.5809185,-11.5363724,75,18,-18,0
4488,Mauritania,Brakna,17.2475638,-13.4037714,30,835,-471,0
4489,Mauritania,Brakna,17.2475638,-13.4037714,50,835,-471,0
4490,Mauritania,Brakna,17.2475638,-13.4037714,75,835,-471,0
4491,Mauritania,Dakhlet Nouadhibou,20.8019537,-16.0012708,30,0,0,0
4492,Mauritania,Dakhlet Nouadhibou,20.8019537,-16.0012708,50,0,0,0
4493,Mauritania,Dakhlet Nouadhibou,20.8019537,-16.0012708,75,0,0,0
4494,Mauritania,Gorgol,16.0062275,-12.8360834,30,77,-76,0
4495,Mauritania,Gorgol,16.0062275,-12.8360834,50,77,-76,0
4496,Mauritania,Gorgol,16.0062275,-12.8360834,75,77,-76,0
4497,Mauritania,Guidimaka,15.3766896,-12.124663,30,41,-41,0
4498,Mauritania,Guidimaka,15.3766896,-12.124663,50,41,-41,0
4499,Mauritania,Guidimaka,15.3766896,-12.124663,75,41,-41,0
4500,Mauritania,Hodh ech Chargui,18.1941112,-7.0921652,30,20,-12,1
4501,Mauritania,Hodh ech Chargui,18.1941112,-7.0921652,50,20,-12,1
4502,Mauritania,Hodh ech Chargui,18.1941112,-7.0921652,75,20,-18,0
4503,Mauritania,Hodh el Gharbi,16.5693922,-9.8322366,30,17,-17,0
4504,Mauritania,Hodh el Gharbi,16.5693922,-9.8322366,50,17,-17,0
4505,Mauritania,Hodh el Gharbi,16.5693922,-9.8322366,75,17,-17,0
4506,Mauritania,Inchiri,19.9922766,-15.113767,30,0,0,0
4507,Mauritania,Inchiri,19.9922766,-15.113767,50,0,0,0
4508,Mauritania,Inchiri,19.9922766,-15.113767,75,0,0,0
4509,Mauritania,Nouakchott,18.0792379,-15.9780071,30,0,0,0
4510,Mauritania,Nouakchott,18.0792379,-15.9780071,50,0,0,0
4511,Mauritania,Nouakchott,18.0792379,-15.9780071,75,0,0,0
4512,Mauritania,Tagant,18.5729893,-10.3937926,30,3,-3,0
4513,Mauritania,Tagant,18.5729893,-10.3937926,50,3,-3,0
4514,Mauritania,Tagant,18.5729893,-10.3937926,75,3,-3,0
4515,Mauritania,Tiris Zemmour,24.1951392,-9.6664199,30,0,0,0
4516,Mauritania,Tiris Zemmour,24.1951392,-9.6664199,50,0,0,0
4517,Mauritania,Tiris Zemmour,24.1951392,-9.6664199,75,0,0,0
4518,Mauritania,Trarza,17.922642,-14.8476017,30,371,40,32
4519,Mauritania,Trarza,17.922642,-14.8476017,50,371,-123,15
4520,Mauritania,Trarza,17.922642,-14.8476017,75,371,-323,0
4521,Micronesia,Yap,9.5462683,138.1651599,30,54941,-52723,6171
4522,Micronesia,Yap,9.5462683,138.1651599,50,54101,-51904,6017
4523,Micronesia,Yap,9.5462683,138.1651599,75,52009,-49879,5613
4524,Mongolia,Arhangay,47.862646,101.0316283,30,483754,-296192,109085
4525,Mongolia,Arhangay,47.862646,101.0316283,50,154220,-78492,39344
4526,Mongolia,Arhangay,47.862646,101.0316283,75,44628,9474,14395
4527,Mongolia,Bayan-Ölgiy,48.5470083,89.8549358,30,112624,-111471,22837
4528,Mongolia,Bayan-Ölgiy,48.5470083,89.8549358,50,44731,-44178,8854
4529,Mongolia,Bayan-Ölgiy,48.5470083,89.8549358,75,14886,-14762,2755
4530,Mongolia,Bayanhongor,45.2380937,99.5146799,30,2289,-2145,405
4531,Mongolia,Bayanhongor,45.2380937,99.5146799,50,540,-484,53
4532,Mongolia,Bayanhongor,45.2380937,99.5146799,75,367,-352,11
4533,Mongolia,Bulgan,48.9521438,103.3965591,30,2228217,-2162781,519867
4534,Mongolia,Bulgan,48.9521438,103.3965591,50,680898,-655734,158320
4535,Mongolia,Bulgan,48.9521438,103.3965591,75,19725,-18826,2521
4536,Mongolia,Darhan-Uul,49.3767291,106.2901384,30,145426,-138587,42092
4537,Mongolia,Darhan-Uul,49.3767291,106.2901384,50,61849,-57562,18073
4538,Mongolia,Darhan-Uul,49.3767291,106.2901384,75,923,-639,150
4539,Mongolia,Dornod,47.6772781,115.2177155,30,101772,-31885,25316
4540,Mongolia,Dornod,47.6772781,115.2177155,50,30645,-5707,6814
4541,Mongolia,Dornod,47.6772781,115.2177155,75,3722,3776,699
4542,Mongolia,Dornogovi,44.4179637,109.7783753,30,0,0,0
4543,Mongolia,Dornogovi,44.4179637,109.7783753,50,0,0,0
4544,Mongolia,Dornogovi,44.4179637,109.7783753,75,0,0,0
4545,Mongolia,Dundgovi,45.5186722,106.2611562,30,0,0,0
4546,Mongolia,Dundgovi,45.5186722,106.2611562,50,0,0,0
4547,Mongolia,Dundgovi,45.5186722,106.2611562,75,0,0,0
4548,Mongolia,Dzavhan,48.3133355,96.2850506,30,973463,64192,243335
4549,Mongolia,Dzavhan,48.3133355,96.2850506,50,379933,100471,99847
4550,Mongolia,Dzavhan,48.3133355,96.2850506,75,48173,38989,14614
4551,Mongolia,Govi-Altay,45.3463139,95.9325806,30,181,-164,46
4552,Mongolia,Govi-Altay,45.3463139,95.9325806,50,88,-79,19
4553,Mongolia,Govi-Altay,45.3463139,95.9325806,75,30,-26,3
4554,Mongolia,Govisümber,46.4610827,108.5173101,30,0,1,0
4555,Mongolia,Govisümber,46.4610827,108.5173101,50,0,0,0
4556,Mongolia,Govisümber,46.4610827,108.5173101,75,0,0,0
4557,Mongolia,Hentiy,47.885981,110.4201043,30,1087069,-745217,381914
4558,Mongolia,Hentiy,47.885981,110.4201043,50,395729,-275734,136506
4559,Mongolia,Hentiy,47.885981,110.4201043,75,115292,-81267,32735
4560,Mongolia,Hovd,46.8997977,92.2959651,30,1430,-130,1954
4561,Mongolia,Hovd,46.8997977,92.2959651,50,408,415,550
4562,Mongolia,Hovd,46.8997977,92.2959651,75,70,386,119
4563,Mongolia,Hövsgöl,50.2206196,99.9170492,30,2954412,-2429627,850482
4564,Mongolia,Hövsgöl,50.2206196,99.9170492,50,1014745,-760408,312907
4565,Mongolia,Hövsgöl,50.2206196,99.9170492,75,248893,-144635,78493
4566,Mongolia,Orhon,49.0243744,104.2998863,30,21748,-21299,4510
4567,Mongolia,Orhon,49.0243744,104.2998863,50,8568,-8499,1774
4568,Mongolia,Orhon,49.0243744,104.2998863,75,289,-287,54
4569,Mongolia,Selenge,49.3910136,107.0629034,30,3828556,-2974406,1133602
4570,Mongolia,Selenge,49.3910136,107.0629034,50,2349136,-1621084,721279
4571,Mongolia,Selenge,49.3910136,107.0629034,75,331865,32873,113074
4572,Mongolia,Sühbaatar,46.2093417,113.5077196,30,295,-137,96
4573,Mongolia,Sühbaatar,46.2093417,113.5077196,50,180,-124,55
4574,Mongolia,Sühbaatar,46.2093417,113.5077196,75,43,-23,13
4575,Mongolia,Töv,47.7529235,105.6150598,30,1808729,-1404227,628170
4576,Mongolia,Töv,47.7529235,105.6150598,50,796204,-513646,287410
4577,Mongolia,Töv,47.7529235,105.6150598,75,72702,8810,30999
4578,Mongolia,Ulaanbaatar,47.9184676,106.9177016,30,139976,-100588,48669
4579,Mongolia,Ulaanbaatar,47.9184676,106.9177016,50,78891,-45443,28613
4580,Mongolia,Ulaanbaatar,47.9184676,106.9177016,75,14373,2897,6368
4581,Mongolia,Uvs,49.6313887,92.9558186,30,182892,-174032,40408
4582,Mongolia,Uvs,49.6313887,92.9558186,50,86143,-80901,18386
4583,Mongolia,Uvs,49.6313887,92.9558186,75,11461,-10406,2062
4584,Mongolia,Ömnögovi,43.282363,104.1133864,30,0,0,0
4585,Mongolia,Ömnögovi,43.282363,104.1133864,50,0,0,0
4586,Mongolia,Ömnögovi,43.282363,104.1133864,75,0,0,0
4587,Mongolia,Övörhangay,45.8297039,102.7237769,30,155877,-81282,37674
4588,Mongolia,Övörhangay,45.8297039,102.7237769,50,91259,-27493,24236
4589,Mongolia,Övörhangay,45.8297039,102.7237769,75,27474,11685,8979
4590,Morocco,Chaouia - Ouardigha,,,30,91638,-86351,18215
4591,Morocco,Chaouia - Ouardigha,,,50,36054,-32647,6757
4592,Morocco,Chaouia - Ouardigha,,,75,8258,-6244,1148
4593,Morocco,Doukkala - Abda,,,30,9561,-2182,1761
4594,Morocco,Doukkala - Abda,,,50,6934,-1617,1202
4595,Morocco,Doukkala - Abda,,,75,4290,-1012,616
4596,Morocco,Fès - Boulemane,,,30,33611,-31394,15799
4597,Morocco,Fès - Boulemane,,,50,22542,-21121,9635
4598,Morocco,Fès - Boulemane,,,75,11832,-11528,3297
4599,Morocco,Gharb - Chrarda - Béni Hssen,,,30,114728,-45344,14530
4600,Morocco,Gharb - Chrarda - Béni Hssen,,,50,79493,-27347,6978
4601,Morocco,Gharb - Chrarda - Béni Hssen,,,75,54213,-15813,1924
4602,Morocco,Grand Casablanca,33.5958157,-7.6037351,30,8877,-6347,1123
4603,Morocco,Grand Casablanca,33.5958157,-7.6037351,50,5274,-3411,665
4604,Morocco,Grand Casablanca,33.5958157,-7.6037351,75,2514,-1523,311
4605,Morocco,Guelmim - Es-Semara,,,30,19,-19,0
4606,Morocco,Guelmim - Es-Semara,,,50,19,-19,0
4607,Morocco,Guelmim - Es-Semara,,,75,19,-19,0
4608,Morocco,Laâyoune - Boujdour - Sakia El H,,,30,1,-1,0
4609,Morocco,Laâyoune - Boujdour - Sakia El H,,,50,1,-1,0
4610,Morocco,Laâyoune - Boujdour - Sakia El H,,,75,1,-1,0
4611,Morocco,Marrakech - Tensift - Al Haouz,,,30,67365,-63417,23469
4612,Morocco,Marrakech - Tensift - Al Haouz,,,50,42014,-39063,13378
4613,Morocco,Marrakech - Tensift - Al Haouz,,,75,24680,-23055,5654
4614,Morocco,Meknès - Tafilalet,33.8991846,-5.5539194,30,285840,-233993,110261
4615,Morocco,Meknès - Tafilalet,33.8991846,-5.5539194,50,199019,-161261,76033
4616,Morocco,Meknès - Tafilalet,33.8991846,-5.5539194,75,93912,-77542,31083
4617,Morocco,Oriental,33.3202138,-2.4238471,30,108647,-96308,19206
4618,Morocco,Oriental,33.3202138,-2.4238471,50,58147,-50853,9096
4619,Morocco,Oriental,33.3202138,-2.4238471,75,26419,-23620,2886
4620,Morocco,Rabat - Salé - Zemmour - Zaer,33.9602093,-6.8792399,30,259588,-234746,52858
4621,Morocco,Rabat - Salé - Zemmour - Zaer,33.9602093,-6.8792399,50,141551,-124951,26566
4622,Morocco,Rabat - Salé - Zemmour - Zaer,33.9602093,-6.8792399,75,54394,-43422,7247
4623,Morocco,Souss - Massa - Draâ,30.4040976,-9.5766681,30,21079,-20647,5695
4624,Morocco,Souss - Massa - Draâ,30.4040976,-9.5766681,50,6865,-6736,922
4625,Morocco,Souss - Massa - Draâ,30.4040976,-9.5766681,75,5139,-5077,110
4626,Morocco,Tadla - Azilal,,,30,90143,-82638,34615
4627,Morocco,Tadla - Azilal,,,50,57826,-53307,20892
4628,Morocco,Tadla - Azilal,,,75,32290,-30282,7610
4629,Morocco,Tanger - Tétouan,35.7887881,-5.8144928,30,888810,-479838,243464
4630,Morocco,Tanger - Tétouan,35.7887881,-5.8144928,50,670284,-323935,187125
4631,Morocco,Tanger - Tétouan,35.7887881,-5.8144928,75,387349,-165489,109446
4632,Morocco,Taza - Al Hoceima - Taounate,,,30,327549,-259313,107570
4633,Morocco,Taza - Al Hoceima - Taounate,,,50,226853,-172418,76801
4634,Morocco,Taza - Al Hoceima - Taounate,,,75,120780,-87980,39605
4635,Mozambique,Cabo Delgado,-12.4254942,39.4168743,30,8509003,-1848070,4077766
4636,Mozambique,Cabo Delgado,-12.4254942,39.4168743,50,3419881,483348,1431193
4637,Mozambique,Cabo Delgado,-12.4254942,39.4168743,75,989708,-625774,57230
4638,Mozambique,Gaza,-23.328398,32.8066057,30,1834383,-1282619,456473
4639,Mozambique,Gaza,-23.328398,32.8066057,50,324275,-124125,62814
4640,Mozambique,Gaza,-23.328398,32.8066057,75,99300,-82393,574
4641,Mozambique,Gaza,-23.328398,32.8066057,30,229,-165,31
4642,Mozambique,Gaza,-23.328398,32.8066057,50,181,-150,10
4643,Mozambique,Gaza,-23.328398,32.8066057,75,166,-148,0
4644,Mozambique,Inhambane,-22.779116,34.5661741,30,6669665,-2813876,1938680
4645,Mozambique,Inhambane,-22.779116,34.5661741,50,1842299,-168281,403257
4646,Mozambique,Inhambane,-22.779116,34.5661741,75,712230,-582445,5652
4647,Mozambique,Manica,-19.0400995,33.4318137,30,8717634,-836841,2475883
4648,Mozambique,Manica,-19.0400995,33.4318137,50,3117449,1012797,849954
4649,Mozambique,Manica,-19.0400995,33.4318137,75,537151,-75771,42403
4650,Mozambique,Maputo,-25.966213,32.56745,30,1153592,-929612,328702
4651,Mozambique,Maputo,-25.966213,32.56745,50,574093,-495844,120640
4652,Mozambique,Maputo,-25.966213,32.56745,75,302643,-295411,1733
4653,Mozambique,Maputo City,,,30,39296,-36288,2749
4654,Mozambique,Maputo City,,,50,36497,-35367,1456
4655,Mozambique,Maputo City,,,75,34426,-34190,251
4656,Mozambique,Nampula,-14.966969,39.2707752,30,7483878,1759693,2760653
4657,Mozambique,Nampula,-14.966969,39.2707752,50,2937018,1571911,746138
4658,Mozambique,Nampula,-14.966969,39.2707752,75,1569330,-1116909,21330
4659,Mozambique,Nassa,,,30,13510382,-4454003,5684204
4660,Mozambique,Nassa,,,50,3385419,459550,1318966
4661,Mozambique,Nassa,,,75,580627,-351764,5380
4662,Mozambique,Sofala,-19.0771666,34.7164804,30,10776131,-3087538,2904854
4663,Mozambique,Sofala,-19.0771666,34.7164804,50,6036580,-821016,1456932
4664,Mozambique,Sofala,-19.0771666,34.7164804,75,2582344,-1773698,124700
4665,Mozambique,Tete,-15.5205193,32.7682742,30,5732152,-2878964,1779665
4666,Mozambique,Tete,-15.5205193,32.7682742,50,882007,-384414,228414
4667,Mozambique,Tete,-15.5205193,32.7682742,75,194256,-117472,2927
4668,Mozambique,Zambezia,-16.6460178,36.991932,30,23690444,-1747421,6510902
4669,Mozambique,Zambezia,-16.6460178,36.991932,50,15267284,578819,3874364
4670,Mozambique,Zambezia,-16.6460178,36.991932,75,3856563,-3058031,79413
4671,Myanmar,Ayeyarwady,20.3488263,94.9136898,30,5827303,-4510888,641016
4672,Myanmar,Ayeyarwady,20.3488263,94.9136898,50,5303667,-4056227,545874
4673,Myanmar,Ayeyarwady,20.3488263,94.9136898,75,3883899,-2978786,273462
4674,Myanmar,Bago,17.336667,96.479722,30,7964257,-3649691,1788485
4675,Myanmar,Bago,17.336667,96.479722,50,7500376,-3346409,1680721
4676,Myanmar,Bago,17.336667,96.479722,75,4545487,-1779690,1070263
4677,Myanmar,Chin,22.018242,93.5038035,30,9925638,2017225,3195186
4678,Myanmar,Chin,22.018242,93.5038035,50,9295295,1967161,2983975
4679,Myanmar,Chin,22.018242,93.5038035,75,6141473,1571151,2025852
4680,Myanmar,Kachin,26.0207656,97.4919258,30,10568150,2498767,7770291
4681,Myanmar,Kachin,26.0207656,97.4919258,50,9915489,2877292,7548993
4682,Myanmar,Kachin,26.0207656,97.4919258,75,8058275,3126355,6847496
4683,Myanmar,Kayah,19.2812505,97.3291806,30,1812384,247393,885125
4684,Myanmar,Kayah,19.2812505,97.3291806,50,1615479,320078,791933
4685,Myanmar,Kayah,19.2812505,97.3291806,75,786665,499981,396297
4686,Myanmar,Kayin,17.1863135,97.7499316,30,8643339,2576231,2405734
4687,Myanmar,Kayin,17.1863135,97.7499316,50,7872913,2953671,2279208
4688,Myanmar,Kayin,17.1863135,97.7499316,75,4238574,2732266,1532616
4689,Myanmar,Magway,20.2747958,94.7362245,30,2880815,-1444720,1006300
4690,Myanmar,Magway,20.2747958,94.7362245,50,2306542,-1063957,804915
4691,Myanmar,Magway,20.2747958,94.7362245,75,706776,-242145,261107
4692,Myanmar,Mandalay,21.9596834,96.0948743,30,3237900,-1447763,1050527
4693,Myanmar,Mandalay,21.9596834,96.0948743,50,2793532,-1164169,912001
4694,Myanmar,Mandalay,21.9596834,96.0948743,75,1164573,-318026,380030
4695,Myanmar,Mon,16.4494071,97.6288219,30,4401999,-848907,578806
4696,Myanmar,Mon,16.4494071,97.6288219,50,3835044,-568286,521056
4697,Myanmar,Mon,16.4494071,97.6288219,75,1923959,-300875,295402
4698,Myanmar,Naypyitaw,19.7753289,96.1032552,30,7733,-6826,104
4699,Myanmar,Naypyitaw,19.7753289,96.1032552,50,7569,-7131,12
4700,Myanmar,Naypyitaw,19.7753289,96.1032552,75,7552,-7260,0
4701,Myanmar,Rakhine,19.5212991,94.0072428,30,13188551,-8295406,2525290
4702,Myanmar,Rakhine,19.5212991,94.0072428,50,12808476,-8004366,2450038
4703,Myanmar,Rakhine,19.5212991,94.0072428,75,10696452,-6668049,2009904
4704,Myanmar,Sagaing,24.4741444,95.4750045,30,11192750,1071458,6086826
4705,Myanmar,Sagaing,24.4741444,95.4750045,50,10268170,1434784,5747692
4706,Myanmar,Sagaing,24.4741444,95.4750045,75,6363429,2162084,4198099
4707,Myanmar,Shan,21.5122404,98.0098362,30,29880074,9621595,11054609
4708,Myanmar,Shan,21.5122404,98.0098362,50,26212667,10030191,9752105
4709,Myanmar,Shan,21.5122404,98.0098362,75,12832801,7434891,4775709
4710,Myanmar,Tanintharyi,12.1091546,98.8165256,30,11847550,2420115,3747521
4711,Myanmar,Tanintharyi,12.1091546,98.8165256,50,11365022,2662499,3669077
4712,Myanmar,Tanintharyi,12.1091546,98.8165256,75,9426154,3104308,3325140
4713,Myanmar,Yangon,16.7967129,96.1609916,30,820067,-594394,127542
4714,Myanmar,Yangon,16.7967129,96.1609916,50,693573,-495097,106089
4715,Myanmar,Yangon,16.7967129,96.1609916,75,399088,-298578,54305
4716,Mexico,Aguascalientes,21.880487,-102.2967195,30,28520,-28378,17334
4717,Mexico,Aguascalientes,21.880487,-102.2967195,50,11190,-11125,6630
4718,Mexico,Aguascalientes,21.880487,-102.2967195,75,4551,-4524,2260
4719,Mexico,Baja California,30.0338923,-115.1425107,30,95246,-51811,49269
4720,Mexico,Baja California,30.0338923,-115.1425107,50,61248,-36781,18539
4721,Mexico,Baja California,30.0338923,-115.1425107,75,48016,-42164,3610
4722,Mexico,Baja California Sur,25.5818014,-111.5706164,30,1006198,-999051,49358
4723,Mexico,Baja California Sur,25.5818014,-111.5706164,50,900727,-899034,19363
4724,Mexico,Baja California Sur,25.5818014,-111.5706164,75,844857,-844371,4076
4725,Mexico,Campeche,19.0,-90.5,30,18167494,-2617615,4452318
4726,Mexico,Campeche,19.0,-90.5,50,17446813,-2244726,4319270
4727,Mexico,Campeche,19.0,-90.5,75,14980232,-1486944,3854984
4728,Mexico,Chiapas,16.5000001,-92.5000001,30,19890581,-2616362,4810907
4729,Mexico,Chiapas,16.5000001,-92.5000001,50,17345382,-705914,4276001
4730,Mexico,Chiapas,16.5000001,-92.5000001,75,13358435,1387341,3449493
4731,Mexico,Chihuahua,28.5000001,-106.0000001,30,4530268,-4319686,3257550
4732,Mexico,Chihuahua,28.5000001,-106.0000001,50,3126322,-2955269,2249593
4733,Mexico,Chihuahua,28.5000001,-106.0000001,75,1814942,-1701210,1293123
4734,Mexico,Coahuila,27.3333331,-102.0000001,30,904678,-830827,657310
4735,Mexico,Coahuila,27.3333331,-102.0000001,50,657167,-600704,412793
4736,Mexico,Coahuila,27.3333331,-102.0000001,75,420183,-382579,210047
4737,Mexico,Colima,19.166667,-104.0,30,1977162,-1854839,303087
4738,Mexico,Colima,19.166667,-104.0,50,1559120,-1462217,235816
4739,Mexico,Colima,19.166667,-104.0,75,935455,-888025,132550
4740,Mexico,Distrito Federal,19.4326296,-99.1331785,30,360033,-240020,56557
4741,Mexico,Distrito Federal,19.4326296,-99.1331785,50,235166,-133803,28895
4742,Mexico,Distrito Federal,19.4326296,-99.1331785,75,139967,-59654,8535
4743,Mexico,Distrito Federal,19.4326296,-99.1331785,30,150976,-142643,39078
4744,Mexico,Distrito Federal,19.4326296,-99.1331785,50,124179,-116326,31871
4745,Mexico,Distrito Federal,19.4326296,-99.1331785,75,61987,-57496,15444
4746,Mexico,Durango,24.833333,-104.833333,30,5858359,-5621631,3008794
4747,Mexico,Durango,24.833333,-104.833333,50,4324340,-4123147,2257240
4748,Mexico,Durango,24.833333,-104.833333,75,2776230,-2645964,1477648
4749,Mexico,Guanajuato,20.9876996,-101.0,30,997907,-970052,276430
4750,Mexico,Guanajuato,20.9876996,-101.0,50,534408,-510747,138428
4751,Mexico,Guanajuato,20.9876996,-101.0,75,246544,-232858,57184
4752,Mexico,Guerrero,17.666667,-100.0,30,12934982,-10415359,3043895
4753,Mexico,Guerrero,17.666667,-100.0,50,8616873,-6472251,2054303
4754,Mexico,Guerrero,17.666667,-100.0,75,4556439,-3300375,1093159
4755,Mexico,Hidalgo,20.5,-99.0,30,3448171,-2214322,788356
4756,Mexico,Hidalgo,20.5,-99.0,50,2837679,-1647135,650590
4757,Mexico,Hidalgo,20.5,-99.0,75,1868725,-910653,443925
4758,Mexico,Jalisco,20.3333331,-103.6666671,30,11956934,-10684213,2453894
4759,Mexico,Jalisco,20.3333331,-103.6666671,50,8093450,-7048719,1634787
4760,Mexico,Jalisco,20.3333331,-103.6666671,75,4502751,-3871264,906443
4761,Mexico,Michoacán,19.207098,-101.878113,30,10945523,-8819903,2386411
4762,Mexico,Michoacán,19.207098,-101.878113,50,7551194,-5661439,1646340
4763,Mexico,Michoacán,19.207098,-101.878113,75,4489552,-3189439,978900
4764,Mexico,Morelos,18.75,-99.0,30,439028,-424114,111340
4765,Mexico,Morelos,18.75,-99.0,50,188200,-175949,51042
4766,Mexico,Morelos,18.75,-99.0,75,83914,-75661,22740
4767,Mexico,México,23.6585116,-102.0077097,30,2313197,-2096165,624511
4768,Mexico,México,23.6585116,-102.0077097,50,1620476,-1437081,451777
4769,Mexico,México,23.6585116,-102.0077097,75,868780,-751784,237530
4770,Mexico,Nayarit,22.0000001,-105.0000001,30,7365076,-6451637,1231154
4771,Mexico,Nayarit,22.0000001,-105.0000001,50,5791821,-4934989,874914
4772,Mexico,Nayarit,22.0000001,-105.0000001,75,4318973,-3589996,552913
4773,Mexico,Nuevo León,26.2384363,-99.8873,30,3004980,-2612648,1075201
4774,Mexico,Nuevo León,26.2384363,-99.8873,50,2211954,-1971982,755153
4775,Mexico,Nuevo León,26.2384363,-99.8873,75,1308889,-1183960,417531
4776,Mexico,Oaxaca,17.0,-96.5,30,20510078,-11083575,5142057
4777,Mexico,Oaxaca,17.0,-96.5,50,16145131,-7195614,4269149
4778,Mexico,Oaxaca,17.0,-96.5,75,10713022,-3126466,3132551
4779,Mexico,Puebla,18.833333,-98.0,30,4380588,-2993403,966559
4780,Mexico,Puebla,18.833333,-98.0,50,3293730,-1998128,721781
4781,Mexico,Puebla,18.833333,-98.0,75,2291203,-1274464,501022
4782,Mexico,Querétaro,20.8052225,-99.8837376,30,1482696,-1437800,359403
4783,Mexico,Querétaro,20.8052225,-99.8837376,50,1039080,-999212,249849
4784,Mexico,Querétaro,20.8052225,-99.8837376,75,506277,-477765,126327
4785,Mexico,Quintana Roo,19.6666671,-88.5000001,30,16119542,-6031690,3744007
4786,Mexico,Quintana Roo,19.6666671,-88.5000001,50,15929995,-5913223,3709853
4787,Mexico,Quintana Roo,19.6666671,-88.5000001,75,15419480,-5705262,3620864
4788,Mexico,San Luis Potosí,22.5000001,-100.4949145,30,4369666,-2757661,1227758
4789,Mexico,San Luis Potosí,22.5000001,-100.4949145,50,3412518,-1906225,957624
4790,Mexico,San Luis Potosí,22.5000001,-100.4949145,75,1946943,-860337,586651
4791,Mexico,Sinaloa,25.0000001,-107.5000001,30,10467431,-9785746,2519945
4792,Mexico,Sinaloa,25.0000001,-107.5000001,50,7951795,-7436298,1756269
4793,Mexico,Sinaloa,25.0000001,-107.5000001,75,4841918,-4621624,856958
4794,Mexico,Sonora,29.3333331,-110.6666671,30,2421153,-2364022,864634
4795,Mexico,Sonora,29.3333331,-110.6666671,50,957504,-938744,336767
4796,Mexico,Sonora,29.3333331,-110.6666671,75,375183,-370134,100571
4797,Mexico,Tabasco,17.9999288,-92.6681659,30,6385676,-2917354,846920
4798,Mexico,Tabasco,17.9999288,-92.6681659,50,5530171,-2291889,706165
4799,Mexico,Tabasco,17.9999288,-92.6681659,75,4461331,-1755646,526180
4800,Mexico,Tamaulipas,23.9891553,-98.7026825,30,9275731,-7707452,2389064
4801,Mexico,Tamaulipas,23.9891553,-98.7026825,50,6964965,-5750661,1780451
4802,Mexico,Tamaulipas,23.9891553,-98.7026825,75,3946767,-3294793,1043950
4803,Mexico,Tlaxcala,19.416667,-98.166667,30,204509,-168966,59807
4804,Mexico,Tlaxcala,19.416667,-98.166667,50,169400,-136506,48760
4805,Mexico,Tlaxcala,19.416667,-98.166667,75,104331,-81474,26988
4806,Mexico,Veracruz,19.333333,-96.666667,30,17183864,-7382135,3092975
4807,Mexico,Veracruz,19.333333,-96.666667,50,14173369,-5114551,2549882
4808,Mexico,Veracruz,19.333333,-96.666667,75,9208053,-2544297,1630106
4809,Mexico,Yucatán,20.6845957,-88.8755669,30,16208964,-7539906,3028546
4810,Mexico,Yucatán,20.6845957,-88.8755669,50,15249034,-6906064,2797010
4811,Mexico,Yucatán,20.6845957,-88.8755669,75,12112343,-5269876,2119529
4812,Mexico,Zacatecas,23.0916177,-102.9333954,30,547862,-541630,291053
4813,Mexico,Zacatecas,23.0916177,-102.9333954,50,264929,-261847,150162
4814,Mexico,Zacatecas,23.0916177,-102.9333954,75,116462,-115460,64459
4815,Namibia,!Karas,-26.8752094,17.7634818,30,5,-2,10
4816,Namibia,!Karas,-26.8752094,17.7634818,50,0,2,0
4817,Namibia,!Karas,-26.8752094,17.7634818,75,0,0,0
4818,Namibia,Erongo,-22.0278147,15.389358,30,255,-194,58
4819,Namibia,Erongo,-22.0278147,15.389358,50,170,-134,18
4820,Namibia,Erongo,-22.0278147,15.389358,75,135,-135,0
4821,Namibia,Hardap,-24.4140944,17.4134051,30,64,-37,40
4822,Namibia,Hardap,-24.4140944,17.4134051,50,41,-29,18
4823,Namibia,Hardap,-24.4140944,17.4134051,75,19,-19,1
4824,Namibia,Kavango,-19.2632632,17.708643,30,10282,-9092,651
4825,Namibia,Kavango,-19.2632632,17.708643,50,8241,-8054,9
4826,Namibia,Kavango,-19.2632632,17.708643,75,8223,-8101,0
4827,Namibia,Khomas,-22.9082553,17.09198,30,944,-907,17
4828,Namibia,Khomas,-22.9082553,17.09198,50,896,-869,6
4829,Namibia,Khomas,-22.9082553,17.09198,75,878,-875,1
4830,Namibia,Kunene,-19.6792809,13.9756564,30,7533,-7348,131
4831,Namibia,Kunene,-19.6792809,13.9756564,50,7286,-7207,44
4832,Namibia,Kunene,-19.6792809,13.9756564,75,7148,-7134,1
4833,Namibia,Ohangwena,-17.5877369,16.7737955,30,1284,3743,448
4834,Namibia,Ohangwena,-17.5877369,16.7737955,50,1101,2516,225
4835,Namibia,Ohangwena,-17.5877369,16.7737955,75,1063,-175,36
4836,Namibia,Omaheke,-21.9074676,19.3929661,30,38,-19,16
4837,Namibia,Omaheke,-21.9074676,19.3929661,50,16,-12,4
4838,Namibia,Omaheke,-21.9074676,19.3929661,75,7,-7,0
4839,Namibia,Omusati,-18.2862314,14.8856679,30,43,-9,7
4840,Namibia,Omusati,-18.2862314,14.8856679,50,30,2,4
4841,Namibia,Omusati,-18.2862314,14.8856679,75,26,-17,1
4842,Namibia,Oshana,-18.4702308,15.7434419,30,7,4,2
4843,Namibia,Oshana,-18.4702308,15.7434419,50,5,5,2
4844,Namibia,Oshana,-18.4702308,15.7434419,75,1,3,0
4845,Namibia,Oshikoto,-18.5464046,17.1019606,30,785,981,180
4846,Namibia,Oshikoto,-18.5464046,17.1019606,50,671,766,92
4847,Namibia,Oshikoto,-18.5464046,17.1019606,75,644,-463,6
4848,Namibia,Otjozondjupa,-19.9424962,18.395886,30,1431,64,502
4849,Namibia,Otjozondjupa,-19.9424962,18.395886,50,657,-615,15
4850,Namibia,Otjozondjupa,-19.9424962,18.395886,75,611,-598,1
4851,Namibia,Zambezi,-17.6912922,24.1377371,30,28134,-25426,2185
4852,Namibia,Zambezi,-17.6912922,24.1377371,50,20991,-20429,161
4853,Namibia,Zambezi,-17.6912922,24.1377371,75,20436,-20008,7
4854,Nepal,Central,-6.4955532,110.8440229,30,18805,-17663,4184
4855,Nepal,Central,-6.4955532,110.8440229,50,4010,-3501,141
4856,Nepal,Central,-6.4955532,110.8440229,75,3610,-3524,5
4857,Nepal,Central,-6.4955532,110.8440229,30,1685610,-1564217,420186
4858,Nepal,Central,-6.4955532,110.8440229,50,1584548,-1465693,402314
4859,Nepal,Central,-6.4955532,110.8440229,75,1445104,-1331983,376003
4860,Nepal,Central,-6.4955532,110.8440229,30,5231700,-167875,750595
4861,Nepal,Central,-6.4955532,110.8440229,50,3357357,182991,465307
4862,Nepal,Central,-6.4955532,110.8440229,75,472347,62146,18025
4863,Nepal,Central,-6.4955532,110.8440229,30,4192611,-3765965,1160588
4864,Nepal,Central,-6.4955532,110.8440229,50,3481695,-3123775,987702
4865,Nepal,Central,-6.4955532,110.8440229,75,1327181,-1135990,448751
4866,Nepal,Central,-6.4955532,110.8440229,30,5228223,-3252554,2663684
4867,Nepal,Central,-6.4955532,110.8440229,50,5025644,-3058486,2605597
4868,Nepal,Central,-6.4955532,110.8440229,75,4594461,-2679008,2475829
4869,Nepal,Central,-6.4955532,110.8440229,30,475523,-387323,65704
4870,Nepal,Central,-6.4955532,110.8440229,50,308279,-232094,43880
4871,Nepal,Central,-6.4955532,110.8440229,75,156982,-105925,21650
4872,Nepal,Central,-6.4955532,110.8440229,30,264593,-171759,60108
4873,Nepal,Central,-6.4955532,110.8440229,50,260254,-167703,59328
4874,Nepal,Central,-6.4955532,110.8440229,75,247011,-156760,56855
4875,Nepal,Central,-6.4955532,110.8440229,30,5540593,-900420,2086299
4876,Nepal,Central,-6.4955532,110.8440229,50,849445,-208603,169780
4877,Nepal,Central,-6.4955532,110.8440229,75,452214,-274285,453
4878,Nepal,East,50.8583165,0.4631185,30,35401253,-21789640,10563151
4879,Nepal,East,50.8583165,0.4631185,50,30413782,-17315106,9545548
4880,Nepal,East,50.8583165,0.4631185,75,23882043,-14893712,8049476
4881,Nepal,East,50.8583165,0.4631185,30,2492818,-2303874,854341
4882,Nepal,East,50.8583165,0.4631185,50,1616572,-1466590,627950
4883,Nepal,East,50.8583165,0.4631185,75,362183,-293186,210830
4884,Nepal,Far-Western,27.6909113,85.3306772,30,1269196,-1025586,890319
4885,Nepal,Far-Western,27.6909113,85.3306772,50,1135690,-917990,795128
4886,Nepal,Far-Western,27.6909113,85.3306772,75,737247,-585771,517521
4887,Nepal,Mid-Western,28.0791619,81.6431896,30,1991460,-1681962,1339693
4888,Nepal,Mid-Western,28.0791619,81.6431896,50,1701772,-1427104,1131242
4889,Nepal,Mid-Western,28.0791619,81.6431896,75,874169,-687614,569680
4890,Nepal,West,52.3647667,4.8620257,30,4054329,-2791142,728100
4891,Nepal,West,52.3647667,4.8620257,50,1931536,-878458,357121
4892,Nepal,West,52.3647667,4.8620257,75,276175,67894,63474
4893,Nepal,West,52.3647667,4.8620257,30,1783114,-1565592,916094
4894,Nepal,West,52.3647667,4.8620257,50,1491711,-1289767,766162
4895,Nepal,West,52.3647667,4.8620257,75,799612,-651233,385136
4896,Netherlands,Drenthe,52.9067922,6.6368423,30,320413,-257632,43205
4897,Netherlands,Drenthe,52.9067922,6.6368423,50,263996,-202913,34331
4898,Netherlands,Drenthe,52.9067922,6.6368423,75,150390,-103709,17631
4899,Netherlands,Flevoland,52.4484375,5.4235397,30,124948,-105322,23808
4900,Netherlands,Flevoland,52.4484375,5.4235397,50,112074,-92640,21144
4901,Netherlands,Flevoland,52.4484375,5.4235397,75,83536,-65525,15207
4902,Netherlands,Fryslân,53.0923689,5.777043,30,192080,-178630,31227
4903,Netherlands,Fryslân,53.0923689,5.777043,50,137724,-124623,21711
4904,Netherlands,Fryslân,53.0923689,5.777043,75,68795,-57743,9535
4905,Netherlands,Gelderland,52.1014041,5.9515701,30,1185463,-1024475,143059
4906,Netherlands,Gelderland,52.1014041,5.9515701,50,1022416,-868771,122490
4907,Netherlands,Gelderland,52.1014041,5.9515701,75,744891,-619876,86818
4908,Netherlands,Groningen,53.2190652,6.5680077,30,88029,-81120,13102
4909,Netherlands,Groningen,53.2190652,6.5680077,50,59179,-52538,8376
4910,Netherlands,Groningen,53.2190652,6.5680077,75,27975,-23754,2785
4911,Netherlands,IJsselmeer,52.8092638,5.3748089,30,7053,-6759,1301
4912,Netherlands,IJsselmeer,52.8092638,5.3748089,50,5062,-4779,915
4913,Netherlands,IJsselmeer,52.8092638,5.3748089,75,1813,-1586,290
4914,Netherlands,Limburg,51.2015196,5.9046302,30,366605,-313691,43209
4915,Netherlands,Limburg,51.2015196,5.9046302,50,312591,-261103,36550
4916,Netherlands,Limburg,51.2015196,5.9046302,75,212837,-171494,24149
4917,Netherlands,Noord-Brabant,51.6017723,5.4441391,30,896540,-745679,109186
4918,Netherlands,Noord-Brabant,51.6017723,5.4441391,50,743312,-597018,90029
4919,Netherlands,Noord-Brabant,51.6017723,5.4441391,75,448960,-337855,52841
4920,Netherlands,Noord-Holland,52.7212825,4.820665,30,254408,-233372,39582
4921,Netherlands,Noord-Holland,52.7212825,4.820665,50,184324,-164859,27506
4922,Netherlands,Noord-Holland,52.7212825,4.820665,75,105155,-90895,14383
4923,Netherlands,Overijssel,52.4254143,6.4610611,30,510456,-430018,67451
4924,Netherlands,Overijssel,52.4254143,6.4610611,50,425911,-347424,55210
4925,Netherlands,Overijssel,52.4254143,6.4610611,75,268793,-203884,32683
4926,Netherlands,Utrecht,52.0907006,5.1215634,30,281133,-245611,35865
4927,Netherlands,Utrecht,52.0907006,5.1215634,50,232279,-197564,28720
4928,Netherlands,Utrecht,52.0907006,5.1215634,75,156700,-126884,17880
4929,Netherlands,Zeeland,51.4162975,3.7028061,30,74985,-68539,9685
4930,Netherlands,Zeeland,51.4162975,3.7028061,50,51659,-45688,6332
4931,Netherlands,Zeeland,51.4162975,3.7028061,75,26141,-22358,2703
4932,Netherlands,Zeeuwse meren,,,30,3064,-2828,565
4933,Netherlands,Zeeuwse meren,,,50,2102,-1880,381
4934,Netherlands,Zeeuwse meren,,,75,723,-631,117
4935,Netherlands,Zuid Hollandse Meren,,,30,197812,-188125,31809
4936,Netherlands,Zuid Hollandse Meren,,,50,132495,-123731,20275
4937,Netherlands,Zuid Hollandse Meren,,,75,61931,-55756,8039
4938,Netherlands,Zuid-Holland,51.9966792,4.5597397,30,197812,-188125,31809
4939,Netherlands,Zuid-Holland,51.9966792,4.5597397,50,132495,-123731,20275
4940,Netherlands,Zuid-Holland,51.9966792,4.5597397,75,61931,-55756,8039
4941,New Caledonia,Nord,-20.940436,164.9786537,30,2274,-2267,0
4942,New Caledonia,Nord,-20.940436,164.9786537,50,2274,-2267,0
4943,New Caledonia,Nord,-20.940436,164.9786537,75,2274,-2267,0
4944,New Caledonia,Nord,-20.940436,164.9786537,30,618929,-546314,109435
4945,New Caledonia,Nord,-20.940436,164.9786537,50,529018,-462885,92139
4946,New Caledonia,Nord,-20.940436,164.9786537,75,418881,-365508,70774
4947,New Caledonia,Nord,-20.940436,164.9786537,30,4946306,-4722319,736985
4948,New Caledonia,Nord,-20.940436,164.9786537,50,3622049,-3477008,524929
4949,New Caledonia,Nord,-20.940436,164.9786537,75,2403045,-2335339,329619
4950,New Caledonia,Sud,-22.2316668,166.4688168,30,544559,-227996,100183
4951,New Caledonia,Sud,-22.2316668,166.4688168,50,452528,-150311,83105
4952,New Caledonia,Sud,-22.2316668,166.4688168,75,324082,-62258,58786
4953,New Caledonia,Sud,-22.2316668,166.4688168,30,3367183,-3180243,513023
4954,New Caledonia,Sud,-22.2316668,166.4688168,50,2343839,-2217048,346313
4955,New Caledonia,Sud,-22.2316668,166.4688168,75,1654744,-1584057,231432
4956,New Caledonia,Îles Loyauté,-20.9328607,167.1657848,30,1119851,-1073114,190320
4957,New Caledonia,Îles Loyauté,-20.9328607,167.1657848,50,1060270,-1019177,180096
4958,New Caledonia,Îles Loyauté,-20.9328607,167.1657848,75,969122,-938965,164268
4959,New Zealand,Auckland,-36.852095,174.7631803,30,1132857,-233062,186352
4960,New Zealand,Auckland,-36.852095,174.7631803,50,1095169,-208383,175975
4961,New Zealand,Auckland,-36.852095,174.7631803,75,985653,-133458,146946
4962,New Zealand,Bay of Plenty,-37.9503756,176.9382874,30,4129613,1326221,831037
4963,New Zealand,Bay of Plenty,-37.9503756,176.9382874,50,4052208,1356646,817874
4964,New Zealand,Bay of Plenty,-37.9503756,176.9382874,75,3842558,1438967,776862
4965,New Zealand,Canterbury,-43.4941762,171.8098448,30,4972409,-2666371,757988
4966,New Zealand,Canterbury,-43.4941762,171.8098448,50,4456933,-2228152,670939
4967,New Zealand,Canterbury,-43.4941762,171.8098448,75,3249880,-1226863,469240
4968,New Zealand,Gisborne,-38.661326,178.0206487,30,3346977,-690831,457438
4969,New Zealand,Gisborne,-38.661326,178.0206487,50,3225609,-584290,432822
4970,New Zealand,Gisborne,-38.661326,178.0206487,75,2871144,-290165,367062
4971,New Zealand,Hawke's Bay,-39.5256512,176.7611457,30,2847988,-101194,538451
4972,New Zealand,Hawke's Bay,-39.5256512,176.7611457,50,2724413,-12120,509690
4973,New Zealand,Hawke's Bay,-39.5256512,176.7611457,75,2413667,191117,438312
4974,New Zealand,Manawatu-Wanganui,-39.6407734,175.5713557,30,3880718,-1595717,895464
4975,New Zealand,Manawatu-Wanganui,-39.6407734,175.5713557,50,3690440,-1434738,840683
4976,New Zealand,Manawatu-Wanganui,-39.6407734,175.5713557,75,3081916,-939691,669493
4977,New Zealand,Marlborough,-41.4744747,173.8330263,30,2998968,-1600703,444422
4978,New Zealand,Marlborough,-41.4744747,173.8330263,50,2853375,-1478027,423013
4979,New Zealand,Marlborough,-41.4744747,173.8330263,75,2420477,-1112186,358532
4980,New Zealand,Nelson,-41.2710849,173.2836756,30,232492,7750,32319
4981,New Zealand,Nelson,-41.2710849,173.2836756,50,226353,11857,31474
4982,New Zealand,Nelson,-41.2710849,173.2836756,75,207756,24347,28796
4983,New Zealand,Northern Islands,-35.2326763,173.9541482,30,665,-562,347
4984,New Zealand,Northern Islands,-35.2326763,173.9541482,50,628,-530,325
4985,New Zealand,Northern Islands,-35.2326763,173.9541482,75,484,-414,251
4986,New Zealand,Northland,-35.3755091,173.9470106,30,3547280,710823,610884
4987,New Zealand,Northland,-35.3755091,173.9470106,50,3455062,764574,586486
4988,New Zealand,Northland,-35.3755091,173.9470106,75,3128412,945564,502147
4989,New Zealand,Otago,-45.3975053,170.1778918,30,3365052,-1370080,493472
4990,New Zealand,Otago,-45.3975053,170.1778918,50,3109085,-1144507,449142
4991,New Zealand,Otago,-45.3975053,170.1778918,75,2405275,-558248,326659
4992,New Zealand,Southern Islands,,,30,0,0,0
4993,New Zealand,Southern Islands,,,50,0,0,0
4994,New Zealand,Southern Islands,,,75,0,0,0
4995,New Zealand,Southland,-45.9254266,167.6068483,30,8218925,-6711249,1615746
4996,New Zealand,Southland,-45.9254266,167.6068483,50,7987842,-6504781,1571098
4997,New Zealand,Southland,-45.9254266,167.6068483,75,7103179,-5735495,1398102
4998,New Zealand,Taranaki,-39.3848064,174.1973505,30,1358498,-845888,401993
4999,New Zealand,Taranaki,-39.3848064,174.1973505,50,1316425,-809677,390379
5000,New Zealand,Taranaki,-39.3848064,174.1973505,75,1157418,-678736,345683
5001,New Zealand,Tasman,-41.302221,172.8945319,30,4139281,-1883807,732629
5002,New Zealand,Tasman,-41.302221,172.8945319,50,4059360,-1827829,720271
5003,New Zealand,Tasman,-41.302221,172.8945319,75,3782847,-1622484,674392
5004,New Zealand,Waikato,-37.7792272,175.2010324,30,6073972,2320182,1142138
5005,New Zealand,Waikato,-37.7792272,175.2010324,50,5926586,2394475,1106944
5006,New Zealand,Waikato,-37.7792272,175.2010324,75,5479490,2627407,987527
5007,New Zealand,Wellington,-41.2887953,174.7772114,30,1937066,-617243,408053
5008,New Zealand,Wellington,-41.2887953,174.7772114,50,1849358,-545336,386845
5009,New Zealand,Wellington,-41.2887953,174.7772114,75,1611225,-361320,331150
5010,New Zealand,West Coast,-42.5638896,171.452334,30,8234072,-7203885,1707067
5011,New Zealand,West Coast,-42.5638896,171.452334,50,8107965,-7089005,1682302
5012,New Zealand,West Coast,-42.5638896,171.452334,75,7443197,-6463964,1547174
5013,Nicaragua,Atlántico Norte,14.0557499,-83.7475765,30,8911746,10671918,2384822
5014,Nicaragua,Atlántico Norte,14.0557499,-83.7475765,50,8375616,11146902,2280253
5015,Nicaragua,Atlántico Norte,14.0557499,-83.7475765,75,7558356,11719523,2115933
5016,Nicaragua,Atlántico Sur,12.1793275,-83.7774051,30,7484920,6445569,1847959
5017,Nicaragua,Atlántico Sur,12.1793275,-83.7774051,50,7030118,6781403,1760557
5018,Nicaragua,Atlántico Sur,12.1793275,-83.7774051,75,6094328,7311579,1569140
5019,Nicaragua,Boaco,12.2551759,-85.724364,30,859534,-532664,161361
5020,Nicaragua,Boaco,12.2551759,-85.724364,50,678315,-384348,123515
5021,Nicaragua,Boaco,12.2551759,-85.724364,75,374733,-162694,63799
5022,Nicaragua,Carazo,11.6619985,-86.3125697,30,307860,-234434,69322
5023,Nicaragua,Carazo,11.6619985,-86.3125697,50,270853,-200711,60923
5024,Nicaragua,Carazo,11.6619985,-86.3125697,75,186957,-129023,41392
5025,Nicaragua,Chinandega,12.7777962,-87.269584,30,1321802,-1008137,182757
5026,Nicaragua,Chinandega,12.7777962,-87.269584,50,1121835,-827243,146334
5027,Nicaragua,Chinandega,12.7777962,-87.269584,75,818293,-587808,86791
5028,Nicaragua,Chontales,11.9876753,-85.1860798,30,1509936,-933089,285711
5029,Nicaragua,Chontales,11.9876753,-85.1860798,50,1264458,-722342,238250
5030,Nicaragua,Chontales,11.9876753,-85.1860798,75,771431,-343149,141934
5031,Nicaragua,Estelí,13.0931241,-86.3554436,30,570040,-506731,120614
5032,Nicaragua,Estelí,13.0931241,-86.3554436,50,385824,-329251,82317
5033,Nicaragua,Estelí,13.0931241,-86.3554436,75,140704,-102608,31782
5034,Nicaragua,Granada,11.930367,-85.9535387,30,171535,-133254,43049
5035,Nicaragua,Granada,11.930367,-85.9535387,50,153713,-116451,38557
5036,Nicaragua,Granada,11.930367,-85.9535387,75,111598,-79199,28221
5037,Nicaragua,Jinotega,13.8038301,-85.39452,30,2840629,2245800,845635
5038,Nicaragua,Jinotega,13.8038301,-85.39452,50,2603771,2436981,798723
5039,Nicaragua,Jinotega,13.8038301,-85.39452,75,2072394,2774520,688580
5040,Nicaragua,Lago Nicaragua,11.5738699,-85.3126209,30,128302,-86389,31991
5041,Nicaragua,Lago Nicaragua,11.5738699,-85.3126209,50,118761,-77543,29781
5042,Nicaragua,Lago Nicaragua,11.5738699,-85.3126209,75,95853,-57459,24444
5043,Nicaragua,León,12.3021275,-86.9679698,30,952295,-726126,195102
5044,Nicaragua,León,12.3021275,-86.9679698,50,673218,-471926,136367
5045,Nicaragua,León,12.3021275,-86.9679698,75,275582,-136576,52040
5046,Nicaragua,Madriz,13.4272871,-86.401622,30,379559,-321182,85528
5047,Nicaragua,Madriz,13.4272871,-86.401622,50,260326,-209443,57584
5048,Nicaragua,Madriz,13.4272871,-86.401622,75,128393,-91754,27938
5049,Nicaragua,Managua,12.1547116,-86.273725,30,667465,-554907,160718
5050,Nicaragua,Managua,12.1547116,-86.273725,50,531286,-427947,124691
5051,Nicaragua,Managua,12.1547116,-86.273725,75,328029,-249643,72966
5052,Nicaragua,Masaya,11.9736474,-86.0960547,30,143131,-122790,29244
5053,Nicaragua,Masaya,11.9736474,-86.0960547,50,123721,-104181,25050
5054,Nicaragua,Masaya,11.9736474,-86.0960547,75,80710,-63976,16135
5055,Nicaragua,Matagalpa,12.940323,-85.6960942,30,2382804,-1423001,482451
5056,Nicaragua,Matagalpa,12.940323,-85.6960942,50,1986687,-1077160,399632
5057,Nicaragua,Matagalpa,12.940323,-85.6960942,75,1323675,-561208,265902
5058,Nicaragua,Nueva Segovia,13.7719023,-86.0584542,30,903042,-516170,202650
5059,Nicaragua,Nueva Segovia,13.7719023,-86.0584542,50,682423,-319700,156437
5060,Nicaragua,Nueva Segovia,13.7719023,-86.0584542,75,393452,-85213,94896
5061,Nicaragua,Rivas,11.4416741,-85.7591501,30,436457,-267518,90244
5062,Nicaragua,Rivas,11.4416741,-85.7591501,50,400276,-236483,82600
5063,Nicaragua,Rivas,11.4416741,-85.7591501,75,280956,-142152,57474
5064,Nicaragua,Río San Juan,11.3080026,-84.7550693,30,2084331,2098237,554711
5065,Nicaragua,Río San Juan,11.3080026,-84.7550693,50,1905621,2251279,522939
5066,Nicaragua,Río San Juan,11.3080026,-84.7550693,75,1498402,2537616,447388
5067,Niger,Agadez,16.972556,7.990739,30,1121,-1121,0
5068,Niger,Agadez,16.972556,7.990739,50,1121,-1121,0
5069,Niger,Agadez,16.972556,7.990739,75,1121,-1121,0
5070,Niger,Diffa,13.3130749,12.6136611,30,69,-68,0
5071,Niger,Diffa,13.3130749,12.6136611,50,69,-69,0
5072,Niger,Diffa,13.3130749,12.6136611,75,69,-69,0
5073,Niger,Dosso,13.0496369,3.1944647,30,925,-903,0
5074,Niger,Dosso,13.0496369,3.1944647,50,925,-905,0
5075,Niger,Dosso,13.0496369,3.1944647,75,925,-905,0
5076,Niger,Maradi,13.501206,7.102534,30,210,-210,0
5077,Niger,Maradi,13.501206,7.102534,50,210,-210,0
5078,Niger,Maradi,13.501206,7.102534,75,210,-210,0
5079,Niger,Niamey,13.5168302,2.115621,30,73,-73,0
5080,Niger,Niamey,13.5168302,2.115621,50,73,-73,0
5081,Niger,Niamey,13.5168302,2.115621,75,73,-73,0
5082,Niger,Tahoua,14.889922,5.262149,30,424,-424,0
5083,Niger,Tahoua,14.889922,5.262149,50,424,-424,0
5084,Niger,Tahoua,14.889922,5.262149,75,424,-424,0
5085,Niger,Tillabéry,13.5488565,2.0673498,30,7627,-7607,2
5086,Niger,Tillabéry,13.5488565,2.0673498,50,7624,-7610,0
5087,Niger,Tillabéry,13.5488565,2.0673498,75,7623,-7609,0
5088,Niger,Zinder,13.8063421,8.9891659,30,97,-97,0
5089,Niger,Zinder,13.8063421,8.9891659,50,97,-97,0
5090,Niger,Zinder,13.8063421,8.9891659,75,97,-97,0
5091,Nigeria,Abia,5.4540953,7.5153071,30,1314352,-706827,113200
5092,Nigeria,Abia,5.4540953,7.5153071,50,421797,-240893,10255
5093,Nigeria,Abia,5.4540953,7.5153071,75,342637,-175377,3
5094,Nigeria,Adamawa,9.5129772,12.3881887,30,7643677,-5300224,3429069
5095,Nigeria,Adamawa,9.5129772,12.3881887,50,2404615,-723276,1004149
5096,Nigeria,Adamawa,9.5129772,12.3881887,75,428891,-63302,27122
5097,Nigeria,Adamawa,9.5129772,12.3881887,30,280641,-244503,97166
5098,Nigeria,Adamawa,9.5129772,12.3881887,50,119458,-99550,17901
5099,Nigeria,Adamawa,9.5129772,12.3881887,75,81269,-64834,280
5100,Nigeria,Akwa Ibom,4.9906379,7.7966205,30,1659090,-1327057,120857
5101,Nigeria,Akwa Ibom,4.9906379,7.7966205,50,916546,-774582,17521
5102,Nigeria,Akwa Ibom,4.9906379,7.7966205,75,817459,-692547,60
5103,Nigeria,Anambra,6.2183136,6.9531842,30,332303,-276017,33615
5104,Nigeria,Anambra,6.2183136,6.9531842,50,116056,-103265,6163
5105,Nigeria,Anambra,6.2183136,6.9531842,75,71831,-64067,1
5106,Nigeria,Bauchi,10.6228284,10.0287754,30,85351,-79499,895
5107,Nigeria,Bauchi,10.6228284,10.0287754,50,82079,-76290,28
5108,Nigeria,Bauchi,10.6228284,10.0287754,75,81994,-76207,0
5109,Nigeria,Bayelsa,4.7629786,6.028898,30,9415968,-8841461,823058
5110,Nigeria,Bayelsa,4.7629786,6.028898,50,8566667,-8101021,598158
5111,Nigeria,Bayelsa,4.7629786,6.028898,75,5972712,-5946132,19190
5112,Nigeria,Benue,7.3505747,8.7772877,30,322723,-245617,55369
5113,Nigeria,Benue,7.3505747,8.7772877,50,201753,-177267,6692
5114,Nigeria,Benue,7.3505747,8.7772877,75,189210,-177802,30
5115,Nigeria,Borno,12.1875392,13.3080034,30,108433,-107718,43
5116,Nigeria,Borno,12.1875392,13.3080034,50,108420,-107727,1
5117,Nigeria,Borno,12.1875392,13.3080034,75,108420,-107731,0
5118,Nigeria,Cross River,5.8671966,8.5204774,30,7358637,-4039141,1269480
5119,Nigeria,Cross River,5.8671966,8.5204774,50,4594561,-2875400,894265
5120,Nigeria,Cross River,5.8671966,8.5204774,75,1862798,-1509627,239369
5121,Nigeria,Delta,5.5273061,6.1784167,30,10856373,-8784516,986687
5122,Nigeria,Delta,5.5273061,6.1784167,50,7957979,-7100896,554607
5123,Nigeria,Delta,5.5273061,6.1784167,75,5375455,-5137271,16205
5124,Nigeria,Ebonyi,6.1996918,8.0348906,30,195490,-127331,15015
5125,Nigeria,Ebonyi,6.1996918,8.0348906,50,81234,-65312,1830
5126,Nigeria,Ebonyi,6.1996918,8.0348906,75,65857,-51541,0
5127,Nigeria,Edo,6.6076575,5.9722713,30,10269553,-1612023,1043489
5128,Nigeria,Edo,6.6076575,5.9722713,50,4740292,-279867,467197
5129,Nigeria,Edo,6.6076575,5.9722713,75,1280199,-412336,7448
5130,Nigeria,Ekiti,7.736891,5.2738326,30,3652288,-1722422,403422
5131,Nigeria,Ekiti,7.736891,5.2738326,50,2177027,-1023559,227888
5132,Nigeria,Ekiti,7.736891,5.2738326,75,239518,-92449,299
5133,Nigeria,Enugu,6.4496519,7.5136856,30,666400,-592144,62686
5134,Nigeria,Enugu,6.4496519,7.5136856,50,204449,-189892,3422
5135,Nigeria,Enugu,6.4496519,7.5136856,75,178085,-166983,0
5136,Nigeria,Federal Capital Territory,8.8311228,7.1724673,30,83673,3429,15914
5137,Nigeria,Federal Capital Territory,8.8311228,7.1724673,50,56747,-37272,178
5138,Nigeria,Federal Capital Territory,8.8311228,7.1724673,75,56641,-39230,4
5139,Nigeria,Gombe,10.4304019,11.2065408,30,4940,-3820,1
5140,Nigeria,Gombe,10.4304019,11.2065408,50,4937,-3832,0
5141,Nigeria,Gombe,10.4304019,11.2065408,75,4937,-3834,0
5142,Nigeria,Imo,5.5859456,7.0669651,30,1095878,-636708,100802
5143,Nigeria,Imo,5.5859456,7.0669651,50,410544,-224249,15834
5144,Nigeria,Imo,5.5859456,7.0669651,75,299168,-127773,2
5145,Nigeria,Jigawa,12.3252362,9.5103296,30,1026,-1008,3
5146,Nigeria,Jigawa,12.3252362,9.5103296,50,1022,-1011,0
5147,Nigeria,Jigawa,12.3252362,9.5103296,75,1021,-1010,0
5148,Nigeria,Kaduna,10.5182899,7.4359863,30,175361,-147097,5462
5149,Nigeria,Kaduna,10.5182899,7.4359863,50,165118,-143626,244
5150,Nigeria,Kaduna,10.5182899,7.4359863,75,164652,-143612,3
5151,Nigeria,Kano,11.9939978,8.5219738,30,1252,-1243,3
5152,Nigeria,Kano,11.9939978,8.5219738,50,1244,-1236,0
5153,Nigeria,Kano,11.9939978,8.5219738,75,1243,-1235,0
5154,Nigeria,Katsina,12.5630825,7.6207063,30,5605,-5397,10
5155,Nigeria,Katsina,12.5630825,7.6207063,50,5601,-5478,2
5156,Nigeria,Katsina,12.5630825,7.6207063,75,5601,-5497,0
5157,Nigeria,Kebbi,11.4167574,4.1074545,30,24631,-17457,166
5158,Nigeria,Kebbi,11.4167574,4.1074545,50,24587,-19123,20
5159,Nigeria,Kebbi,11.4167574,4.1074545,75,24581,-19377,0
5160,Nigeria,Kogi,7.7949602,6.6868669,30,1879866,-499887,256794
5161,Nigeria,Kogi,7.7949602,6.6868669,50,717930,-298728,29649
5162,Nigeria,Kogi,7.7949602,6.6868669,75,562822,-398198,1145
5163,Nigeria,Kwara,8.8367891,4.6688487,30,1015186,-213586,104618
5164,Nigeria,Kwara,8.8367891,4.6688487,50,521434,-341855,7970
5165,Nigeria,Kwara,8.8367891,4.6688487,75,442181,-341907,4
5166,Nigeria,Lagos,6.4550575,3.3941795,30,1308359,-743259,69435
5167,Nigeria,Lagos,6.4550575,3.3941795,50,910333,-628153,10741
5168,Nigeria,Lagos,6.4550575,3.3941795,75,867070,-618062,20
5169,Nigeria,Nasarawa,8.4387868,8.2382849,30,317234,-170339,11819
5170,Nigeria,Nasarawa,8.4387868,8.2382849,50,298620,-192450,243
5171,Nigeria,Nasarawa,8.4387868,8.2382849,75,298176,-192328,1
5172,Nigeria,Niger,9.9326083,5.6511088,30,257262,-71806,15143
5173,Nigeria,Niger,9.9326083,5.6511088,50,242112,-178861,811
5174,Nigeria,Niger,9.9326083,5.6511088,75,241733,-188233,23
5175,Nigeria,Ogun,6.9788582,3.4389293,30,4689219,-1861303,481752
5176,Nigeria,Ogun,6.9788582,3.4389293,50,960037,-356306,83513
5177,Nigeria,Ogun,6.9788582,3.4389293,75,505801,-252711,361
5178,Nigeria,Ondo,7.0209686,5.0567477,30,8759696,-5491727,1032169
5179,Nigeria,Ondo,7.0209686,5.0567477,50,3953840,-2282149,489372
5180,Nigeria,Ondo,7.0209686,5.0567477,75,548656,-382557,1795
5181,Nigeria,Osun,7.5484047,4.4978307,30,5626789,-3940328,695568
5182,Nigeria,Osun,7.5484047,4.4978307,50,3260487,-2417598,408704
5183,Nigeria,Osun,7.5484047,4.4978307,75,152219,-94866,523
5184,Nigeria,Oyo,8.2151249,3.5642897,30,2653474,-1398530,295174
5185,Nigeria,Oyo,8.2151249,3.5642897,50,644060,-397952,31504
5186,Nigeria,Oyo,8.2151249,3.5642897,75,389018,-316918,30
5187,Nigeria,Plateau,9.0583446,9.6826289,30,143916,-37305,8552
5188,Nigeria,Plateau,9.0583446,9.6826289,50,95692,-52994,665
5189,Nigeria,Plateau,9.0583446,9.6826289,75,92688,-59828,12
5190,Nigeria,Plateau,9.0583446,9.6826289,30,92481,-82747,8238
5191,Nigeria,Plateau,9.0583446,9.6826289,50,73319,-68265,715
5192,Nigeria,Plateau,9.0583446,9.6826289,75,71315,-67292,2
5193,Nigeria,Rivers,4.8416028,6.8604088,30,5707945,-4929360,394752
5194,Nigeria,Rivers,4.8416028,6.8604088,50,4297992,-4083196,154049
5195,Nigeria,Rivers,4.8416028,6.8604088,75,3506008,-3391987,1741
5196,Nigeria,Sokoto,13.0611195,5.3152203,30,12888,-12701,4
5197,Nigeria,Sokoto,13.0611195,5.3152203,50,12887,-12737,1
5198,Nigeria,Sokoto,13.0611195,5.3152203,75,12886,-12747,0
5199,Nigeria,Taraba,8.0141334,10.7376336,30,3589397,-1356068,1535877
5200,Nigeria,Taraba,8.0141334,10.7376336,50,1726297,-383202,685630
5201,Nigeria,Taraba,8.0141334,10.7376336,75,517544,-266206,27086
5202,Nigeria,Yobe,12.1233242,11.5065937,30,2568,-2150,26
5203,Nigeria,Yobe,12.1233242,11.5065937,50,2557,-2270,15
5204,Nigeria,Yobe,12.1233242,11.5065937,75,2539,-2523,0
5205,Nigeria,Zamfara,12.0078998,6.4191432,30,75672,-75123,32
5206,Nigeria,Zamfara,12.0078998,6.4191432,50,75658,-75302,11
5207,Nigeria,Zamfara,12.0078998,6.4191432,75,75651,-75440,1
5208,North Korea,Chagang-do,40.7198536,126.539056,30,5210299,-4302401,1169457
5209,North Korea,Chagang-do,40.7198536,126.539056,50,4703010,-3872231,1056440
5210,North Korea,Chagang-do,40.7198536,126.539056,75,1491825,-1150355,327141
5211,North Korea,Hamgyǒng-bukto,,,30,3841831,-3310192,847900
5212,North Korea,Hamgyǒng-bukto,,,50,2981874,-2523476,661904
5213,North Korea,Hamgyǒng-bukto,,,75,560004,-424966,114593
5214,North Korea,Hamgyǒng-namdo,40.119918,127.5990989,30,3910239,-3292857,832557
5215,North Korea,Hamgyǒng-namdo,40.119918,127.5990989,50,2839690,-2335560,606439
5216,North Korea,Hamgyǒng-namdo,40.119918,127.5990989,75,637371,-471533,116215
5217,North Korea,Hwanghae-bukto,,,30,804480,-770257,135366
5218,North Korea,Hwanghae-bukto,,,50,512075,-487303,80723
5219,North Korea,Hwanghae-bukto,,,75,130105,-124693,7204
5220,North Korea,Hwanghae-namdo,38.2628262,125.476901,30,400562,-369283,47452
5221,North Korea,Hwanghae-namdo,38.2628262,125.476901,50,278104,-253099,25375
5222,North Korea,Hwanghae-namdo,38.2628262,125.476901,75,140922,-124545,3263
5223,North Korea,Kaesǒng,37.9690133,126.5426561,30,50160,-49005,6366
5224,North Korea,Kaesǒng,37.9690133,126.5426561,50,30282,-29822,2740
5225,North Korea,Kaesǒng,37.9690133,126.5426561,75,12995,-12867,83
5226,North Korea,Kangwǒn-do,38.8354349,127.5146547,30,2251210,-2137297,387667
5227,North Korea,Kangwǒn-do,38.8354349,127.5146547,50,1694749,-1602538,286407
5228,North Korea,Kangwǒn-do,38.8354349,127.5146547,75,423402,-398133,55790
5229,North Korea,Kumgangsan,38.6918433,128.2160229,30,289583,-272297,53910
5230,North Korea,Kumgangsan,38.6918433,128.2160229,50,225985,-211678,41874
5231,North Korea,Kumgangsan,38.6918433,128.2160229,75,52240,-49631,8562
5232,North Korea,P'yǒngan-bukto,,,30,1882103,-1721170,408682
5233,North Korea,P'yǒngan-bukto,,,50,1486030,-1347279,320363
5234,North Korea,P'yǒngan-bukto,,,75,440898,-389428,83103
5235,North Korea,P'yǒngan-namdo,39.5416505,126.0647645,30,1994944,-1678845,415857
5236,North Korea,P'yǒngan-namdo,39.5416505,126.0647645,50,1531392,-1253705,322990
5237,North Korea,P'yǒngan-namdo,39.5416505,126.0647645,75,367133,-275528,68654
5238,North Korea,P'yǒngyang,39.0167979,125.7473609,30,132928,-124464,21725
5239,North Korea,P'yǒngyang,39.0167979,125.7473609,50,60892,-55544,8829
5240,North Korea,P'yǒngyang,39.0167979,125.7473609,75,16640,-15587,534
5241,North Korea,Rasǒn,42.2497316,130.3113296,30,134619,-125550,26770
5242,North Korea,Rasǒn,42.2497316,130.3113296,50,86078,-77812,16704
5243,North Korea,Rasǒn,42.2497316,130.3113296,75,24926,-21649,3541
5244,North Korea,Ryanggang,41.0997898,128.1690346,30,3615328,-2847549,841846
5245,North Korea,Ryanggang,41.0997898,128.1690346,50,2845577,-2213767,662772
5246,North Korea,Ryanggang,41.0997898,128.1690346,75,581193,-443830,128331
5247,North Korea,Sinŭiju,40.0940758,124.3977559,30,46,-45,6
5248,North Korea,Sinŭiju,40.0940758,124.3977559,50,20,-19,0
5249,North Korea,Sinŭiju,40.0940758,124.3977559,75,20,-19,0
5250,Norway,Akershus,60.0312215,11.3174619,30,1578733,-732954,350874
5251,Norway,Akershus,60.0312215,11.3174619,50,1475300,-637774,328354
5252,Norway,Akershus,60.0312215,11.3174619,75,1117685,-354812,249748
5253,Norway,Aust-Agder,58.4696513,8.7599548,30,1876232,-1260545,526327
5254,Norway,Aust-Agder,58.4696513,8.7599548,50,1621529,-1015471,449983
5255,Norway,Aust-Agder,58.4696513,8.7599548,75,1073949,-544929,290005
5256,Norway,Buskerud,60.2497876,8.9627868,30,3415786,-2213728,762799
5257,Norway,Buskerud,60.2497876,8.9627868,50,3011690,-1827524,674423
5258,Norway,Buskerud,60.2497876,8.9627868,75,1994693,-941025,450597
5259,Norway,Finnmark,69.9697735,24.7685788,30,2208949,-2183656,497019
5260,Norway,Finnmark,69.9697735,24.7685788,50,1251139,-1230315,273478
5261,Norway,Finnmark,69.9697735,24.7685788,75,423216,-413888,82714
5262,Norway,Hedmark,60.7967398,11.0741908,30,5744526,-3139380,1433925
5263,Norway,Hedmark,60.7967398,11.0741908,50,4932668,-2381083,1215151
5264,Norway,Hedmark,60.7967398,11.0741908,75,3122601,-879531,768498
5265,Norway,Hordaland,59.9481063,6.5835956,30,2604146,-2292505,550751
5266,Norway,Hordaland,59.9481063,6.5835956,50,2300291,-1996457,480250
5267,Norway,Hordaland,59.9481063,6.5835956,75,1659876,-1386927,339783
5268,Norway,Møre og Romsdal,62.8452777,7.5181941,30,2892647,-2651780,614467
5269,Norway,Møre og Romsdal,62.8452777,7.5181941,50,2409740,-2173950,507082
5270,Norway,Møre og Romsdal,62.8452777,7.5181941,75,1634980,-1421328,338806
5271,Norway,Nord-Trøndelag,64.4680762,11.5030226,30,4668652,-3957935,905199
5272,Norway,Nord-Trøndelag,64.4680762,11.5030226,50,3749562,-3047644,722915
5273,Norway,Nord-Trøndelag,64.4680762,11.5030226,75,2099566,-1474710,398275
5274,Norway,Nordland,67.275634,13.8623544,30,5586207,-5277285,1124212
5275,Norway,Nordland,67.275634,13.8623544,50,4648657,-4344143,933515
5276,Norway,Nordland,67.275634,13.8623544,75,2931811,-2651910,581837
5277,Norway,Oppland,63.3865692,10.1585603,30,4748509,-3421689,956662
5278,Norway,Oppland,63.3865692,10.1585603,50,4026728,-2721733,808627
5279,Norway,Oppland,63.3865692,10.1585603,75,2509704,-1345971,505488
5280,Norway,Oslo,59.9133301,10.7389701,30,156727,-117113,32415
5281,Norway,Oslo,59.9133301,10.7389701,50,144705,-105339,29532
5282,Norway,Oslo,59.9133301,10.7389701,75,116988,-79552,23861
5283,Norway,Rogaland,58.9363138,5.8058786,30,1627080,-1448908,317140
5284,Norway,Rogaland,58.9363138,5.8058786,50,1348738,-1178802,261958
5285,Norway,Rogaland,58.9363138,5.8058786,75,846955,-706883,163214
5286,Norway,Sogn og Fjordane,61.0136704,6.5429445,30,2790807,-2634387,603071
5287,Norway,Sogn og Fjordane,61.0136704,6.5429445,50,2383929,-2231751,508008
5288,Norway,Sogn og Fjordane,61.0136704,6.5429445,75,1664292,-1529921,348444
5289,Norway,Sør-Trøndelag,63.433196,10.401583,30,3502437,-3032715,732666
5290,Norway,Sør-Trøndelag,63.433196,10.401583,50,2801583,-2339733,576966
5291,Norway,Sør-Trøndelag,63.433196,10.401583,75,1653440,-1240989,334333
5292,Norway,Telemark,59.3962677,8.66266,30,3626811,-2780061,809838
5293,Norway,Telemark,59.3962677,8.66266,50,3161110,-2328113,705332
5294,Norway,Telemark,59.3962677,8.66266,75,2161052,-1418986,481409
5295,Norway,Troms,69.5311072,19.5296839,30,3283367,-3240579,657953
5296,Norway,Troms,69.5311072,19.5296839,50,2773626,-2731920,554506
5297,Norway,Troms,69.5311072,19.5296839,75,1775642,-1739653,351745
5298,Norway,Vest-Agder,58.151263,7.993977,30,1806935,-1384032,419623
5299,Norway,Vest-Agder,58.151263,7.993977,50,1581278,-1167646,364184
5300,Norway,Vest-Agder,58.151263,7.993977,75,1027188,-674333,233188
5301,Norway,Vestfold,59.1954857,10.2662616,30,837574,-421542,154537
5302,Norway,Vestfold,59.1954857,10.2662616,50,781921,-369322,144415
5303,Norway,Vestfold,59.1954857,10.2662616,75,608784,-221647,113949
5304,Norway,Østfold,59.2669302,11.2085719,30,1075197,-346314,290036
5305,Norway,Østfold,59.2669302,11.2085719,50,990542,-270817,268847
5306,Norway,Østfold,59.2669302,11.2085719,75,701018,-63256,190742
5307,Oman,Ad Dakhliyah,,,30,366,-366,0
5308,Oman,Ad Dakhliyah,,,50,366,-366,0
5309,Oman,Ad Dakhliyah,,,75,366,-366,0
5310,Oman,Al Batinah North,24.0308945,56.7041781,30,106,-106,0
5311,Oman,Al Batinah North,24.0308945,56.7041781,50,106,-106,0
5312,Oman,Al Batinah North,24.0308945,56.7041781,75,106,-106,0
5313,Oman,Al Batinah South,23.4996465,57.6132211,30,115,-115,0
5314,Oman,Al Batinah South,23.4996465,57.6132211,50,115,-115,0
5315,Oman,Al Batinah South,23.4996465,57.6132211,75,115,-115,0
5316,Oman,Al Buraymi,24.1721086,56.1318808,30,9,-9,0
5317,Oman,Al Buraymi,24.1721086,56.1318808,50,9,-9,0
5318,Oman,Al Buraymi,24.1721086,56.1318808,75,9,-9,0
5319,Oman,Al Dhahira,23.46,56.14,30,70,-70,0
5320,Oman,Al Dhahira,23.46,56.14,50,70,-70,0
5321,Oman,Al Dhahira,23.46,56.14,75,70,-70,0
5322,Oman,Al Wusta,19.7038213,56.4357977,30,0,0,0
5323,Oman,Al Wusta,19.7038213,56.4357977,50,0,0,0
5324,Oman,Al Wusta,19.7038213,56.4357977,75,0,0,0
5325,Oman,Ash Sharqiyah North,22.4051289,58.487593,30,179,-179,0
5326,Oman,Ash Sharqiyah North,22.4051289,58.487593,50,179,-179,0
5327,Oman,Ash Sharqiyah North,22.4051289,58.487593,75,179,-179,0
5328,Oman,Ash Sharqiyah South,21.9054459,59.3073831,30,164,-164,0
5329,Oman,Ash Sharqiyah South,21.9054459,59.3073831,50,164,-164,0
5330,Oman,Ash Sharqiyah South,21.9054459,59.3073831,75,164,-164,0
5331,Oman,Dhofar,18.3999896,54.2164111,30,1265,-1265,0
5332,Oman,Dhofar,18.3999896,54.2164111,50,1265,-1265,0
5333,Oman,Dhofar,18.3999896,54.2164111,75,1264,-1264,0
5334,Oman,Musandam,26.1523215,56.3294895,30,16,-15,0
5335,Oman,Musandam,26.1523215,56.3294895,50,16,-16,0
5336,Oman,Musandam,26.1523215,56.3294895,75,16,-16,0
5337,Oman,Muscat,23.6123628,58.5938134,30,681,-681,0
5338,Oman,Muscat,23.6123628,58.5938134,50,681,-681,0
5339,Oman,Muscat,23.6123628,58.5938134,75,681,-681,0
5340,Pakistan,Balochistan,28.0,66.0,30,28686,-28672,231
5341,Pakistan,Balochistan,28.0,66.0,50,28182,-28176,78
5342,Pakistan,Balochistan,28.0,66.0,75,27960,-27955,10
5343,Pakistan,Federally Administered Tribal Ar,,,30,319431,-289197,102523
5344,Pakistan,Federally Administered Tribal Ar,,,50,247606,-220011,72467
5345,Pakistan,Federally Administered Tribal Ar,,,75,156535,-143079,36287
5346,Pakistan,Islamabad,33.6938118,73.0651511,30,11106,-10877,3149
5347,Pakistan,Islamabad,33.6938118,73.0651511,50,4723,-4638,1021
5348,Pakistan,Islamabad,33.6938118,73.0651511,75,2054,-2009,110
5349,Pakistan,Khyber-Pakhtunkhwa,33.712802,71.2678805,30,1069517,-991441,536454
5350,Pakistan,Khyber-Pakhtunkhwa,33.712802,71.2678805,50,769404,-699162,381179
5351,Pakistan,Khyber-Pakhtunkhwa,33.712802,71.2678805,75,480157,-429953,203922
5352,Pakistan,Punjab,31.0,72.0,30,367348,-337462,74700
5353,Pakistan,Punjab,31.0,72.0,50,252463,-227457,47189
5354,Pakistan,Punjab,31.0,72.0,75,126832,-110763,14595
5355,Pakistan,Punjab,31.0,72.0,30,141471,-135392,36598
5356,Pakistan,Punjab,31.0,72.0,50,84357,-79467,16561
5357,Pakistan,Punjab,31.0,72.0,75,48622,-45812,4072
5358,Pakistan,Sindh,25.5,69.0,30,301086,-300782,2182
5359,Pakistan,Sindh,25.5,69.0,50,300470,-300276,462
5360,Pakistan,Sindh,25.5,69.0,75,300436,-300258,234
5361,Palestine,Gaza,31.4662109,34.3995428,30,1834383,-1282619,456473
5362,Palestine,Gaza,31.4662109,34.3995428,50,324275,-124125,62814
5363,Palestine,Gaza,31.4662109,34.3995428,75,99300,-82393,574
5364,Palestine,Gaza,31.4662109,34.3995428,30,229,-165,31
5365,Palestine,Gaza,31.4662109,34.3995428,50,181,-150,10
5366,Palestine,Gaza,31.4662109,34.3995428,75,166,-148,0
5367,Palestine,West Bank,31.8475659,35.2302307,30,5109,-4898,583
5368,Palestine,West Bank,31.8475659,35.2302307,50,4051,-3936,262
5369,Palestine,West Bank,31.8475659,35.2302307,75,3422,-3393,73
5370,Panama,Bocas del Toro,9.2684749,-81.9932387,30,1300734,-682193,452771
5371,Panama,Bocas del Toro,9.2684749,-81.9932387,50,1282893,-666607,449817
5372,Panama,Bocas del Toro,9.2684749,-81.9932387,75,1241078,-632810,441120
5373,Panama,Chiriquí,8.0549566,-82.2714778,30,2635246,-1694312,407044
5374,Panama,Chiriquí,8.0549566,-82.2714778,50,2418976,-1513886,366740
5375,Panama,Chiriquí,8.0549566,-82.2714778,75,1994646,-1205738,285950
5376,Panama,Coclé,8.5729744,-80.4454346,30,1233303,-336574,269943
5377,Panama,Coclé,8.5729744,-80.4454346,50,1123203,-244161,248482
5378,Panama,Coclé,8.5729744,-80.4454346,75,938085,-117114,209814
5379,Panama,Colón,9.3553005,-79.8974085,30,2624758,1944080,705526
5380,Panama,Colón,9.3553005,-79.8974085,50,2471086,2048091,677994
5381,Panama,Colón,9.3553005,-79.8974085,75,2197815,2186083,626751
5382,Panama,Colón,9.3553005,-79.8974085,30,1445257,-285096,396574
5383,Panama,Colón,9.3553005,-79.8974085,50,1404553,-254249,388788
5384,Panama,Colón,9.3553005,-79.8974085,75,1307566,-190749,370277
5385,Panama,Darién,8.2158991,-78.0172551,30,4376843,-1367081,1165160
5386,Panama,Darién,8.2158991,-78.0172551,50,4305363,-1313321,1154348
5387,Panama,Darién,8.2158991,-78.0172551,75,4113444,-1195445,1123658
5388,Panama,Emberá,8.1151981,-78.0191042,30,873962,-618268,420022
5389,Panama,Emberá,8.1151981,-78.0191042,50,872172,-616665,419472
5390,Panama,Emberá,8.1151981,-78.0191042,75,863805,-609225,416524
5391,Panama,Herrera,7.8544381,-80.7436313,30,424133,-158605,84363
5392,Panama,Herrera,7.8544381,-80.7436313,50,343541,-92894,68527
5393,Panama,Herrera,7.8544381,-80.7436313,75,233975,-30946,45838
5394,Panama,Kuna Yala,9.4708308,-78.9600918,30,838740,-684378,249984
5395,Panama,Kuna Yala,9.4708308,-78.9600918,50,837044,-682981,249592
5396,Panama,Kuna Yala,9.4708308,-78.9600918,75,832286,-678971,248333
5397,Panama,Los Santos,7.7056416,-80.0873345,30,708251,-526878,126051
5398,Panama,Los Santos,7.7056416,-80.0873345,50,602502,-429084,106462
5399,Panama,Los Santos,7.7056416,-80.0873345,75,462066,-311745,79128
5400,Panama,Ngöbe Buglé,8.793244,-81.7682694,30,1941184,-654459,569768
5401,Panama,Ngöbe Buglé,8.793244,-81.7682694,50,1843117,-576063,550003
5402,Panama,Ngöbe Buglé,8.793244,-81.7682694,75,1612755,-439728,495706
5403,Panama,Panamá,8.843273,-79.7053673,30,2739412,-994084,682808
5404,Panama,Panamá,8.843273,-79.7053673,50,2613089,-891752,660826
5405,Panama,Panamá,8.843273,-79.7053673,75,2372988,-734958,617551
5406,Panama,Panamá Oeste,8.730087,-79.8755817,30,975973,-555036,174462
5407,Panama,Panamá Oeste,8.730087,-79.8755817,50,884891,-479318,159382
5408,Panama,Panamá Oeste,8.730087,-79.8755817,75,714415,-355916,130699
5409,Panama,Veraguas,8.2414131,-81.0903464,30,3924533,-2231934,735639
5410,Panama,Veraguas,8.2414131,-81.0903464,50,3528572,-1897426,666238
5411,Panama,Veraguas,8.2414131,-81.0903464,75,2853619,-1468249,538084
5412,Papua New Guinea,Bougainville,-6.1441283,155.2059339,30,3851720,-1446338,916944
5413,Papua New Guinea,Bougainville,-6.1441283,155.2059339,50,3825320,-1423640,912701
5414,Papua New Guinea,Bougainville,-6.1441283,155.2059339,75,3650399,-1295005,885883
5415,Papua New Guinea,Central,-10.0,148.0,30,18805,-17663,4184
5416,Papua New Guinea,Central,-10.0,148.0,50,4010,-3501,141
5417,Papua New Guinea,Central,-10.0,148.0,75,3610,-3524,5
5418,Papua New Guinea,Central,-10.0,148.0,30,1685610,-1564217,420186
5419,Papua New Guinea,Central,-10.0,148.0,50,1584548,-1465693,402314
5420,Papua New Guinea,Central,-10.0,148.0,75,1445104,-1331983,376003
5421,Papua New Guinea,Central,-10.0,148.0,30,5231700,-167875,750595
5422,Papua New Guinea,Central,-10.0,148.0,50,3357357,182991,465307
5423,Papua New Guinea,Central,-10.0,148.0,75,472347,62146,18025
5424,Papua New Guinea,Central,-10.0,148.0,30,4192611,-3765965,1160588
5425,Papua New Guinea,Central,-10.0,148.0,50,3481695,-3123775,987702
5426,Papua New Guinea,Central,-10.0,148.0,75,1327181,-1135990,448751
5427,Papua New Guinea,Central,-10.0,148.0,30,5228223,-3252554,2663684
5428,Papua New Guinea,Central,-10.0,148.0,50,5025644,-3058486,2605597
5429,Papua New Guinea,Central,-10.0,148.0,75,4594461,-2679008,2475829
5430,Papua New Guinea,Central,-10.0,148.0,30,475523,-387323,65704
5431,Papua New Guinea,Central,-10.0,148.0,50,308279,-232094,43880
5432,Papua New Guinea,Central,-10.0,148.0,75,156982,-105925,21650
5433,Papua New Guinea,Central,-10.0,148.0,30,264593,-171759,60108
5434,Papua New Guinea,Central,-10.0,148.0,50,260254,-167703,59328
5435,Papua New Guinea,Central,-10.0,148.0,75,247011,-156760,56855
5436,Papua New Guinea,Central,-10.0,148.0,30,5540593,-900420,2086299
5437,Papua New Guinea,Central,-10.0,148.0,50,849445,-208603,169780
5438,Papua New Guinea,Central,-10.0,148.0,75,452214,-274285,453
5439,Papua New Guinea,Chimbu,-6.25,144.833333,30,644327,-170190,559954
5440,Papua New Guinea,Chimbu,-6.25,144.833333,50,610333,-140430,546066
5441,Papua New Guinea,Chimbu,-6.25,144.833333,75,500415,-55802,500296
5442,Papua New Guinea,East New Britain,-5.1386278,151.9020187,30,4593815,2569105,1514784
5443,Papua New Guinea,East New Britain,-5.1386278,151.9020187,50,4571473,2580939,1511318
5444,Papua New Guinea,East New Britain,-5.1386278,151.9020187,75,4440216,2621903,1491873
5445,Papua New Guinea,East Sepik,-4.355541,143.2325162,30,9859041,-6176260,3805349
5446,Papua New Guinea,East Sepik,-4.355541,143.2325162,50,9177556,-5552709,3685896
5447,Papua New Guinea,East Sepik,-4.355541,143.2325162,75,7943457,-4526706,3448317
5448,Papua New Guinea,Eastern Highlands,-6.5,145.583333,30,716455,-17346,916612
5449,Papua New Guinea,Eastern Highlands,-6.5,145.583333,50,550517,140754,874258
5450,Papua New Guinea,Eastern Highlands,-6.5,145.583333,75,216563,428149,771501
5451,Papua New Guinea,Enga,-5.6725937,143.6436942,30,-277857,1209613,1081677
5452,Papua New Guinea,Enga,-5.6725937,143.6436942,50,-374802,1297338,1042838
5453,Papua New Guinea,Enga,-5.6725937,143.6436942,75,-561285,1428395,961298
5454,Papua New Guinea,Gulf,-7.5556411,144.8850036,30,11713062,-9381067,3384894
5455,Papua New Guinea,Gulf,-7.5556411,144.8850036,50,11632793,-9304414,3361195
5456,Papua New Guinea,Gulf,-7.5556411,144.8850036,75,11407155,-9102198,3294396
5457,Papua New Guinea,Hela,-5.7729776,142.7792477,30,148774,787759,943837
5458,Papua New Guinea,Hela,-5.7729776,142.7792477,50,101649,831367,925642
5459,Papua New Guinea,Hela,-5.7729776,142.7792477,75,-24785,931470,870710
5460,Papua New Guinea,Jiwaka,-5.5797604,144.613752,30,707554,59169,454184
5461,Papua New Guinea,Jiwaka,-5.5797604,144.613752,50,627732,133659,442874
5462,Papua New Guinea,Jiwaka,-5.5797604,144.613752,75,422037,302734,405890
5463,Papua New Guinea,Madang,-5.0,145.5,30,6926173,-1052886,2716452
5464,Papua New Guinea,Madang,-5.0,145.5,50,6722228,-879640,2680900
5465,Papua New Guinea,Madang,-5.0,145.5,75,6170545,-527425,2571082
5466,Papua New Guinea,Manus,-2.1032645,146.9325448,30,752726,-502955,206016
5467,Papua New Guinea,Manus,-2.1032645,146.9325448,50,748358,-499120,205142
5468,Papua New Guinea,Manus,-2.1032645,146.9325448,75,728819,-483042,200966
5469,Papua New Guinea,Milne Bay,-10.0226491,151.5800288,30,4466973,-1612606,1289035
5470,Papua New Guinea,Milne Bay,-10.0226491,151.5800288,50,4341959,-1502217,1266770
5471,Papua New Guinea,Milne Bay,-10.0226491,151.5800288,75,4021324,-1292162,1208187
5472,Papua New Guinea,Morobe,-7.0,147.0,30,5168319,-1330811,2991420
5473,Papua New Guinea,Morobe,-7.0,147.0,50,4908229,-1090681,2941916
5474,Papua New Guinea,Morobe,-7.0,147.0,75,4255563,-562550,2796062
5475,Papua New Guinea,National Capital District,-9.416667,147.166667,30,13868,-11514,2573
5476,Papua New Guinea,National Capital District,-9.416667,147.166667,50,10964,-8826,1760
5477,Papua New Guinea,National Capital District,-9.416667,147.166667,75,8814,-7080,1114
5478,Papua New Guinea,New Ireland,-3.7021472,152.4360021,30,3420061,-668280,938260
5479,Papua New Guinea,New Ireland,-3.7021472,152.4360021,50,3391426,-645525,933360
5480,Papua New Guinea,New Ireland,-3.7021472,152.4360021,75,3277635,-578226,912362
5481,Papua New Guinea,Oro,-9.0,148.5,30,7654141,-4228668,2170774
5482,Papua New Guinea,Oro,-9.0,148.5,50,7476841,-4060298,2144287
5483,Papua New Guinea,Oro,-9.0,148.5,75,6865190,-3531819,2063546
5484,Papua New Guinea,Sandaun,-3.5,142.0,30,5575315,79567,3475592
5485,Papua New Guinea,Sandaun,-3.5,142.0,50,5493007,150696,3456923
5486,Papua New Guinea,Sandaun,-3.5,142.0,75,5281254,306911,3401087
5487,Papua New Guinea,Southern Highlands,-6.4471522,143.6006612,30,1795976,-826813,1512747
5488,Papua New Guinea,Southern Highlands,-6.4471522,143.6006612,50,1724578,-760461,1486243
5489,Papua New Guinea,Southern Highlands,-6.4471522,143.6006612,75,1514203,-587508,1409394
5490,Papua New Guinea,West New Britain,-5.8891465,149.699546,30,8618786,-956290,1994828
5491,Papua New Guinea,West New Britain,-5.8891465,149.699546,50,8573326,-926919,1990041
5492,Papua New Guinea,West New Britain,-5.8891465,149.699546,75,8333641,-802765,1966456
5493,Papua New Guinea,Western,-7.5,142.0,30,2617653,-2077173,501198
5494,Papua New Guinea,Western,-7.5,142.0,50,2080585,-1564748,406548
5495,Papua New Guinea,Western,-7.5,142.0,75,1568208,-1112230,311813
5496,Papua New Guinea,Western,-7.5,142.0,30,30331,-21815,3467
5497,Papua New Guinea,Western,-7.5,142.0,50,14194,-12335,31
5498,Papua New Guinea,Western,-7.5,142.0,75,14109,-12470,0
5499,Papua New Guinea,Western,-7.5,142.0,30,8785039,1527388,1348816
5500,Papua New Guinea,Western,-7.5,142.0,50,6572249,1821303,1098324
5501,Papua New Guinea,Western,-7.5,142.0,75,694592,132253,55512
5502,Papua New Guinea,Western,-7.5,142.0,30,20855279,-14863335,9020252
5503,Papua New Guinea,Western,-7.5,142.0,50,19546014,-13615921,8622088
5504,Papua New Guinea,Western,-7.5,142.0,75,16350393,-10846500,7727790
5505,Papua New Guinea,Western,-7.5,142.0,30,418368,-212555,45098
5506,Papua New Guinea,Western,-7.5,142.0,50,289968,-166769,26566
5507,Papua New Guinea,Western,-7.5,142.0,75,155911,-136617,3421
5508,Papua New Guinea,Western,-7.5,142.0,30,1466077,790529,543913
5509,Papua New Guinea,Western,-7.5,142.0,50,1460326,794801,542680
5510,Papua New Guinea,Western,-7.5,142.0,75,1433461,811381,536831
5511,Papua New Guinea,Western,-7.5,142.0,30,3279095,-924793,1425671
5512,Papua New Guinea,Western,-7.5,142.0,50,1225904,-322937,443998
5513,Papua New Guinea,Western,-7.5,142.0,75,402116,-334002,1577
5514,Papua New Guinea,Western Highlands,-5.841586,144.2355348,30,583528,-274800,360392
5515,Papua New Guinea,Western Highlands,-5.841586,144.2355348,50,482548,-178308,337410
5516,Papua New Guinea,Western Highlands,-5.841586,144.2355348,75,266360,12517,282455
5517,Paraguay,Alto Paraguay,-20.5,-59.166667,30,26395661,-6546661,6697833
5518,Paraguay,Alto Paraguay,-20.5,-59.166667,50,19602646,-1807016,4924112
5519,Paraguay,Alto Paraguay,-20.5,-59.166667,75,10081608,-203524,2434955
5520,Paraguay,Alto Paraná,-25.5,-54.833333,30,2745776,-844554,463538
5521,Paraguay,Alto Paraná,-25.5,-54.833333,50,2395899,-549567,407436
5522,Paraguay,Alto Paraná,-25.5,-54.833333,75,1923440,-208094,336946
5523,Paraguay,Amambay,-23.0,-56.0,30,2377284,752500,583324
5524,Paraguay,Amambay,-23.0,-56.0,50,1834423,1091099,489457
5525,Paraguay,Amambay,-23.0,-56.0,75,1209783,1286609,372977
5526,Paraguay,Asunción,-25.2800459,-57.6343814,30,12095,-9272,1793
5527,Paraguay,Asunción,-25.2800459,-57.6343814,50,7511,-5548,1127
5528,Paraguay,Asunción,-25.2800459,-57.6343814,75,3177,-2378,469
5529,Paraguay,Boquerón,-22.6643064,-61.0015877,30,22462679,-1273489,7055813
5530,Paraguay,Boquerón,-22.6643064,-61.0015877,50,2925437,1197097,979738
5531,Paraguay,Boquerón,-22.6643064,-61.0015877,75,315342,8774,63911
5532,Paraguay,Caaguazú,-25.333333,-55.833333,30,2983514,-58273,571123
5533,Paraguay,Caaguazú,-25.333333,-55.833333,50,2329538,467122,464241
5534,Paraguay,Caaguazú,-25.333333,-55.833333,75,1648841,871143,352468
5535,Paraguay,Caazapá,-26.166667,-56.0,30,2968099,-1053687,472796
5536,Paraguay,Caazapá,-26.166667,-56.0,50,2162444,-363625,348968
5537,Paraguay,Caazapá,-26.166667,-56.0,75,1573174,95899,260366
5538,Paraguay,Canindeyú,-24.25,-55.25,30,2996033,1996829,732358
5539,Paraguay,Canindeyú,-24.25,-55.25,50,2672075,2211505,676936
5540,Paraguay,Canindeyú,-24.25,-55.25,75,2171258,2392960,586954
5541,Paraguay,Central,-25.5,-57.5,30,18805,-17663,4184
5542,Paraguay,Central,-25.5,-57.5,50,4010,-3501,141
5543,Paraguay,Central,-25.5,-57.5,75,3610,-3524,5
5544,Paraguay,Central,-25.5,-57.5,30,1685610,-1564217,420186
5545,Paraguay,Central,-25.5,-57.5,50,1584548,-1465693,402314
5546,Paraguay,Central,-25.5,-57.5,75,1445104,-1331983,376003
5547,Paraguay,Central,-25.5,-57.5,30,5231700,-167875,750595
5548,Paraguay,Central,-25.5,-57.5,50,3357357,182991,465307
5549,Paraguay,Central,-25.5,-57.5,75,472347,62146,18025
5550,Paraguay,Central,-25.5,-57.5,30,4192611,-3765965,1160588
5551,Paraguay,Central,-25.5,-57.5,50,3481695,-3123775,987702
5552,Paraguay,Central,-25.5,-57.5,75,1327181,-1135990,448751
5553,Paraguay,Central,-25.5,-57.5,30,5228223,-3252554,2663684
5554,Paraguay,Central,-25.5,-57.5,50,5025644,-3058486,2605597
5555,Paraguay,Central,-25.5,-57.5,75,4594461,-2679008,2475829
5556,Paraguay,Central,-25.5,-57.5,30,475523,-387323,65704
5557,Paraguay,Central,-25.5,-57.5,50,308279,-232094,43880
5558,Paraguay,Central,-25.5,-57.5,75,156982,-105925,21650
5559,Paraguay,Central,-25.5,-57.5,30,264593,-171759,60108
5560,Paraguay,Central,-25.5,-57.5,50,260254,-167703,59328
5561,Paraguay,Central,-25.5,-57.5,75,247011,-156760,56855
5562,Paraguay,Central,-25.5,-57.5,30,5540593,-900420,2086299
5563,Paraguay,Central,-25.5,-57.5,50,849445,-208603,169780
5564,Paraguay,Central,-25.5,-57.5,75,452214,-274285,453
5565,Paraguay,Concepción,-23.1775,-57.1675,30,4380732,-932293,1023358
5566,Paraguay,Concepción,-23.1775,-57.1675,50,3199848,-56071,817806
5567,Paraguay,Concepción,-23.1775,-57.1675,75,2156656,472616,612029
5568,Paraguay,Cordillera,-25.25,-57.0,30,1383828,-1070922,205613
5569,Paraguay,Cordillera,-25.25,-57.0,50,919647,-631835,137553
5570,Paraguay,Cordillera,-25.25,-57.0,75,509273,-269726,79900
5571,Paraguay,Guairá,-25.75,-56.5,30,1071473,-574786,180084
5572,Paraguay,Guairá,-25.75,-56.5,50,790545,-327827,133679
5573,Paraguay,Guairá,-25.75,-56.5,75,563744,-153796,96945
5574,Paraguay,Itapúa,-26.833333,-55.833333,30,4087146,-2298554,596913
5575,Paraguay,Itapúa,-26.833333,-55.833333,50,3318182,-1622643,483932
5576,Paraguay,Itapúa,-26.833333,-55.833333,75,2362049,-818112,354040
5577,Paraguay,Misiones,-27.0,-57.0,30,11967291,927230,2569023
5578,Paraguay,Misiones,-27.0,-57.0,50,11169047,1518336,2420602
5579,Paraguay,Misiones,-27.0,-57.0,75,9795297,2244579,2183116
5580,Paraguay,Misiones,-27.0,-57.0,30,1417297,-1315747,157713
5581,Paraguay,Misiones,-27.0,-57.0,50,867183,-787569,85774
5582,Paraguay,Misiones,-27.0,-57.0,75,559936,-505517,49453
5583,Paraguay,Paraguarí,-26.0,-57.166667,30,1906331,-1547287,277585
5584,Paraguay,Paraguarí,-26.0,-57.166667,50,1207388,-885703,183833
5585,Paraguay,Paraguarí,-26.0,-57.166667,75,783765,-515940,120790
5586,Paraguay,Presidente Hayes,-23.5,-58.833333,30,16309333,-7353953,4025841
5587,Paraguay,Presidente Hayes,-23.5,-58.833333,50,11224857,-3803007,2875219
5588,Paraguay,Presidente Hayes,-23.5,-58.833333,75,4612319,-1343898,1095702
5589,Paraguay,San Pedro,-24.25,-56.5,30,4757708,1429770,983847
5590,Paraguay,San Pedro,-24.25,-56.5,50,3516627,2462918,805308
5591,Paraguay,San Pedro,-24.25,-56.5,75,2414294,3083527,634006
5592,Paraguay,Ñeembucú,-27.0,-58.0,30,2308649,-2251214,177976
5593,Paraguay,Ñeembucú,-27.0,-58.0,50,1687014,-1634287,123466
5594,Paraguay,Ñeembucú,-27.0,-58.0,75,960614,-920864,65237
5595,Peru,Amazonas,-5.0,-78.0,30,338657077,-207194289,149835640
5596,Peru,Amazonas,-5.0,-78.0,50,336339306,-205346515,149394541
5597,Peru,Amazonas,-5.0,-78.0,75,332243151,-202355917,148599240
5598,Peru,Amazonas,-5.0,-78.0,30,22518742,-21085438,10751506
5599,Peru,Amazonas,-5.0,-78.0,50,22496171,-21067264,10746642
5600,Peru,Amazonas,-5.0,-78.0,75,22450218,-21030033,10736271
5601,Peru,Amazonas,-5.0,-78.0,30,6443547,-2295845,3492641
5602,Peru,Amazonas,-5.0,-78.0,50,6023224,-1918699,3391225
5603,Peru,Amazonas,-5.0,-78.0,75,5280611,-1287910,3178393
5604,Peru,Amazonas,-5.0,-78.0,30,34987173,-30031986,17567910
5605,Peru,Amazonas,-5.0,-78.0,50,34449581,-29512017,17452014
5606,Peru,Amazonas,-5.0,-78.0,75,33741068,-28846360,17295170
5607,Peru,Ancash,-9.5,-77.75,30,476706,-456159,83560
5608,Peru,Ancash,-9.5,-77.75,50,331186,-312966,50221
5609,Peru,Ancash,-9.5,-77.75,75,202727,-189265,20399
5610,Peru,Apurímac,-14.0,-73.0,30,525032,-469661,117032
5611,Peru,Apurímac,-14.0,-73.0,50,367943,-322203,79167
5612,Peru,Apurímac,-14.0,-73.0,75,174895,-148346,31834
5613,Peru,Arequipa,-16.3988667,-71.5369607,30,16396,-14239,2689
5614,Peru,Arequipa,-16.3988667,-71.5369607,50,10894,-9016,1462
5615,Peru,Arequipa,-16.3988667,-71.5369607,75,6509,-5369,470
5616,Peru,Ayacucho,-14.0,-74.0,30,1235121,-625987,383407
5617,Peru,Ayacucho,-14.0,-74.0,50,1078768,-479349,346558
5618,Peru,Ayacucho,-14.0,-74.0,75,821973,-254836,273477
5619,Peru,Cajamarca,-6.25,-78.833333,30,3995228,-2893238,1146222
5620,Peru,Cajamarca,-6.25,-78.833333,50,3001323,-1983366,918690
5621,Peru,Cajamarca,-6.25,-78.833333,75,1795676,-971903,633753
5622,Peru,Callao,-12.0864633,-77.2234463,30,0,0,0
5623,Peru,Callao,-12.0864633,-77.2234463,50,0,0,0
5624,Peru,Callao,-12.0864633,-77.2234463,75,0,0,0
5625,Peru,Cusco,-13.5170887,-71.9785356,30,7516786,-4293689,3655192
5626,Peru,Cusco,-13.5170887,-71.9785356,50,7081638,-3885531,3548165
5627,Peru,Cusco,-13.5170887,-71.9785356,75,6136813,-3020271,3246602
5628,Peru,Huancavelica,-13.0,-75.0,30,335082,-277306,84323
5629,Peru,Huancavelica,-13.0,-75.0,50,245195,-191702,62832
5630,Peru,Huancavelica,-13.0,-75.0,75,122138,-82183,30003
5631,Peru,Huánuco,-9.5,-75.833333,30,4521315,8480761,2276160
5632,Peru,Huánuco,-9.5,-75.833333,50,4209569,8745419,2199978
5633,Peru,Huánuco,-9.5,-75.833333,75,3620926,9185197,2016265
5634,Peru,Ica,-14.3325,-75.499722,30,961,-923,67
5635,Peru,Ica,-14.3325,-75.499722,50,791,-754,31
5636,Peru,Ica,-14.3325,-75.499722,75,695,-657,10
5637,Peru,Junín,-11.5,-75.0,30,5372811,654687,2435630
5638,Peru,Junín,-11.5,-75.0,50,5097887,890270,2365219
5639,Peru,Junín,-11.5,-75.0,75,4419756,1430538,2134071
5640,Peru,La Libertad,-8.0,-78.5,30,485522,-375932,88143
5641,Peru,La Libertad,-8.0,-78.5,50,407003,-303688,74164
5642,Peru,La Libertad,-8.0,-78.5,75,279256,-206674,50605
5643,Peru,La Libertad,-8.0,-78.5,30,866139,-778713,227422
5644,Peru,La Libertad,-8.0,-78.5,50,634587,-554254,170170
5645,Peru,La Libertad,-8.0,-78.5,75,365680,-303443,101058
5646,Peru,Lambayeque,-6.333333,-80.0,30,305055,-266885,74808
5647,Peru,Lambayeque,-6.333333,-80.0,50,204552,-170541,47753
5648,Peru,Lambayeque,-6.333333,-80.0,75,102775,-77644,22425
5649,Peru,Lima,-12.0459808,-77.0305912,30,88300,-87892,16515
5650,Peru,Lima,-12.0459808,-77.0305912,50,52591,-52228,8677
5651,Peru,Lima,-12.0459808,-77.0305912,75,27724,-27474,3185
5652,Peru,Lima Province,-11.967575,-77.0113689,30,0,0,0
5653,Peru,Lima Province,-11.967575,-77.0113689,50,0,0,0
5654,Peru,Lima Province,-11.967575,-77.0113689,75,0,0,0
5655,Peru,Loreto,-5.0,-75.0,30,80033273,-53564738,36851528
5656,Peru,Loreto,-5.0,-75.0,50,79728916,-53360595,36787437
5657,Peru,Loreto,-5.0,-75.0,75,79106988,-53001380,36649546
5658,Peru,Madre de Dios,-12.0,-70.25,30,17172016,-5340675,8293857
5659,Peru,Madre de Dios,-12.0,-70.25,50,17108411,-5304943,8279238
5660,Peru,Madre de Dios,-12.0,-70.25,75,16959647,-5245108,8239384
5661,Peru,Moquegua,-16.833333,-70.916667,30,3309,-3211,508
5662,Peru,Moquegua,-16.833333,-70.916667,50,1839,-1761,228
5663,Peru,Moquegua,-16.833333,-70.916667,75,1048,-1013,76
5664,Peru,Pasco,-10.5,-75.25,30,3039798,2150643,1713769
5665,Peru,Pasco,-10.5,-75.25,50,2932977,2242987,1687220
5666,Peru,Pasco,-10.5,-75.25,75,2707749,2411928,1612314
5667,Peru,Piura,-5.0,-80.333333,30,2072181,-1695995,541722
5668,Peru,Piura,-5.0,-80.333333,50,1405875,-1072302,374273
5669,Peru,Piura,-5.0,-80.333333,75,707407,-464168,196571
5670,Peru,Puno,-15.0,-70.0,30,2861794,-1878972,1555477
5671,Peru,Puno,-15.0,-70.0,50,2771740,-1792993,1533263
5672,Peru,Puno,-15.0,-70.0,75,2562698,-1597170,1472147
5673,Peru,San Martín,-7.0,-76.833333,30,9713406,9104218,4665856
5674,Peru,San Martín,-7.0,-76.833333,50,9269663,9395107,4574077
5675,Peru,San Martín,-7.0,-76.833333,75,8284436,9918734,4323591
5676,Peru,Tacna,-18.01386,-70.2511032,30,1428,-1411,153
5677,Peru,Tacna,-18.01386,-70.2511032,50,1016,-1001,65
5678,Peru,Tacna,-18.01386,-70.2511032,75,835,-820,27
5679,Peru,Tumbes,-3.833333,-80.5,30,475977,-459253,132199
5680,Peru,Tumbes,-3.833333,-80.5,50,365021,-350799,102082
5681,Peru,Tumbes,-3.833333,-80.5,75,236264,-226241,65839
5682,Peru,Ucayali,-9.0,-73.5,30,22644022,679191,10312820
5683,Peru,Ucayali,-9.0,-73.5,50,22470289,769419,10280344
5684,Peru,Ucayali,-9.0,-73.5,75,22076712,925055,10200794
5685,Philippines,Abra,17.58,120.8,30,470015,-337467,266985
5686,Philippines,Abra,17.58,120.8,50,405241,-275447,244285
5687,Philippines,Abra,17.58,120.8,75,286570,-171171,200074
5688,Philippines,Agusan del Norte,8.92,125.46,30,1326361,-720018,239344
5689,Philippines,Agusan del Norte,8.92,125.46,50,1229950,-633313,226230
5690,Philippines,Agusan del Norte,8.92,125.46,75,969247,-425726,191579
5691,Philippines,Agusan del Sur,8.36,125.71,30,3359714,296853,777021
5692,Philippines,Agusan del Sur,8.36,125.71,50,3250732,389995,759508
5693,Philippines,Agusan del Sur,8.36,125.71,75,2834759,654749,692033
5694,Philippines,Aklan,11.6297894,122.2481177,30,574564,-479740,115392
5695,Philippines,Aklan,11.6297894,122.2481177,50,525020,-433445,107125
5696,Philippines,Aklan,11.6297894,122.2481177,75,344534,-275772,75299
5697,Philippines,Albay,13.216667,123.55,30,1275657,-1067640,170498
5698,Philippines,Albay,13.216667,123.55,50,1187334,-982359,158011
5699,Philippines,Albay,13.216667,123.55,75,861301,-682025,114586
5700,Philippines,Antique,11.1705066,122.083333,30,696872,-622742,152901
5701,Philippines,Antique,11.1705066,122.083333,50,621511,-550172,137830
5702,Philippines,Antique,11.1705066,122.083333,75,443206,-385436,100776
5703,Philippines,Apayao,18.12,121.19,30,810107,331887,350900
5704,Philippines,Apayao,18.12,121.19,50,776582,340498,344399
5705,Philippines,Apayao,18.12,121.19,75,645737,305178,317532
5706,Philippines,Aurora,16.0474764,121.6700916,30,1069849,-763395,275498
5707,Philippines,Aurora,16.0474764,121.6700916,50,1041941,-737156,271240
5708,Philippines,Aurora,16.0474764,121.6700916,75,931606,-642418,253770
5709,Philippines,Basilan,6.5649821,122.0649183,30,1064271,-755211,124467
5710,Philippines,Basilan,6.5649821,122.0649183,50,1046283,-738705,122005
5711,Philippines,Basilan,6.5649821,122.0649183,75,897666,-611799,103207
5712,Philippines,Bataan,14.6436031,120.4657622,30,264160,-211071,70611
5713,Philippines,Bataan,14.6436031,120.4657622,50,245305,-193626,66707
5714,Philippines,Bataan,14.6436031,120.4657622,75,180328,-136550,54522
5715,Philippines,Batanes,20.6442465,121.8939456,30,53335,-38842,11649
5716,Philippines,Batanes,20.6442465,121.8939456,50,49618,-35580,10915
5717,Philippines,Batanes,20.6442465,121.8939456,75,39272,-26878,8893
5718,Philippines,Batangas,13.9146826,121.0867566,30,905661,-742320,151336
5719,Philippines,Batangas,13.9146826,121.0867566,50,845780,-688062,140180
5720,Philippines,Batangas,13.9146826,121.0867566,75,608944,-482254,101089
5721,Philippines,Benguet,16.52,120.69,30,592622,-517586,194285
5722,Philippines,Benguet,16.52,120.69,50,533804,-460489,177051
5723,Philippines,Benguet,16.52,120.69,75,377643,-314977,132701
5724,Philippines,Biliran,11.6,124.49,30,598057,-562459,43681
5725,Philippines,Biliran,11.6,124.49,50,580467,-545426,41939
5726,Philippines,Biliran,11.6,124.49,75,510286,-478921,36090
5727,Philippines,Bohol,9.833333,124.1615579,30,1615933,-1424140,202039
5728,Philippines,Bohol,9.833333,124.1615579,50,1441842,-1260313,177958
5729,Philippines,Bohol,9.833333,124.1615579,75,951347,-819237,111526
5730,Philippines,Bukidnon,8.022778,124.998611,30,1764033,-1108601,493922
5731,Philippines,Bukidnon,8.022778,124.998611,50,1447206,-816021,438039
5732,Philippines,Bukidnon,8.022778,124.998611,75,882545,-355915,334245
5733,Philippines,Bulacan,15.0,121.083333,30,351941,-216988,124250
5734,Philippines,Bulacan,15.0,121.083333,50,328640,-196768,116705
5735,Philippines,Bulacan,15.0,121.083333,75,270622,-156404,100094
5736,Philippines,Cagayan,18.0,121.833333,30,2118490,-1060369,526101
5737,Philippines,Cagayan,18.0,121.833333,50,1970653,-929177,503384
5738,Philippines,Cagayan,18.0,121.833333,75,1634119,-708273,448730
5739,Philippines,Camarines Norte,14.166667,122.75,30,1208407,-979262,170148
5740,Philippines,Camarines Norte,14.166667,122.75,50,1170897,-944086,164669
5741,Philippines,Camarines Norte,14.166667,122.75,75,1001429,-793648,140723
5742,Philippines,Camarines Sur,13.6428216,123.3282338,30,2534599,-2162048,348075
5743,Philippines,Camarines Sur,13.6428216,123.3282338,50,2393519,-2027168,327648
5744,Philippines,Camarines Sur,13.6428216,123.3282338,75,1894589,-1574879,261135
5745,Philippines,Camiguin,9.1739753,124.7256992,30,154351,-148827,20940
5746,Philippines,Camiguin,9.1739753,124.7256992,50,147686,-142335,20052
5747,Philippines,Camiguin,9.1739753,124.7256992,75,119956,-115449,16507
5748,Philippines,Capiz,11.3852987,122.6377315,30,611802,-428637,106641
5749,Philippines,Capiz,11.3852987,122.6377315,50,531925,-361177,93054
5750,Philippines,Capiz,11.3852987,122.6377315,75,283771,-177676,50626
5751,Philippines,Catanduanes,13.833333,124.25,30,654799,-534478,130662
5752,Philippines,Catanduanes,13.833333,124.25,50,644164,-524366,128937
5753,Philippines,Catanduanes,13.833333,124.25,75,581914,-468125,118846
5754,Philippines,Cavite,14.2554073,120.8671503,30,282371,-242694,48684
5755,Philippines,Cavite,14.2554073,120.8671503,50,265374,-227997,44833
5756,Philippines,Cavite,14.2554073,120.8671503,75,179448,-154126,29397
5757,Philippines,Cebu,10.47,123.83,30,1625698,-1392841,212569
5758,Philippines,Cebu,10.47,123.83,50,1344214,-1125644,173539
5759,Philippines,Cebu,10.47,123.83,75,688753,-540136,83485
5760,Philippines,Compostela Valley,7.45,126.07,30,1895284,-693031,362118
5761,Philippines,Compostela Valley,7.45,126.07,50,1805151,-617626,349711
5762,Philippines,Compostela Valley,7.45,126.07,75,1441908,-355123,299185
5763,Philippines,Davao Oriental,7.166667,126.333333,30,2021106,-391636,452038
5764,Philippines,Davao Oriental,7.166667,126.333333,50,1933507,-320874,438779
5765,Philippines,Davao Oriental,7.166667,126.333333,75,1592777,-102302,386536
5766,Philippines,Davao del Norte,7.6179228,125.6832687,30,1649191,-933790,245132
5767,Philippines,Davao del Norte,7.6179228,125.6832687,50,1509469,-814822,226537
5768,Philippines,Davao del Norte,7.6179228,125.6832687,75,1099862,-501753,172601
5769,Philippines,Davao del Sur,6.6983658,125.3612135,30,2396994,-1901849,387111
5770,Philippines,Davao del Sur,6.6983658,125.3612135,50,2150684,-1674106,354001
5771,Philippines,Davao del Sur,6.6983658,125.3612135,75,1418422,-1041882,254432
5772,Philippines,Dinagat Islands,10.1577932,125.5851827,30,271501,-138117,61244
5773,Philippines,Dinagat Islands,10.1577932,125.5851827,50,242118,-111635,56487
5774,Philippines,Dinagat Islands,10.1577932,125.5851827,75,187768,-69827,47278
5775,Philippines,Eastern Samar,11.73,125.37,30,2137659,-1389533,398071
5776,Philippines,Eastern Samar,11.73,125.37,50,2089246,-1346810,390522
5777,Philippines,Eastern Samar,11.73,125.37,75,1839576,-1147334,355013
5778,Philippines,Guimaras,10.5730629,122.6238907,30,176367,-140384,23369
5779,Philippines,Guimaras,10.5730629,122.6238907,50,158717,-125664,20620
5780,Philippines,Guimaras,10.5730629,122.6238907,75,81200,-62771,9299
5781,Philippines,Ifugao,16.87,121.22,30,568657,-384732,140998
5782,Philippines,Ifugao,16.87,121.22,50,496281,-320805,128953
5783,Philippines,Ifugao,16.87,121.22,75,326918,-190226,99715
5784,Philippines,Ilocos Norte,18.166667,120.75,30,523173,-452952,183943
5785,Philippines,Ilocos Norte,18.166667,120.75,50,468464,-400882,168915
5786,Philippines,Ilocos Norte,18.166667,120.75,75,362002,-304521,139393
5787,Philippines,Ilocos Sur,17.2,120.5,30,364385,-326787,136053
5788,Philippines,Ilocos Sur,17.2,120.5,50,328468,-291748,124316
5789,Philippines,Ilocos Sur,17.2,120.5,75,249888,-217150,97282
5790,Philippines,Iloilo,10.9522168,122.5799456,30,983862,-730573,148805
5791,Philippines,Iloilo,10.9522168,122.5799456,50,894103,-652407,131877
5792,Philippines,Iloilo,10.9522168,122.5799456,75,551118,-383999,73879
5793,Philippines,Isabela,17.0,122.0,30,1566074,-654356,519719
5794,Philippines,Isabela,17.0,122.0,50,1459456,-567433,501282
5795,Philippines,Isabela,17.0,122.0,75,1242805,-456224,461347
5796,Philippines,Kalinga,17.46,121.31,30,402210,-132051,197642
5797,Philippines,Kalinga,17.46,121.31,50,359456,-94095,188856
5798,Philippines,Kalinga,17.46,121.31,75,256553,-29671,165203
5799,Philippines,La Union,16.5735957,120.4089899,30,204974,-180447,74878
5800,Philippines,La Union,16.5735957,120.4089899,50,187803,-163890,67703
5801,Philippines,La Union,16.5735957,120.4089899,75,142272,-121668,49744
5802,Philippines,Laguna,14.1696476,121.3336526,30,825661,-636321,119046
5803,Philippines,Laguna,14.1696476,121.3336526,50,795139,-607517,114055
5804,Philippines,Laguna,14.1696476,121.3336526,75,663282,-489958,94483
5805,Philippines,Lanao del Norte,7.9579723,123.9021124,30,1422336,-1126817,214020
5806,Philippines,Lanao del Norte,7.9579723,123.9021124,50,1307143,-1015797,199212
5807,Philippines,Lanao del Norte,7.9579723,123.9021124,75,989307,-727640,158548
5808,Philippines,Lanao del Sur,7.8776443,124.3754759,30,675838,-218645,284883
5809,Philippines,Lanao del Sur,7.8776443,124.3754759,50,605605,-152169,271220
5810,Philippines,Lanao del Sur,7.8776443,124.3754759,75,427265,3832,239865
5811,Philippines,Leyte,10.7841157,124.892321,30,2874721,-1841842,408154
5812,Philippines,Leyte,10.7841157,124.892321,50,2717475,-1695294,387241
5813,Philippines,Leyte,10.7841157,124.892321,75,2221156,-1289135,321972
5814,Philippines,Maguindanao,6.1014858,125.1597744,30,1363393,-934631,207732
5815,Philippines,Maguindanao,6.1014858,125.1597744,50,1117260,-704838,170615
5816,Philippines,Maguindanao,6.1014858,125.1597744,75,715419,-373603,111125
5817,Philippines,Marinduque,13.416667,121.95,30,605088,-545004,72464
5818,Philippines,Marinduque,13.416667,121.95,50,586849,-527760,69915
5819,Philippines,Marinduque,13.416667,121.95,75,487196,-436862,56737
5820,Philippines,Masbate,12.166667,123.583333,30,1323364,-1156547,153729
5821,Philippines,Masbate,12.166667,123.583333,50,1190168,-1029044,135598
5822,Philippines,Masbate,12.166667,123.583333,75,846621,-711734,91105
5823,Philippines,Metropolitan Manila,14.561186,121.0430972,30,9739,-8283,3006
5824,Philippines,Metropolitan Manila,14.561186,121.0430972,50,8402,-7152,2344
5825,Philippines,Metropolitan Manila,14.561186,121.0430972,75,6854,-6438,1551
5826,Philippines,Misamis Occidental,8.333333,123.7,30,856307,-714721,139495
5827,Philippines,Misamis Occidental,8.333333,123.7,50,758167,-623076,126539
5828,Philippines,Misamis Occidental,8.333333,123.7,75,485833,-382741,89403
5829,Philippines,Misamis Oriental,8.6534807,124.8235205,30,1221942,-1021146,209699
5830,Philippines,Misamis Oriental,8.6534807,124.8235205,50,1074922,-882466,189116
5831,Philippines,Misamis Oriental,8.6534807,124.8235205,75,734792,-575451,140306
5832,Philippines,Mountain Province,17.11,121.16,30,263001,-110116,159057
5833,Philippines,Mountain Province,17.11,121.16,50,230640,-80667,149422
5834,Philippines,Mountain Province,17.11,121.16,75,157045,-24662,126836
5835,Philippines,Negros Occidental,10.416667,123.0,30,989746,-785492,219816
5836,Philippines,Negros Occidental,10.416667,123.0,50,858056,-663841,185981
5837,Philippines,Negros Occidental,10.416667,123.0,75,526867,-386538,104958
5838,Philippines,Negros Oriental,9.75,123.0,30,1176513,-962395,197143
5839,Philippines,Negros Oriental,9.75,123.0,50,1017755,-814279,168746
5840,Philippines,Negros Oriental,9.75,123.0,75,587562,-437396,93286
5841,Philippines,North Cotabato,7.27,124.86,30,1731248,-1078068,281790
5842,Philippines,North Cotabato,7.27,124.86,50,1483445,-851462,245256
5843,Philippines,North Cotabato,7.27,124.86,75,875768,-370284,159106
5844,Philippines,Northern Samar,12.42,124.81,30,2228105,-1806508,298388
5845,Philippines,Northern Samar,12.42,124.81,50,2186316,-1766870,292163
5846,Philippines,Northern Samar,12.42,124.81,75,1962920,-1566423,262810
5847,Philippines,Nueva Ecija,15.583333,121.0,30,899548,-757924,158514
5848,Philippines,Nueva Ecija,15.583333,121.0,50,802732,-666924,143212
5849,Philippines,Nueva Ecija,15.583333,121.0,75,616257,-502421,115441
5850,Philippines,Nueva Vizcaya,16.35,121.13,30,995776,-673050,257882
5851,Philippines,Nueva Vizcaya,16.35,121.13,50,862700,-549534,235975
5852,Philippines,Nueva Vizcaya,16.35,121.13,75,557301,-295031,184620
5853,Philippines,Occidental Mindoro,13.0000021,120.9166666,30,800443,-212547,339470
5854,Philippines,Occidental Mindoro,13.0000021,120.9166666,50,747662,-175058,316530
5855,Philippines,Occidental Mindoro,13.0000021,120.9166666,75,600083,-129256,256991
5856,Philippines,Oriental Mindoro,13.2,121.2,30,2174699,-1575972,286656
5857,Philippines,Oriental Mindoro,13.2,121.2,50,2064618,-1478697,270516
5858,Philippines,Oriental Mindoro,13.2,121.2,75,1533084,-1075032,198936
5859,Philippines,Palawan,11.0798978,120.9373422,30,4224075,1037027,1184237
5860,Philippines,Palawan,11.0798978,120.9373422,50,4062696,1123984,1147844
5861,Philippines,Palawan,11.0798978,120.9373422,75,3530103,1112063,1010122
5862,Philippines,Pampanga,15.0519635,120.6445398,30,114848,-85761,35228
5863,Philippines,Pampanga,15.0519635,120.6445398,50,95552,-68296,28190
5864,Philippines,Pampanga,15.0519635,120.6445398,75,58388,-38259,15022
5865,Philippines,Pangasinan,15.916667,120.333333,30,456668,-381611,134351
5866,Philippines,Pangasinan,15.916667,120.333333,50,377657,-305967,110732
5867,Philippines,Pangasinan,15.916667,120.333333,75,250562,-193024,73342
5868,Philippines,Quezon,14.6510546,121.0486254,30,4945673,-3733669,700489
5869,Philippines,Quezon,14.6510546,121.0486254,50,4792784,-3590736,679817
5870,Philippines,Quezon,14.6510546,121.0486254,75,4146068,-3018089,595564
5871,Philippines,Quirino,16.283333,121.583333,30,722568,-261187,233246
5872,Philippines,Quirino,16.283333,121.583333,50,666609,-213200,223950
5873,Philippines,Quirino,16.283333,121.583333,75,512978,-112665,197873
5874,Philippines,Rizal,14.65,121.25,30,283522,-168964,76050
5875,Philippines,Rizal,14.65,121.25,50,263304,-151936,70480
5876,Philippines,Rizal,14.65,121.25,75,197607,-105346,54174
5877,Philippines,Romblon,12.5,122.2,30,632728,-490214,100679
5878,Philippines,Romblon,12.5,122.2,50,601417,-461421,96065
5879,Philippines,Romblon,12.5,122.2,75,483028,-361424,79214
5880,Philippines,Samar,11.7982219,125.1690418,30,2702151,-1648675,466063
5881,Philippines,Samar,11.7982219,125.1690418,50,2570902,-1543340,447303
5882,Philippines,Samar,11.7982219,125.1690418,75,2087214,-1237226,378614
5883,Philippines,Sarangani,5.874722,125.275278,30,1210969,-826960,211952
5884,Philippines,Sarangani,5.874722,125.275278,50,1074577,-700208,191343
5885,Philippines,Sarangani,5.874722,125.275278,75,772068,-449256,145856
5886,Philippines,Siquijor,9.18,123.58,30,99429,-93841,14092
5887,Philippines,Siquijor,9.18,123.58,50,80889,-75645,11451
5888,Philippines,Siquijor,9.18,123.58,75,45088,-41516,6263
5889,Philippines,Sorsogon,12.833333,123.916667,30,1274852,-1154620,154762
5890,Philippines,Sorsogon,12.833333,123.916667,50,1226399,-1107629,147890
5891,Philippines,Sorsogon,12.833333,123.916667,75,1026087,-920435,121814
5892,Philippines,South Cotabato,6.2855239,124.9333096,30,1134376,-737262,225459
5893,Philippines,South Cotabato,6.2855239,124.9333096,50,988709,-608494,203152
5894,Philippines,South Cotabato,6.2855239,124.9333096,75,655253,-349548,150734
5895,Philippines,Southern Leyte,10.3475099,125.1250896,30,1017555,-760415,146661
5896,Philippines,Southern Leyte,10.3475099,125.1250896,50,986657,-731417,142454
5897,Philippines,Southern Leyte,10.3475099,125.1250896,75,857981,-617396,125286
5898,Philippines,Sultan Kudarat,6.5556705,124.3271496,30,1336784,-723313,254385
5899,Philippines,Sultan Kudarat,6.5556705,124.3271496,50,1207934,-613008,234292
5900,Philippines,Sultan Kudarat,6.5556705,124.3271496,75,912365,-404469,187701
5901,Philippines,Sulu,5.9942808,121.0787926,30,1337692,-1190675,128293
5902,Philippines,Sulu,5.9942808,121.0787926,50,1297065,-1155468,122459
5903,Philippines,Sulu,5.9942808,121.0787926,75,1139253,-1014175,100593
5904,Philippines,Surigao del Norte,9.7022868,125.5464831,30,1290406,-1062910,159761
5905,Philippines,Surigao del Norte,9.7022868,125.5464831,50,1235899,-1013786,151644
5906,Philippines,Surigao del Norte,9.7022868,125.5464831,75,1096948,-898510,132863
5907,Philippines,Surigao del Sur,8.84,126.15,30,2093256,-845657,389985
5908,Philippines,Surigao del Sur,8.84,126.15,50,2031965,-791286,380727
5909,Philippines,Surigao del Sur,8.84,126.15,75,1816150,-641085,349657
5910,Philippines,Tarlac,15.4937252,120.4964091,30,221471,-95026,79186
5911,Philippines,Tarlac,15.4937252,120.4964091,50,196901,-74074,71494
5912,Philippines,Tarlac,15.4937252,120.4964091,75,137201,-42811,52248
5913,Philippines,Tawi-Tawi,5.2057,120.0265,30,675824,-271032,102956
5914,Philippines,Tawi-Tawi,5.2057,120.0265,50,662205,-261171,100790
5915,Philippines,Tawi-Tawi,5.2057,120.0265,75,608929,-230115,92031
5916,Philippines,Zambales,15.23,120.12,30,432592,-288497,176964
5917,Philippines,Zambales,15.23,120.12,50,374294,-233244,159391
5918,Philippines,Zambales,15.23,120.12,75,274432,-152946,124185
5919,Philippines,Zamboanga Sibugay,7.7877097,122.5744217,30,1572390,-914230,186954
5920,Philippines,Zamboanga Sibugay,7.7877097,122.5744217,50,1477715,-832866,174230
5921,Philippines,Zamboanga Sibugay,7.7877097,122.5744217,75,1101001,-555159,125135
5922,Philippines,Zamboanga del Norte,8.0,122.666667,30,2986527,-1166366,452258
5923,Philippines,Zamboanga del Norte,8.0,122.666667,50,2741340,-954936,419810
5924,Philippines,Zamboanga del Norte,8.0,122.666667,75,1898891,-369033,307050
5925,Philippines,Zamboanga del Sur,7.9043,123.3194,30,2291008,-1601238,314692
5926,Philippines,Zamboanga del Sur,7.9043,123.3194,50,2043379,-1373647,281152
5927,Philippines,Zamboanga del Sur,7.9043,123.3194,75,1369889,-826284,188279
5928,Poland,Dolnośląskie,50.9206028,16.4946351,30,5230055,-3368346,696229
5929,Poland,Dolnośląskie,50.9206028,16.4946351,50,4823804,-2990323,640975
5930,Poland,Dolnośląskie,50.9206028,16.4946351,75,3729040,-2118437,493637
5931,Poland,Kujawsko-Pomorskie,53.3220016,18.3392939,30,3586514,-2337169,460716
5932,Poland,Kujawsko-Pomorskie,53.3220016,18.3392939,50,3244135,-2034339,410542
5933,Poland,Kujawsko-Pomorskie,53.3220016,18.3392939,75,1897870,-1060469,232370
5934,Poland,Lubelskie,50.9358672,22.8307732,30,5156102,-4217230,636104
5935,Poland,Lubelskie,50.9358672,22.8307732,50,4684311,-3768588,575336
5936,Poland,Lubelskie,50.9358672,22.8307732,75,2588319,-1968669,313459
5937,Poland,Lubuskie,52.1001754,15.3605075,30,5693094,-3181182,748779
5938,Poland,Lubuskie,52.1001754,15.3605075,50,5354600,-2886757,700371
5939,Poland,Lubuskie,52.1001754,15.3605075,75,4289524,-2251575,554850
5940,Poland,Mazowieckie,52.5461934,21.2073404,30,7568036,-5935492,946886
5941,Poland,Mazowieckie,52.5461934,21.2073404,50,6650233,-5062138,820886
5942,Poland,Mazowieckie,52.5461934,21.2073404,75,3812174,-2678810,452454
5943,Poland,Małopolskie,49.790952,20.3793521,30,5378264,-4915114,567260
5944,Poland,Małopolskie,49.790952,20.3793521,50,4931046,-4475119,517300
5945,Poland,Małopolskie,49.790952,20.3793521,75,3812217,-3417176,396603
5946,Poland,Opolskie,50.8918612,17.9321175,30,2116905,-1306122,271444
5947,Poland,Opolskie,50.8918612,17.9321175,50,1972437,-1177361,251669
5948,Poland,Opolskie,50.8918612,17.9321175,75,1183996,-640456,148698
5949,Poland,Podkarpackie,49.9927121,22.177107,30,7142352,-6112723,767084
5950,Poland,Podkarpackie,49.9927121,22.177107,50,6746159,-5739449,716446
5951,Poland,Podkarpackie,49.9927121,22.177107,75,5125676,-4414542,519430
5952,Poland,Podlaskie,53.2668455,22.8525787,30,5245723,-4009146,682602
5953,Poland,Podlaskie,53.2668455,22.8525787,50,4907251,-3689880,632638
5954,Poland,Podlaskie,53.2668455,22.8525787,75,3345028,-2361154,421639
5955,Poland,Pomorskie,54.24556,18.1099,30,5773776,-3653986,727579
5956,Poland,Pomorskie,54.24556,18.1099,50,5361639,-3296812,671096
5957,Poland,Pomorskie,54.24556,18.1099,75,3596277,-2129883,439192
5958,Poland,Warmińsko-Mazurskie,53.9311892,21.1260808,30,6430533,-4535580,850720
5959,Poland,Warmińsko-Mazurskie,53.9311892,21.1260808,50,6065589,-4196185,796792
5960,Poland,Warmińsko-Mazurskie,53.9311892,21.1260808,75,4166668,-2661275,535783
5961,Poland,Wielkopolskie,52.1458506,17.397672,30,6424450,-4024376,832196
5962,Poland,Wielkopolskie,52.1458506,17.397672,50,5876337,-3543226,754188
5963,Poland,Wielkopolskie,52.1458506,17.397672,75,4218184,-2345117,530936
5964,Poland,Zachodniopomorskie,53.5450793,15.5661586,30,7594552,-5052504,951361
5965,Poland,Zachodniopomorskie,53.5450793,15.5661586,50,7214961,-4693297,897276
5966,Poland,Zachodniopomorskie,53.5450793,15.5661586,75,6047729,-3753513,740759
5967,Poland,Łódzkie,51.4721678,19.3460637,30,3511488,-2548480,436160
5968,Poland,Łódzkie,51.4721678,19.3460637,50,3038539,-2113885,373006
5969,Poland,Łódzkie,51.4721678,19.3460637,75,1584037,-970928,186215
5970,Poland,Śląskie,50.5687422,19.2343995,30,3900557,-2590595,499804
5971,Poland,Śląskie,50.5687422,19.2343995,50,3479991,-2190116,445900
5972,Poland,Śląskie,50.5687422,19.2343995,75,2445240,-1388545,313067
5973,Poland,Świętokrzyskie,50.7504894,20.7829122,30,2964802,-2241266,364570
5974,Poland,Świętokrzyskie,50.7504894,20.7829122,50,2668212,-1966858,325317
5975,Poland,Świętokrzyskie,50.7504894,20.7829122,75,1626080,-1156844,192879
5976,Portugal,Aveiro,40.640496,-8.6537841,30,1073703,754284,138905
5977,Portugal,Aveiro,40.640496,-8.6537841,50,882152,781070,115261
5978,Portugal,Aveiro,40.640496,-8.6537841,75,592631,659564,78282
5979,Portugal,Beja,38.0154479,-7.8650368,30,485367,56187,100874
5980,Portugal,Beja,38.0154479,-7.8650368,50,321053,91126,60576
5981,Portugal,Beja,38.0154479,-7.8650368,75,178515,60408,26785
5982,Portugal,Braga,41.5510583,-8.4280045,30,663178,204671,112819
5983,Portugal,Braga,41.5510583,-8.4280045,50,504785,250880,87374
5984,Portugal,Braga,41.5510583,-8.4280045,75,307435,199659,53472
5985,Portugal,Bragança,41.5084468,-6.7733024,30,739176,-337067,143198
5986,Portugal,Bragança,41.5084468,-6.7733024,50,404781,-147538,76957
5987,Portugal,Bragança,41.5084468,-6.7733024,75,226703,-84817,39518
5988,Portugal,Castelo Branco,39.9767583,-7.4460599,30,1072081,526265,213224
5989,Portugal,Castelo Branco,39.9767583,-7.4460599,50,719835,558295,144645
5990,Portugal,Castelo Branco,39.9767583,-7.4460599,75,432274,418273,82475
5991,Portugal,Coimbra,40.2111931,-8.4294632,30,1307899,790143,220635
5992,Portugal,Coimbra,40.2111931,-8.4294632,50,1030190,823324,175456
5993,Portugal,Coimbra,40.2111931,-8.4294632,75,693164,692028,118528
5994,Portugal,Faro,37.0162944,-7.935182,30,712187,-57489,134880
5995,Portugal,Faro,37.0162944,-7.935182,50,475571,55448,85387
5996,Portugal,Faro,37.0162944,-7.935182,75,249142,84500,41981
5997,Portugal,Guarda,40.7046066,-7.1951392,30,599666,46476,126549
5998,Portugal,Guarda,40.7046066,-7.1951392,50,371700,146583,80041
5999,Portugal,Guarda,40.7046066,-7.1951392,75,217138,132293,45264
6000,Portugal,Leiria,39.7437902,-8.8071119,30,853707,507518,149130
6001,Portugal,Leiria,39.7437902,-8.8071119,50,617755,554408,109600
6002,Portugal,Leiria,39.7437902,-8.8071119,75,340936,420952,59133
6003,Portugal,Lisboa,38.7077507,-9.1365919,30,285508,50217,36970
6004,Portugal,Lisboa,38.7077507,-9.1365919,50,209126,71570,26716
6005,Portugal,Lisboa,38.7077507,-9.1365919,75,133687,63545,15795
6006,Portugal,Madeira,32.7517501,-16.9817487,30,142810,-119045,14526
6007,Portugal,Madeira,32.7517501,-16.9817487,50,130146,-107825,13250
6008,Portugal,Madeira,32.7517501,-16.9817487,75,91604,-74689,7646
6009,Portugal,Portalegre,39.2076447,-7.7215134,30,325571,109995,69166
6010,Portugal,Portalegre,39.2076447,-7.7215134,50,204794,136194,42913
6011,Portugal,Portalegre,39.2076447,-7.7215134,75,115879,97856,21662
6012,Portugal,Porto,41.1502195,-8.6103497,30,497009,231411,74085
6013,Portugal,Porto,41.1502195,-8.6103497,50,338938,242020,51979
6014,Portugal,Porto,41.1502195,-8.6103497,75,172459,153914,26325
6015,Portugal,Santarém,39.2363637,-8.6867081,30,936743,398950,166834
6016,Portugal,Santarém,39.2363637,-8.6867081,50,616574,439937,109121
6017,Portugal,Santarém,39.2363637,-8.6867081,75,351066,323526,57315
6018,Portugal,Setúbal,38.5241783,-8.8932341,30,323140,55216,77392
6019,Portugal,Setúbal,38.5241783,-8.8932341,50,200545,62189,45418
6020,Portugal,Setúbal,38.5241783,-8.8932341,75,113142,24815,21177
6021,Portugal,Viana do Castelo,41.694867,-8.831088,30,639240,19091,103736
6022,Portugal,Viana do Castelo,41.694867,-8.831088,50,490093,89837,80171
6023,Portugal,Viana do Castelo,41.694867,-8.831088,75,309749,102606,50349
6024,Portugal,Vila Real,41.5229299,-7.5466312,30,628089,-34084,133664
6025,Portugal,Vila Real,41.5229299,-7.5466312,50,398773,44458,85052
6026,Portugal,Vila Real,41.5229299,-7.5466312,75,226790,52516,47063
6027,Portugal,Viseu,40.6574713,-7.9138664,30,1246776,533039,229794
6028,Portugal,Viseu,40.6574713,-7.9138664,50,924504,617391,169737
6029,Portugal,Viseu,40.6574713,-7.9138664,75,596907,538528,108009
6030,Portugal,Évora,38.5707742,-7.9092808,30,201781,40845,56099
6031,Portugal,Évora,38.5707742,-7.9092808,50,115703,66405,30325
6032,Portugal,Évora,38.5707742,-7.9092808,75,63637,46023,13715
6033,Republic of the Congo,Bouenza,-4.2868653,13.3972129,30,4330129,-3329763,641988
6034,Republic of the Congo,Bouenza,-4.2868653,13.3972129,50,1773273,-922729,302117
6035,Republic of the Congo,Bouenza,-4.2868653,13.3972129,75,583174,-198738,124500
6036,Republic of the Congo,Brazzaville,-4.2694407,15.2712256,30,718,-659,91
6037,Republic of the Congo,Brazzaville,-4.2694407,15.2712256,50,69,-67,4
6038,Republic of the Congo,Brazzaville,-4.2694407,15.2712256,75,41,-41,0
6039,Republic of the Congo,Cuvette,-0.4936855,16.1602013,30,14222556,-11616175,3633809
6040,Republic of the Congo,Cuvette,-0.4936855,16.1602013,50,10530913,-8096424,3134926
6041,Republic of the Congo,Cuvette,-0.4936855,16.1602013,75,7894398,-6404935,2678000
6042,Republic of the Congo,Cuvette-Ouest,0.280252,14.5292599,30,7648461,-5869184,2155433
6043,Republic of the Congo,Cuvette-Ouest,0.280252,14.5292599,50,6453491,-4780657,1997744
6044,Republic of the Congo,Cuvette-Ouest,0.280252,14.5292599,75,5524690,-4255286,1853740
6045,Republic of the Congo,Kouilou,-4.1960964,11.9104388,30,3867272,-1771808,1194171
6046,Republic of the Congo,Kouilou,-4.1960964,11.9104388,50,3685516,-1672545,1145857
6047,Republic of the Congo,Kouilou,-4.1960964,11.9104388,75,3161343,-1635719,995200
6048,Republic of the Congo,Likouala,1.6788828,17.4747723,30,18468938,-13214197,6424916
6049,Republic of the Congo,Likouala,1.6788828,17.4747723,50,17779998,-12557706,6332914
6050,Republic of the Congo,Likouala,1.6788828,17.4747723,75,17270134,-12320858,6252086
6051,Republic of the Congo,Lékoumou,-3.2315605,13.5211721,30,6597314,-3977657,1935646
6052,Republic of the Congo,Lékoumou,-3.2315605,13.5211721,50,6070035,-3495785,1865864
6053,Republic of the Congo,Lékoumou,-3.2315605,13.5211721,75,5240398,-3067296,1736005
6054,Republic of the Congo,Niari,-4.0866356,13.1004538,30,8454545,-6145757,2082042
6055,Republic of the Congo,Niari,-4.0866356,13.1004538,50,6644752,-4443442,1836950
6056,Republic of the Congo,Niari,-4.0866356,13.1004538,75,5329898,-3704635,1632335
6057,Republic of the Congo,Plateaux,-2.1709644,15.2286129,30,7230488,-4231314,1270356
6058,Republic of the Congo,Plateaux,-2.1709644,15.2286129,50,4923628,-2088977,961401
6059,Republic of the Congo,Plateaux,-2.1709644,15.2286129,75,1251794,-615292,366315
6060,Republic of the Congo,Plateaux,-2.1709644,15.2286129,30,2768462,-1687271,351208
6061,Republic of the Congo,Plateaux,-2.1709644,15.2286129,50,983032,-644550,103271
6062,Republic of the Congo,Plateaux,-2.1709644,15.2286129,75,149634,-118463,261
6063,Republic of the Congo,Pointe Noire,-4.7975373,11.8503297,30,881,-209,279
6064,Republic of the Congo,Pointe Noire,-4.7975373,11.8503297,50,286,49,87
6065,Republic of the Congo,Pointe Noire,-4.7975373,11.8503297,75,66,-39,7
6066,Republic of the Congo,Pool,-3.7298545,15.053872,30,9646750,-5442181,1306933
6067,Republic of the Congo,Pool,-3.7298545,15.053872,50,4359366,-1358763,631856
6068,Republic of the Congo,Pool,-3.7298545,15.053872,75,693268,-34567,118955
6069,Republic of the Congo,Sangha,0.9371865,16.5503883,30,17227289,-13799004,5742759
6070,Republic of the Congo,Sangha,0.9371865,16.5503883,50,17160541,-13741294,5733622
6071,Republic of the Congo,Sangha,0.9371865,16.5503883,75,16887791,-13545786,5660444
6072,Romania,Alba,46.0159362,23.5468497,30,2793703,-2468690,272612
6073,Romania,Alba,46.0159362,23.5468497,50,2611827,-2289079,254260
6074,Romania,Alba,46.0159362,23.5468497,75,2129294,-1822062,207973
6075,Romania,Arad,46.1753793,21.3196342,30,2112473,-1860636,269713
6076,Romania,Arad,46.1753793,21.3196342,50,2036709,-1785732,257835
6077,Romania,Arad,46.1753793,21.3196342,75,1909220,-1662027,239381
6078,Romania,Argeș,44.9939764,24.8488685,30,2962991,-2563677,343728
6079,Romania,Argeș,44.9939764,24.8488685,50,2832940,-2435142,326634
6080,Romania,Argeș,44.9939764,24.8488685,75,2502543,-2114545,284992
6081,Romania,Bacău,46.4228703,26.7163991,30,2742841,-2375436,298680
6082,Romania,Bacău,46.4228703,26.7163991,50,2630108,-2264556,284325
6083,Romania,Bacău,46.4228703,26.7163991,75,2372735,-2022021,254408
6084,Romania,Bihor,46.99269,22.192752,30,2220274,-1891347,246198
6085,Romania,Bihor,46.99269,22.192752,50,2126026,-1798368,234174
6086,Romania,Bihor,46.99269,22.192752,75,1908730,-1590657,208643
6087,Romania,Bistrița-Năsăud,47.1772548,24.5411592,30,2346420,-2025743,239663
6088,Romania,Bistrița-Năsăud,47.1772548,24.5411592,50,2175598,-1856959,220913
6089,Romania,Bistrița-Năsăud,47.1772548,24.5411592,75,1817501,-1513149,184137
6090,Romania,Botoșani,47.8528263,26.759334,30,429677,-395052,56949
6091,Romania,Botoșani,47.8528263,26.759334,50,410113,-375925,53765
6092,Romania,Botoșani,47.8528263,26.759334,75,377758,-346388,48429
6093,Romania,Brașov,45.6525105,25.6105654,30,2599741,-2341237,242082
6094,Romania,Brașov,45.6525105,25.6105654,50,2508337,-2251250,232181
6095,Romania,Brașov,45.6525105,25.6105654,75,2295696,-2046912,211229
6096,Romania,Brăila,45.2716092,27.9742932,30,155644,-123387,20551
6097,Romania,Brăila,45.2716092,27.9742932,50,130898,-100409,16610
6098,Romania,Brăila,45.2716092,27.9742932,75,75126,-55303,7427
6099,Romania,Bucharest,44.4361414,26.1027202,30,5837,-5648,911
6100,Romania,Bucharest,44.4361414,26.1027202,50,5006,-4856,730
6101,Romania,Bucharest,44.4361414,26.1027202,75,4229,-4139,576
6102,Romania,Buzău,45.2692582,26.7748173,30,1634842,-1523546,176140
6103,Romania,Buzău,45.2692582,26.7748173,50,1553006,-1442600,165049
6104,Romania,Buzău,45.2692582,26.7748173,75,1348386,-1245105,140541
6105,Romania,Caraș-Severin,45.1271344,22.0771445,30,5300751,-4970248,527450
6106,Romania,Caraș-Severin,45.1271344,22.0771445,50,5132529,-4802888,505577
6107,Romania,Caraș-Severin,45.1271344,22.0771445,75,4597031,-4274982,445616
6108,Romania,Cluj,46.769379,23.5899542,30,1930134,-1500106,222566
6109,Romania,Cluj,46.769379,23.5899542,50,1784556,-1357669,204162
6110,Romania,Cluj,46.769379,23.5899542,75,1479734,-1074257,169279
6111,Romania,Constanța,44.1767161,28.6507598,30,187596,-164663,26650
6112,Romania,Constanța,44.1767161,28.6507598,50,160332,-138373,21954
6113,Romania,Constanța,44.1767161,28.6507598,75,98868,-83027,12343
6114,Romania,Covasna,45.8966793,26.0101806,30,2060743,-1831996,183485
6115,Romania,Covasna,45.8966793,26.0101806,50,1997468,-1770560,177217
6116,Romania,Covasna,45.8966793,26.0101806,75,1795873,-1581312,158595
6117,Romania,Călărași,44.3151874,27.1390156,30,123791,-64728,19733
6118,Romania,Călărași,44.3151874,27.1390156,50,115451,-57240,18096
6119,Romania,Călărași,44.3151874,27.1390156,75,73415,-31413,10821
6120,Romania,Dolj,44.2150123,23.669363,30,424716,-351021,66903
6121,Romania,Dolj,44.2150123,23.669363,50,385098,-312993,60560
6122,Romania,Dolj,44.2150123,23.669363,75,303618,-241516,46991
6123,Romania,Dâmbovița,44.9224565,25.4819575,30,1092280,-1027095,147780
6124,Romania,Dâmbovița,44.9224565,25.4819575,50,1036884,-972197,139290
6125,Romania,Dâmbovița,44.9224565,25.4819575,75,890045,-828386,117350
6126,Romania,Galați,45.4338215,28.0549395,30,177891,-154545,25841
6127,Romania,Galați,45.4338215,28.0549395,50,153583,-131388,21929
6128,Romania,Galați,45.4338215,28.0549395,75,94746,-79180,12594
6129,Romania,Giurgiu,43.8959058,25.9658111,30,198351,-174192,35915
6130,Romania,Giurgiu,43.8959058,25.9658111,50,189371,-165645,34067
6131,Romania,Giurgiu,43.8959058,25.9658111,75,149816,-130830,26618
6132,Romania,Gorj,44.9611675,23.3256799,30,2661538,-2499361,307729
6133,Romania,Gorj,44.9611675,23.3256799,50,2558912,-2398012,292486
6134,Romania,Gorj,44.9611675,23.3256799,75,2084769,-1937579,227186
6135,Romania,Harghita,46.6443061,25.6221919,30,3227092,-2289555,326848
6136,Romania,Harghita,46.6443061,25.6221919,50,3010664,-2081775,305519
6137,Romania,Harghita,46.6443061,25.6221919,75,2533300,-1655226,259438
6138,Romania,Hunedoara,45.7954068,22.945243,30,4590203,-4299904,443223
6139,Romania,Hunedoara,45.7954068,22.945243,50,4384034,-4095989,421204
6140,Romania,Hunedoara,45.7954068,22.945243,75,3649718,-3380329,347972
6141,Romania,Ialomița,44.5960761,27.2016368,30,147583,-109902,21266
6142,Romania,Ialomița,44.5960761,27.2016368,50,136276,-99312,19282
6143,Romania,Ialomița,44.5960761,27.2016368,75,77200,-51585,10037
6144,Romania,Iași,47.1615598,27.5837814,30,636973,-570588,96178
6145,Romania,Iași,47.1615598,27.5837814,50,609632,-543979,91536
6146,Romania,Iași,47.1615598,27.5837814,75,527156,-468370,77388
6147,Romania,Ilfov,44.5017074,26.2449077,30,142552,-132325,25458
6148,Romania,Ilfov,44.5017074,26.2449077,50,137643,-127600,24467
6149,Romania,Ilfov,44.5017074,26.2449077,75,116527,-108152,20587
6150,Romania,Maramureș,47.6712547,24.1964613,30,3786276,-3224189,352639
6151,Romania,Maramureș,47.6712547,24.1964613,50,3543625,-2984670,328739
6152,Romania,Maramureș,47.6712547,24.1964613,75,2991752,-2453763,277111
6153,Romania,Mehedinți,44.6034908,23.0580419,30,1265958,-1186839,173047
6154,Romania,Mehedinți,44.6034908,23.0580419,50,1189433,-1110885,160732
6155,Romania,Mehedinți,44.6034908,23.0580419,75,895562,-824954,118321
6156,Romania,Mureș,46.6064606,24.6246786,30,2438558,-2094772,258842
6157,Romania,Mureș,46.6064606,24.6246786,50,2316335,-1973729,242953
6158,Romania,Mureș,46.6064606,24.6246786,75,2124440,-1788861,219721
6159,Romania,Neamț,46.9910082,26.5134813,30,2951173,-2565443,283797
6160,Romania,Neamț,46.9910082,26.5134813,50,2850877,-2466542,273275
6161,Romania,Neamț,46.9910082,26.5134813,75,2607592,-2233893,249064
6162,Romania,Olt,44.2923205,24.4663072,30,287867,-253907,49493
6163,Romania,Olt,44.2923205,24.4663072,50,268356,-234783,45724
6164,Romania,Olt,44.2923205,24.4663072,75,216536,-186568,36022
6165,Romania,Prahova,45.1087546,26.0378349,30,1740742,-1656267,189675
6166,Romania,Prahova,45.1087546,26.0378349,50,1656195,-1572555,177692
6167,Romania,Prahova,45.1087546,26.0378349,75,1433899,-1355846,150893
6168,Romania,Satu Mare,47.7891763,22.8725598,30,710951,-620289,84684
6169,Romania,Satu Mare,47.7891763,22.8725598,50,671843,-581815,79196
6170,Romania,Satu Mare,47.7891763,22.8725598,75,600116,-513034,69430
6171,Romania,Sibiu,45.7973912,24.1519202,30,2247456,-1996762,246819
6172,Romania,Sibiu,45.7973912,24.1519202,50,2135981,-1886921,232468
6173,Romania,Sibiu,45.7973912,24.1519202,75,1928054,-1687370,208158
6174,Romania,Suceava,47.5326535,25.8345939,30,4355488,-2871421,463468
6175,Romania,Suceava,47.5326535,25.8345939,50,4145976,-2669486,442189
6176,Romania,Suceava,47.5326535,25.8345939,75,3719688,-2302279,398411
6177,Romania,Sălaj,47.1561868,23.0191923,30,1082598,-1029380,135744
6178,Romania,Sălaj,47.1561868,23.0191923,50,1000877,-948315,123894
6179,Romania,Sălaj,47.1561868,23.0191923,75,870268,-820176,105864
6180,Romania,Teleorman,44.0684876,25.191045,30,141067,-115887,24476
6181,Romania,Teleorman,44.0684876,25.191045,50,130809,-106120,22504
6182,Romania,Teleorman,44.0684876,25.191045,75,105986,-85470,17726
6183,Romania,Timiș,45.6913184,21.6321268,30,986211,-872639,137689
6184,Romania,Timiș,45.6913184,21.6321268,50,933854,-820853,129030
6185,Romania,Timiș,45.6913184,21.6321268,75,853324,-742270,116761
6186,Romania,Tulcea,45.177518,28.8016348,30,1585399,-1520626,239710
6187,Romania,Tulcea,45.177518,28.8016348,50,953834,-892157,140045
6188,Romania,Tulcea,45.177518,28.8016348,75,456670,-407313,63044
6189,Romania,Vaslui,46.496847,27.8036751,30,514093,-486831,75823
6190,Romania,Vaslui,46.496847,27.8036751,50,483855,-457042,70868
6191,Romania,Vaslui,46.496847,27.8036751,75,381862,-359406,54537
6192,Romania,Vrancea,45.7887089,26.883803,30,1852486,-1665263,201756
6193,Romania,Vrancea,45.7887089,26.883803,50,1780966,-1594730,192411
6194,Romania,Vrancea,45.7887089,26.883803,75,1602050,-1422023,171044
6195,Romania,Vâlcea,45.0404536,24.1538719,30,2957026,-2751624,353241
6196,Romania,Vâlcea,45.0404536,24.1538719,50,2848673,-2644333,337574
6197,Romania,Vâlcea,45.0404536,24.1538719,75,2560703,-2362795,297521
6198,Russia,Adygey,,,30,1592308,-1560293,369992
6199,Russia,Adygey,,,50,1540854,-1509615,356326
6200,Russia,Adygey,,,75,1448213,-1420207,332389
6201,Russia,Altay,49.7995174,86.5788193,30,12030654,-10698112,3892521
6202,Russia,Altay,49.7995174,86.5788193,50,10577401,-9368603,3397918
6203,Russia,Altay,49.7995174,86.5788193,75,7446051,-6519629,2399976
6204,Russia,Amur,52.8032368,128.437295,30,63265772,-28491771,24899418
6205,Russia,Amur,52.8032368,128.437295,50,49293585,-20449790,19458816
6206,Russia,Amur,52.8032368,128.437295,75,22842070,-7206616,8915295
6207,Russia,Arkhangel'sk,64.543022,40.537121,30,53289579,-35961324,23182758
6208,Russia,Arkhangel'sk,64.543022,40.537121,50,49580629,-32371466,21453316
6209,Russia,Arkhangel'sk,64.543022,40.537121,75,32946654,-16976866,14265770
6210,Russia,Astrakhan',46.3498308,48.0326203,30,225418,-221602,244804
6211,Russia,Astrakhan',46.3498308,48.0326203,50,148316,-145145,149705
6212,Russia,Astrakhan',46.3498308,48.0326203,75,50443,-48393,50819
6213,Russia,Bashkortostan,54.4747553,55.9784582,30,26398778,-23785428,6279279
6214,Russia,Bashkortostan,54.4747553,55.9784582,50,25404198,-22813700,6009875
6215,Russia,Bashkortostan,54.4747553,55.9784582,75,20470214,-18246970,4699573
6216,Russia,Belgorod,50.5955595,36.5873394,30,1441485,-1376134,410847
6217,Russia,Belgorod,50.5955595,36.5873394,50,1202630,-1142342,345378
6218,Russia,Belgorod,50.5955595,36.5873394,75,795118,-757257,219255
6219,Russia,Bryansk,53.2788979,34.3659113,30,5167021,-3271479,1520031
6220,Russia,Bryansk,53.2788979,34.3659113,50,4821352,-2939625,1409701
6221,Russia,Bryansk,53.2788979,34.3659113,75,3808286,-2126549,1068905
6222,Russia,Buryat,52.7182426,109.492143,30,42794765,-21161799,15279009
6223,Russia,Buryat,52.7182426,109.492143,50,27526695,-13721323,9594966
6224,Russia,Buryat,52.7182426,109.492143,75,11439190,-5171874,3827680
6225,Russia,Chechnya,43.4,45.7,30,1893197,-1870335,433719
6226,Russia,Chechnya,43.4,45.7,50,1759412,-1737778,400873
6227,Russia,Chechnya,43.4,45.7,75,1507722,-1489537,338730
6228,Russia,Chelyabinsk,55.1598408,61.4025547,30,11932042,-10661093,2882884
6229,Russia,Chelyabinsk,55.1598408,61.4025547,50,11125677,-9896288,2647473
6230,Russia,Chelyabinsk,55.1598408,61.4025547,75,8570428,-7604988,1959150
6231,Russia,Chukot,,,30,6655852,-4932066,4159265
6232,Russia,Chukot,,,50,2785231,-2135999,1512791
6233,Russia,Chukot,,,75,1026975,-882739,212107
6234,Russia,Chuvash,55.4259922,47.0849429,30,2095071,-1661920,666655
6235,Russia,Chuvash,55.4259922,47.0849429,50,1991824,-1562486,634466
6236,Russia,Chuvash,55.4259922,47.0849429,75,1659324,-1264159,524442
6237,Russia,City of St. Petersburg,,,30,190005,-109416,79395
6238,Russia,City of St. Petersburg,,,50,165680,-87127,68088
6239,Russia,City of St. Petersburg,,,75,132261,-60772,52653
6240,Russia,Dagestan,43.0,47.0,30,2754146,-2693768,617656
6241,Russia,Dagestan,43.0,47.0,50,2271713,-2216101,506289
6242,Russia,Dagestan,43.0,47.0,75,1587923,-1545302,346134
6243,Russia,Gorno-Altay,51.9298914,85.9788681,30,13651588,-12888052,4295568
6244,Russia,Gorno-Altay,51.9298914,85.9788681,50,11845881,-11114517,3778905
6245,Russia,Gorno-Altay,51.9298914,85.9788681,75,7674586,-7063355,2509949
6246,Russia,Ingush,43.2438536,44.8098803,30,510639,-500420,113624
6247,Russia,Ingush,43.2438536,44.8098803,50,484482,-474566,107292
6248,Russia,Ingush,43.2438536,44.8098803,75,437947,-429240,96065
6249,Russia,Irkutsk,52.2891225,104.279829,30,147105189,-67438132,60341783
6250,Russia,Irkutsk,52.2891225,104.279829,50,126552538,-50033371,51657663
6251,Russia,Irkutsk,52.2891225,104.279829,75,77183841,-19170786,30878365
6252,Russia,Ivanovo,57.0088004,40.9630633,30,3725601,-1686690,1316673
6253,Russia,Ivanovo,57.0088004,40.9630633,50,3553610,-1526256,1248599
6254,Russia,Ivanovo,57.0088004,40.9630633,75,3034326,-1135116,1047336
6255,Russia,Kabardin-Balkar,43.4638486,42.8459207,30,1269292,-1255063,291163
6256,Russia,Kabardin-Balkar,43.4638486,42.8459207,50,1165079,-1151599,266621
6257,Russia,Kabardin-Balkar,43.4638486,42.8459207,75,995756,-984809,226918
6258,Russia,Kaliningrad,54.710128,20.5105838,30,2551121,-2350565,401207
6259,Russia,Kaliningrad,54.710128,20.5105838,50,2346112,-2149410,366586
6260,Russia,Kaliningrad,54.710128,20.5105838,75,1879374,-1702594,283929
6261,Russia,Kalmyk,46.9017116,45.249161,30,58137,-55851,56020
6262,Russia,Kalmyk,46.9017116,45.249161,50,38328,-36554,38472
6263,Russia,Kalmyk,46.9017116,45.249161,75,18987,-17809,19503
6264,Russia,Kaluga,54.5101087,36.2598115,30,5736535,-4439445,1588558
6265,Russia,Kaluga,54.5101087,36.2598115,50,5496563,-4205242,1515455
6266,Russia,Kaluga,54.5101087,36.2598115,75,4622676,-3424149,1256839
6267,Russia,Kamchatka,57.1914882,160.0383819,30,47607563,-46157754,17350874
6268,Russia,Kamchatka,57.1914882,160.0383819,50,41395656,-40408758,14863917
6269,Russia,Kamchatka,57.1914882,160.0383819,75,27781453,-27328430,9697041
6270,Russia,Karachay-Cherkess,43.2044605,42.0790868,30,2657223,-2578871,579068
6271,Russia,Karachay-Cherkess,43.2044605,42.0790868,50,2427059,-2350417,529661
6272,Russia,Karachay-Cherkess,43.2044605,42.0790868,75,1948892,-1880702,425900
6273,Russia,Karelia,62.6194031,33.4920267,30,24772326,-17521550,10645009
6274,Russia,Karelia,62.6194031,33.4920267,50,21680348,-14517156,9245903
6275,Russia,Karelia,62.6194031,33.4920267,75,12601282,-6349201,5383132
6276,Russia,Kemerovo,55.3550907,86.0871213,30,20258173,-18234850,6716726
6277,Russia,Kemerovo,55.3550907,86.0871213,50,19542324,-17545709,6505399
6278,Russia,Kemerovo,55.3550907,86.0871213,75,17270504,-15372381,5812969
6279,Russia,Khabarovsk,51.6312684,136.121524,30,157100574,-123516266,52989168
6280,Russia,Khabarovsk,51.6312684,136.121524,50,131842556,-100955549,43960378
6281,Russia,Khabarovsk,51.6312684,136.121524,75,79659247,-56113400,25756762
6282,Russia,Khakass,,,30,9837006,-8872469,3348090
6283,Russia,Khakass,,,50,9180686,-8231152,3120668
6284,Russia,Khakass,,,75,6443763,-5630539,2197656
6285,Russia,Khanty-Mansiy,,,30,71830364,-52528177,31235610
6286,Russia,Khanty-Mansiy,,,50,55552815,-38286319,23797259
6287,Russia,Khanty-Mansiy,,,75,23082752,-12359546,9401495
6288,Russia,Kirov,58.6035661,49.6666241,30,21292916,-10673061,8551940
6289,Russia,Kirov,58.6035661,49.6666241,50,20803927,-10206793,8307088
6290,Russia,Kirov,58.6035661,49.6666241,75,17689848,-7592147,6940859
6291,Russia,Komi,63.9881421,54.3326073,30,68971498,-56353684,31794724
6292,Russia,Komi,63.9881421,54.3326073,50,63401613,-50985019,28444075
6293,Russia,Komi,63.9881421,54.3326073,75,37294160,-26471027,15818776
6294,Russia,Kostroma,57.7964854,40.9693305,30,11482148,-5143111,4859209
6295,Russia,Kostroma,57.7964854,40.9693305,50,11283734,-4956365,4754292
6296,Russia,Kostroma,57.7964854,40.9693305,75,9906044,-3880409,4123389
6297,Russia,Krasnodar,45.0351532,38.9772396,30,8034366,-7848493,1970706
6298,Russia,Krasnodar,45.0351532,38.9772396,50,7289895,-7110456,1771421
6299,Russia,Krasnodar,45.0351532,38.9772396,75,6506538,-6349954,1555520
6300,Russia,Krasnoyarsk,56.0091173,92.872586,30,239068084,-160363134,99970629
6301,Russia,Krasnoyarsk,56.0091173,92.872586,50,200635997,-126962179,81022260
6302,Russia,Krasnoyarsk,56.0091173,92.872586,75,112919686,-60911801,42862664
6303,Russia,Kurgan,55.4128477,65.3852165,30,6726554,-4566527,1761238
6304,Russia,Kurgan,55.4128477,65.3852165,50,5277848,-3232538,1394318
6305,Russia,Kurgan,55.4128477,65.3852165,75,2211549,-949831,592174
6306,Russia,Kursk,51.7309249,36.1923123,30,1624051,-1508706,434398
6307,Russia,Kursk,51.7309249,36.1923123,50,1375879,-1264538,365846
6308,Russia,Kursk,51.7309249,36.1923123,75,716033,-635692,176514
6309,Russia,Leningrad,59.9606739,30.1586551,30,13210215,-5097323,5700435
6310,Russia,Leningrad,59.9606739,30.1586551,50,12544385,-4472623,5401058
6311,Russia,Leningrad,59.9606739,30.1586551,75,10248935,-2544209,4420690
6312,Russia,Lipetsk,52.6935178,39.1122664,30,1100189,-885349,336685
6313,Russia,Lipetsk,52.6935178,39.1122664,50,914137,-705164,281247
6314,Russia,Lipetsk,52.6935178,39.1122664,75,537663,-379678,154734
6315,Russia,Magadan,63.5515028,154.014726,30,41440580,-29131084,14505619
6316,Russia,Magadan,63.5515028,154.014726,50,23426441,-16264220,7730295
6317,Russia,Magadan,63.5515028,154.014726,75,8318258,-5961226,2141322
6318,Russia,Mariy-El,56.5767504,47.8817512,30,4647691,-2883111,1429349
6319,Russia,Mariy-El,56.5767504,47.8817512,50,4494517,-2751509,1374729
6320,Russia,Mariy-El,56.5767504,47.8817512,75,3831315,-2293490,1164850
6321,Russia,Mordovia,54.4419829,44.4661144,30,2799443,-2038907,859207
6322,Russia,Mordovia,54.4419829,44.4661144,50,2634346,-1878504,804575
6323,Russia,Mordovia,54.4419829,44.4661144,75,2265253,-1563620,678578
6324,Russia,Moscow City,55.7477043,37.5318626,30,110217,-87414,30210
6325,Russia,Moscow City,55.7477043,37.5318626,50,79229,-58928,22389
6326,Russia,Moscow City,55.7477043,37.5318626,75,40925,-27973,11503
6327,Russia,Moskva,55.625578,37.6063916,30,8250905,-5031083,2493396
6328,Russia,Moskva,55.625578,37.6063916,50,7747297,-4555897,2353548
6329,Russia,Moskva,55.625578,37.6063916,75,6176165,-3340261,1893028
6330,Russia,Murmansk,68.970665,33.07497,30,13302046,-12944156,5927473
6331,Russia,Murmansk,68.970665,33.07497,50,9048560,-8756771,3800710
6332,Russia,Murmansk,68.970665,33.07497,75,2481348,-2358216,895310
6333,Russia,Nenets,67.1471631,74.3415488,30,2220325,-2201000,1940894
6334,Russia,Nenets,67.1471631,74.3415488,50,1314736,-1298667,1000662
6335,Russia,Nenets,67.1471631,74.3415488,75,213543,-205451,105737
6336,Russia,Nizhegorod,,,30,12643257,-7306016,4148572
6337,Russia,Nizhegorod,,,50,12015341,-6754698,3932679
6338,Russia,Nizhegorod,,,75,10166168,-5438229,3304587
6339,Russia,North Ossetia,42.7506455,44.5694763,30,1057380,-1039772,239046
6340,Russia,North Ossetia,42.7506455,44.5694763,50,975619,-958659,219891
6341,Russia,North Ossetia,42.7506455,44.5694763,75,832894,-818867,185986
6342,Russia,Novgorod,58.5609587,31.2809006,30,12916339,-8400833,4163456
6343,Russia,Novgorod,58.5609587,31.2809006,50,12519016,-8013643,4015461
6344,Russia,Novgorod,58.5609587,31.2809006,75,10571899,-6269088,3335441
6345,Russia,Novosibirsk,54.9678145,82.9515989,30,20524167,-19290881,5733020
6346,Russia,Novosibirsk,54.9678145,82.9515989,50,16682682,-15552192,4598823
6347,Russia,Novosibirsk,54.9678145,82.9515989,75,8714364,-7803944,2405969
6348,Russia,Omsk,54.9830067,73.3745224,30,14913008,-12674385,5074752
6349,Russia,Omsk,54.9830067,73.3745224,50,11879254,-9743332,4111735
6350,Russia,Omsk,54.9830067,73.3745224,75,6002838,-4305999,2154432
6351,Russia,Orel,52.9709262,36.0642127,30,1341822,-1256073,369795
6352,Russia,Orel,52.9709262,36.0642127,50,1142180,-1058489,311251
6353,Russia,Orel,52.9709262,36.0642127,75,768195,-698132,190907
6354,Russia,Orenburg,51.7671248,55.0978517,30,1780290,-1719589,554065
6355,Russia,Orenburg,51.7671248,55.0978517,50,1547349,-1495942,474978
6356,Russia,Orenburg,51.7671248,55.0978517,75,783693,-754202,226240
6357,Russia,Penza,53.1937836,45.0067413,30,3914692,-3171037,1157222
6358,Russia,Penza,53.1937836,45.0067413,50,3683314,-2947451,1075664
6359,Russia,Penza,53.1937836,45.0067413,75,3091339,-2429792,873956
6360,Russia,Perm',58.0108531,56.2318528,30,36204110,-25610560,12597337
6361,Russia,Perm',58.0108531,56.2318528,50,35374717,-24819120,12251869
6362,Russia,Perm',58.0108531,56.2318528,75,30495409,-20486322,10378144
6363,Russia,Primor'ye,57.2700017,54.9639648,30,56251301,-49934046,13294442
6364,Russia,Primor'ye,57.2700017,54.9639648,50,54298290,-48033219,12825555
6365,Russia,Primor'ye,57.2700017,54.9639648,75,37934409,-32495668,9006267
6366,Russia,Pskov,57.8173923,28.3343465,30,14063719,-11274972,3609665
6367,Russia,Pskov,57.8173923,28.3343465,50,13296017,-10525297,3388164
6368,Russia,Pskov,57.8173923,28.3343465,75,10544026,-8048787,2606202
6369,Russia,Rostov,47.2222596,39.7198736,30,1103089,-1005011,370752
6370,Russia,Rostov,47.2222596,39.7198736,50,717477,-645024,245841
6371,Russia,Rostov,47.2222596,39.7198736,75,301920,-267135,92994
6372,Russia,Ryazan',54.6702523,39.6884424,30,4473176,-1919014,1340947
6373,Russia,Ryazan',54.6702523,39.6884424,50,4096422,-1569147,1218397
6374,Russia,Ryazan',54.6702523,39.6884424,75,3310125,-1047316,958863
6375,Russia,Sakha,66.941626,129.642371,30,277570060,-176156459,117795894
6376,Russia,Sakha,66.941626,129.642371,50,170722151,-108011665,67632291
6377,Russia,Sakha,66.941626,129.642371,75,54495963,-35642412,15815612
6378,Russia,Sakhalin,50.159476,143.0264412,30,18194721,-16167577,6309541
6379,Russia,Sakhalin,50.159476,143.0264412,50,16949701,-15004806,5837451
6380,Russia,Sakhalin,50.159476,143.0264412,75,13443476,-11747856,4583693
6381,Russia,Samara,53.1956255,50.1014927,30,3112828,-2955642,850551
6382,Russia,Samara,53.1956255,50.1014927,50,2837840,-2685589,766906
6383,Russia,Samara,53.1956255,50.1014927,75,1929315,-1808148,499593
6384,Russia,Saratov,51.530018,46.034683,30,1972261,-1849016,651003
6385,Russia,Saratov,51.530018,46.034683,50,1680347,-1564718,552880
6386,Russia,Saratov,51.530018,46.034683,75,1023749,-938206,318794
6387,Russia,Smolensk,54.7814057,32.0461261,30,10485481,-8167670,2768372
6388,Russia,Smolensk,54.7814057,32.0461261,50,9933235,-7623332,2608097
6389,Russia,Smolensk,54.7814057,32.0461261,75,7646845,-5509565,1965370
6390,Russia,Stavropol',44.8632577,43.4406913,30,794986,-777390,216804
6391,Russia,Stavropol',44.8632577,43.4406913,50,599156,-583609,163937
6392,Russia,Stavropol',44.8632577,43.4406913,75,371375,-360983,98411
6393,Russia,Sverdlovsk,56.8382071,60.6007886,30,45530558,-32124054,15327246
6394,Russia,Sverdlovsk,56.8382071,60.6007886,50,42797653,-29473635,14240057
6395,Russia,Sverdlovsk,56.8382071,60.6007886,75,31519955,-19695849,10103004
6396,Russia,Tambov,52.7216164,41.4523988,30,1640180,-1246431,544047
6397,Russia,Tambov,52.7216164,41.4523988,50,1382524,-996557,466016
6398,Russia,Tambov,52.7216164,41.4523988,75,1013768,-694518,335630
6399,Russia,Tatarstan,55.448217,50.4763591,30,5736141,-5174542,1442068
6400,Russia,Tatarstan,55.448217,50.4763591,50,5315912,-4758533,1331582
6401,Russia,Tatarstan,55.448217,50.4763591,75,3605678,-3122527,878899
6402,Russia,Tomsk,58.6124279,82.0475315,30,51951057,-19173228,21865633
6403,Russia,Tomsk,58.6124279,82.0475315,50,45191517,-12806078,18919717
6404,Russia,Tomsk,58.6124279,82.0475315,75,28318047,-2015627,11642404
6405,Russia,Tula,54.1930321,37.61754,30,1719827,-1608684,523620
6406,Russia,Tula,54.1930321,37.61754,50,1509999,-1401601,463713
6407,Russia,Tula,54.1930321,37.61754,75,1072612,-982705,324665
6408,Russia,Tuva,51.4017149,93.8582593,30,21507543,-17488795,7792271
6409,Russia,Tuva,51.4017149,93.8582593,50,17249131,-13597513,6277148
6410,Russia,Tuva,51.4017149,93.8582593,75,8009018,-5772480,2935135
6411,Russia,Tver',56.858675,35.9208284,30,18282727,-11660696,5724421
6412,Russia,Tver',56.858675,35.9208284,50,17655446,-11058014,5503038
6413,Russia,Tver',56.858675,35.9208284,75,14592672,-8416729,4488554
6414,Russia,Tyumen',57.153534,65.542274,30,24499457,-20593968,8521483
6415,Russia,Tyumen',57.153534,65.542274,50,19268404,-15752268,6565948
6416,Russia,Tyumen',57.153534,65.542274,75,7910731,-5901337,2662026
6417,Russia,Udmurt,57.1961165,52.6959832,30,7843552,-5614874,2271417
6418,Russia,Udmurt,57.1961165,52.6959832,50,7595714,-5373460,2189235
6419,Russia,Udmurt,57.1961165,52.6959832,75,6837162,-4683938,1949002
6420,Russia,Ul'yanovsk,54.3150278,48.403373,30,3631443,-2437096,1121307
6421,Russia,Ul'yanovsk,54.3150278,48.403373,50,3456964,-2271015,1056245
6422,Russia,Ul'yanovsk,54.3150278,48.403373,75,2719384,-1659315,803642
6423,Russia,Vladimir,56.1288899,40.4075203,30,6002346,-2834534,1794384
6424,Russia,Vladimir,56.1288899,40.4075203,50,5678428,-2540068,1689048
6425,Russia,Vladimir,56.1288899,40.4075203,75,4663056,-1856922,1364148
6426,Russia,Volgograd,48.7081906,44.5153353,30,1264574,-1198580,425189
6427,Russia,Volgograd,48.7081906,44.5153353,50,933169,-886771,316519
6428,Russia,Volgograd,48.7081906,44.5153353,75,471015,-446829,153292
6429,Russia,Vologda,60.0391461,43.1215213,30,25889765,-9161509,11279527
6430,Russia,Vologda,60.0391461,43.1215213,50,25142563,-8440386,10929274
6431,Russia,Vologda,60.0391461,43.1215213,75,20970532,-4897584,9100330
6432,Russia,Voronezh,51.6605982,39.2005858,30,2053312,-1525673,661410
6433,Russia,Voronezh,51.6605982,39.2005858,50,1673265,-1173124,549396
6434,Russia,Voronezh,51.6605982,39.2005858,75,1033515,-675017,336359
6435,Russia,Yamal-Nenets,66.1143299,76.6724414,30,32761838,-26205060,16251449
6436,Russia,Yamal-Nenets,66.1143299,76.6724414,50,20546823,-15998029,9553365
6437,Russia,Yamal-Nenets,66.1143299,76.6724414,75,5766307,-4170059,2026152
6438,Russia,Yaroslavl',57.6508432,39.8718634,30,5061988,-3063326,1980930
6439,Russia,Yaroslavl',57.6508432,39.8718634,50,4886140,-2892074,1900864
6440,Russia,Yaroslavl',57.6508432,39.8718634,75,4083834,-2184773,1560769
6441,Russia,Yevrey,,,30,7088518,-6458640,1958286
6442,Russia,Yevrey,,,50,6005306,-5400464,1697406
6443,Russia,Yevrey,,,75,3475464,-3061882,964084
6444,Russia,Zabaykal'ye,,,30,57670769,-40421812,21743098
6445,Russia,Zabaykal'ye,,,50,36249931,-23942260,13610223
6446,Russia,Zabaykal'ye,,,75,6482957,-3395099,2120107
6447,Rwanda,Amajyaruguru,-1.5809699,29.9269776,30,776468,-614918,58108
6448,Rwanda,Amajyaruguru,-1.5809699,29.9269776,50,209795,-131344,15721
6449,Rwanda,Amajyaruguru,-1.5809699,29.9269776,75,76471,-32673,5600
6450,Rwanda,Amajyepfo,-2.6272137,29.6063049,30,1207357,-860883,96901
6451,Rwanda,Amajyepfo,-2.6272137,29.6063049,50,463698,-268597,52649
6452,Rwanda,Amajyepfo,-2.6272137,29.6063049,75,185035,-105985,24762
6453,Rwanda,Iburasirazuba,-1.7415136,30.5404282,30,536332,-431286,92253
6454,Rwanda,Iburasirazuba,-1.7415136,30.5404282,50,57151,-20524,5887
6455,Rwanda,Iburasirazuba,-1.7415136,30.5404282,75,22658,-11715,148
6456,Rwanda,Iburengerazuba,-2.3799057,29.2015345,30,2349988,-1480145,247891
6457,Rwanda,Iburengerazuba,-2.3799057,29.2015345,50,1179661,-571409,130051
6458,Rwanda,Iburengerazuba,-2.3799057,29.2015345,75,417618,-148921,57390
6459,Rwanda,Umujyi wa Kigali,-1.8859597,30.1296751,30,42496,-35004,2801
6460,Rwanda,Umujyi wa Kigali,-1.8859597,30.1296751,50,2495,-681,122
6461,Rwanda,Umujyi wa Kigali,-1.8859597,30.1296751,75,1200,-658,12
6462,Reunion,Saint-Benoît,-21.0810433,55.6028127,30,2360,22633,58388
6463,Reunion,Saint-Benoît,-21.0810433,55.6028127,50,1943,20087,48831
6464,Reunion,Saint-Benoît,-21.0810433,55.6028127,75,1015,12269,27526
6465,Reunion,Saint-Denis,-20.8799889,55.448137,30,897,8515,27231
6466,Reunion,Saint-Denis,-20.8799889,55.448137,50,695,7231,21751
6467,Reunion,Saint-Denis,-20.8799889,55.448137,75,327,3959,11662
6468,Reunion,Saint-Paul,-21.0006099,55.2771585,30,2553,24316,25487
6469,Reunion,Saint-Paul,-21.0006099,55.2771585,50,1719,18892,16714
6470,Reunion,Saint-Paul,-21.0006099,55.2771585,75,860,11125,8749
6471,Reunion,Saint-Pierre,-21.341298,55.4776174,30,57389,-45337,16403
6472,Reunion,Saint-Pierre,-21.341298,55.4776174,50,55485,-43605,15975
6473,Reunion,Saint-Pierre,-21.341298,55.4776174,75,50555,-39733,14830
6474,Reunion,Saint-Pierre,-21.341298,55.4776174,30,5326,46993,59369
6475,Reunion,Saint-Pierre,-21.341298,55.4776174,50,3949,37931,44193
6476,Reunion,Saint-Pierre,-21.341298,55.4776174,75,972,12172,26265
6477,Saint-Barthelemy,Au Vent,17.9570231,-62.8964962,30,2359,-2350,372
6478,Saint-Barthelemy,Au Vent,17.9570231,-62.8964962,50,1798,-1792,280
6479,Saint-Barthelemy,Au Vent,17.9570231,-62.8964962,75,1102,-1098,167
6480,Saint-Barthelemy,Sous le Vent,,,30,1531,-1519,249
6481,Saint-Barthelemy,Sous le Vent,,,50,1250,-1240,203
6482,Saint-Barthelemy,Sous le Vent,,,75,865,-859,141
6483,Saudi Arabia,Asir,19.166667,43.166667,30,4523,-4523,0
6484,Saudi Arabia,Asir,19.166667,43.166667,50,4523,-4523,0
6485,Saudi Arabia,Asir,19.166667,43.166667,75,4523,-4523,0
6486,Saudi Arabia,Al Bahah,20.2372671,41.4615479,30,579,-579,0
6487,Saudi Arabia,Al Bahah,20.2372671,41.4615479,50,579,-579,0
6488,Saudi Arabia,Al Bahah,20.2372671,41.4615479,75,579,-579,0
6489,Saudi Arabia,Al Hudud ash Shamaliyah,30.0,42.666667,30,0,0,0
6490,Saudi Arabia,Al Hudud ash Shamaliyah,30.0,42.666667,50,0,0,0
6491,Saudi Arabia,Al Hudud ash Shamaliyah,30.0,42.666667,75,0,0,0
6492,Saudi Arabia,Al Jawf,29.7673818,39.5629883,30,4,-4,7
6493,Saudi Arabia,Al Jawf,29.7673818,39.5629883,50,4,-4,7
6494,Saudi Arabia,Al Jawf,29.7673818,39.5629883,75,0,0,0
6495,Saudi Arabia,Al Jawf,29.7673818,39.5629883,30,0,0,0
6496,Saudi Arabia,Al Jawf,29.7673818,39.5629883,50,0,0,0
6497,Saudi Arabia,Al Jawf,29.7673818,39.5629883,75,0,0,0
6498,Saudi Arabia,Al Madinah,24.471153,39.6111216,30,194,-194,0
6499,Saudi Arabia,Al Madinah,24.471153,39.6111216,50,194,-194,0
6500,Saudi Arabia,Al Madinah,24.471153,39.6111216,75,194,-194,0
6501,Saudi Arabia,Al Qassim,26.1942235,43.4565711,30,0,0,0
6502,Saudi Arabia,Al Qassim,26.1942235,43.4565711,50,0,0,0
6503,Saudi Arabia,Al Qassim,26.1942235,43.4565711,75,0,0,0
6504,Saudi Arabia,Ar Riyad,23.333333,45.333333,30,0,0,0
6505,Saudi Arabia,Ar Riyad,23.333333,45.333333,50,0,0,0
6506,Saudi Arabia,Ar Riyad,23.333333,45.333333,75,0,0,0
6507,Saudi Arabia,Ash-Sharqīyah,23.3036077,50.1258804,30,3343,-3343,0
6508,Saudi Arabia,Ash-Sharqīyah,23.3036077,50.1258804,50,3343,-3343,0
6509,Saudi Arabia,Ash-Sharqīyah,23.3036077,50.1258804,75,3343,-3343,0
6510,Saudi Arabia,Jizan,17.333333,42.666667,30,1589,-1589,0
6511,Saudi Arabia,Jizan,17.333333,42.666667,50,1589,-1589,0
6512,Saudi Arabia,Jizan,17.333333,42.666667,75,1589,-1589,0
6513,Saudi Arabia,Makkah,21.420847,39.826869,30,1331,-1331,0
6514,Saudi Arabia,Makkah,21.420847,39.826869,50,1331,-1331,0
6515,Saudi Arabia,Makkah,21.420847,39.826869,75,1331,-1331,0
6516,Saudi Arabia,Najran,18.0,45.666667,30,0,0,0
6517,Saudi Arabia,Najran,18.0,45.666667,50,0,0,0
6518,Saudi Arabia,Najran,18.0,45.666667,75,0,0,0
6519,Saudi Arabia,Tabuk,28.3251866,37.6328648,30,142,-142,0
6520,Saudi Arabia,Tabuk,28.3251866,37.6328648,50,142,-142,0
6521,Saudi Arabia,Tabuk,28.3251866,37.6328648,75,142,-142,0
6522,Saudi Arabia,Ḩaʼil,26.9920987,41.4892578,30,0,0,0
6523,Saudi Arabia,Ḩaʼil,26.9920987,41.4892578,50,0,0,0
6524,Saudi Arabia,Ḩaʼil,26.9920987,41.4892578,75,0,0,0
6525,Senegal,Dakar,14.693425,-17.447938,30,368,-341,0
6526,Senegal,Dakar,14.693425,-17.447938,50,368,-341,0
6527,Senegal,Dakar,14.693425,-17.447938,75,368,-341,0
6528,Senegal,Diourbel,14.7844539,-16.0316451,30,24,-24,0
6529,Senegal,Diourbel,14.7844539,-16.0316451,50,24,-24,0
6530,Senegal,Diourbel,14.7844539,-16.0316451,75,24,-24,0
6531,Senegal,Fatick,13.9406041,-16.4024021,30,1422359,-1421635,1067
6532,Senegal,Fatick,13.9406041,-16.4024021,50,1421892,-1421307,234
6533,Senegal,Fatick,13.9406041,-16.4024021,75,1421773,-1421227,21
6534,Senegal,Kaffrine,14.2485357,-15.2354792,30,618,-615,0
6535,Senegal,Kaffrine,14.2485357,-15.2354792,50,618,-618,0
6536,Senegal,Kaffrine,14.2485357,-15.2354792,75,618,-618,0
6537,Senegal,Kaolack,14.138815,-16.076391,30,82078,-82036,1
6538,Senegal,Kaolack,14.138815,-16.076391,50,82078,-82049,0
6539,Senegal,Kaolack,14.138815,-16.076391,75,82078,-82049,0
6540,Senegal,Kolda,13.1291507,-14.4181474,30,66531,-60106,116
6541,Senegal,Kolda,13.1291507,-14.4181474,50,66328,-60161,3
6542,Senegal,Kolda,13.1291507,-14.4181474,75,66325,-60176,0
6543,Senegal,Kédougou,12.8856773,-12.2863632,30,31046,-28434,116
6544,Senegal,Kédougou,12.8856773,-12.2863632,50,30954,-29333,9
6545,Senegal,Kédougou,12.8856773,-12.2863632,75,30952,-29449,0
6546,Senegal,Louga,15.3966884,-15.6779283,30,65,-58,0
6547,Senegal,Louga,15.3966884,-15.6779283,50,65,-58,0
6548,Senegal,Louga,15.3966884,-15.6779283,75,64,-60,0
6549,Senegal,Matam,15.2681436,-13.6991606,30,349,-349,0
6550,Senegal,Matam,15.2681436,-13.6991606,50,349,-349,0
6551,Senegal,Matam,15.2681436,-13.6991606,75,349,-349,0
6552,Senegal,Saint-Louis,16.0280445,-16.5048686,30,4006,-3794,2
6553,Senegal,Saint-Louis,16.0280445,-16.5048686,50,4005,-3793,1
6554,Senegal,Saint-Louis,16.0280445,-16.5048686,75,4003,-3798,0
6555,Senegal,Sédhiou,12.9102548,-15.5529839,30,97221,-89335,510
6556,Senegal,Sédhiou,12.9102548,-15.5529839,50,96397,-89801,11
6557,Senegal,Sédhiou,12.9102548,-15.5529839,75,96394,-89942,1
6558,Senegal,Tambacounda,13.8686324,-13.3190328,30,89057,-87026,12
6559,Senegal,Tambacounda,13.8686324,-13.3190328,50,89023,-87004,0
6560,Senegal,Tambacounda,13.8686324,-13.3190328,75,89023,-87006,0
6561,Senegal,Thiès,14.791461,-16.925605,30,44272,-44063,6
6562,Senegal,Thiès,14.791461,-16.925605,50,44270,-44063,4
6563,Senegal,Thiès,14.791461,-16.925605,75,44265,-44100,0
6564,Senegal,Ziguinchor,12.5634929,-16.2724609,30,1751707,-1683824,37739
6565,Senegal,Ziguinchor,12.5634929,-16.2724609,50,1698003,-1678540,1803
6566,Senegal,Ziguinchor,12.5634929,-16.2724609,75,1696377,-1682886,29
6567,Serbia,Borski,44.3057624,22.2347819,30,1302999,-1228654,176027
6568,Serbia,Borski,44.3057624,22.2347819,50,1217497,-1143979,163722
6569,Serbia,Borski,44.3057624,22.2347819,75,872543,-809874,115475
6570,Serbia,Braničevski,44.4525197,21.52715,30,1445519,-1385393,183256
6571,Serbia,Braničevski,44.4525197,21.52715,50,1354640,-1295244,170007
6572,Serbia,Braničevski,44.4525197,21.52715,75,1108262,-1054682,137214
6573,Serbia,Grad Beograd,44.6802421,20.381756,30,378561,-319322,61760
6574,Serbia,Grad Beograd,44.6802421,20.381756,50,329722,-272062,53577
6575,Serbia,Grad Beograd,44.6802421,20.381756,75,234101,-188258,37521
6576,Serbia,Jablanički,42.9179089,21.9201301,30,1272968,-1187919,148359
6577,Serbia,Jablanički,42.9179089,21.9201301,50,1207284,-1122972,140366
6578,Serbia,Jablanički,42.9179089,21.9201301,75,901320,-828137,104377
6579,Serbia,Južno-Banatski,,,30,290178,-185044,47591
6580,Serbia,Južno-Banatski,,,50,251358,-147634,41169
6581,Serbia,Južno-Banatski,,,75,180542,-90813,29518
6582,Serbia,Južno-Bački,,,30,227591,-94055,37261
6583,Serbia,Južno-Bački,,,50,208704,-76699,34067
6584,Serbia,Južno-Bački,,,75,141848,-34637,22750
6585,Serbia,Kolubarski,44.3276249,19.8582235,30,847968,-817352,97695
6586,Serbia,Kolubarski,44.3276249,19.8582235,50,786599,-756431,89662
6587,Serbia,Kolubarski,44.3276249,19.8582235,75,587122,-560827,64812
6588,Serbia,Mačvanski,44.5203374,19.5034197,30,821079,-780284,103367
6589,Serbia,Mačvanski,44.5203374,19.5034197,50,776776,-736509,96875
6590,Serbia,Mačvanski,44.5203374,19.5034197,75,547872,-514555,66255
6591,Serbia,Moravički,43.772132,20.3293693,30,1757100,-1708958,164578
6592,Serbia,Moravički,43.772132,20.3293693,50,1648814,-1601348,153363
6593,Serbia,Moravički,43.772132,20.3293693,75,1400175,-1356051,128180
6594,Serbia,Nišavski,43.4403169,21.9606079,30,786698,-750107,104962
6595,Serbia,Nišavski,43.4403169,21.9606079,50,709561,-673372,94630
6596,Serbia,Nišavski,43.4403169,21.9606079,75,527801,-494988,70438
6597,Serbia,Pirotski,43.1326868,22.63532,30,1102285,-1067941,138915
6598,Serbia,Pirotski,43.1326868,22.63532,50,992041,-958180,123973
6599,Serbia,Pirotski,43.1326868,22.63532,75,746351,-715299,92051
6600,Serbia,Podunavski,44.4648653,21.0012468,30,89104,-86282,14264
6601,Serbia,Podunavski,44.4648653,21.0012468,50,70892,-68167,11240
6602,Serbia,Podunavski,44.4648653,21.0012468,75,44214,-41879,6810
6603,Serbia,Pomoravski,44.0221107,21.4408567,30,900481,-861116,111513
6604,Serbia,Pomoravski,44.0221107,21.4408567,50,844940,-805830,103334
6605,Serbia,Pomoravski,44.0221107,21.4408567,75,714556,-677577,85807
6606,Serbia,Pčinjski,42.5321845,22.1020411,30,1521101,-1400204,176714
6607,Serbia,Pčinjski,42.5321845,22.1020411,50,1396609,-1278106,161904
6608,Serbia,Pčinjski,42.5321845,22.1020411,75,1052241,-947782,121430
6609,Serbia,Rasinski,43.5002565,21.1780182,30,1107051,-1058220,131330
6610,Serbia,Rasinski,43.5002565,21.1780182,50,1036007,-987667,122445
6611,Serbia,Rasinski,43.5002565,21.1780182,75,858608,-813351,101456
6612,Serbia,Raški,43.3568159,20.6445543,30,2278731,-2186465,221763
6613,Serbia,Raški,43.3568159,20.6445543,50,2112119,-2021381,204491
6614,Serbia,Raški,43.3568159,20.6445543,75,1781587,-1696910,170977
6615,Serbia,Severno-Banatski,,,30,24710,-11129,4194
6616,Serbia,Severno-Banatski,,,50,19079,-5643,3241
6617,Serbia,Severno-Banatski,,,75,12736,-93,2122
6618,Serbia,Severno-Bački,,,30,24889,-16908,3890
6619,Serbia,Severno-Bački,,,50,20759,-13165,3055
6620,Serbia,Severno-Bački,,,75,13639,-8359,1663
6621,Serbia,Srednje-Banatski,,,30,76307,-19926,13230
6622,Serbia,Srednje-Banatski,,,50,60280,-4635,10545
6623,Serbia,Srednje-Banatski,,,75,38482,11179,6767
6624,Serbia,Sremski,45.1860254,19.9571373,30,347885,-221802,57872
6625,Serbia,Sremski,45.1860254,19.9571373,50,332402,-207224,55285
6626,Serbia,Sremski,45.1860254,19.9571373,75,272198,-158730,45349
6627,Serbia,Toplički,43.136635,21.4101586,30,1016579,-950264,124194
6628,Serbia,Toplički,43.136635,21.4101586,50,949716,-883867,115631
6629,Serbia,Toplički,43.136635,21.4101586,75,742505,-681286,89972
6630,Serbia,Zaječarski,43.756742,22.0379206,30,1391311,-1308561,174228
6631,Serbia,Zaječarski,43.756742,22.0379206,50,1264441,-1182267,157112
6632,Serbia,Zaječarski,43.756742,22.0379206,75,871121,-798901,105699
6633,Serbia,Zapadno-Bački,,,30,134141,-47643,22312
6634,Serbia,Zapadno-Bački,,,50,119957,-33889,19972
6635,Serbia,Zapadno-Bački,,,75,84815,-6395,14134
6636,Serbia,Zlatiborski,43.5879885,19.7614353,30,3720166,-3582984,319953
6637,Serbia,Zlatiborski,43.5879885,19.7614353,50,3382033,-3248301,290553
6638,Serbia,Zlatiborski,43.5879885,19.7614353,75,2667298,-2547807,228547
6639,Serbia,Šumadijski,44.1202429,20.851994,30,696727,-672485,91076
6640,Serbia,Šumadijski,44.1202429,20.851994,50,651407,-627448,84179
6641,Serbia,Šumadijski,44.1202429,20.851994,75,545023,-522731,68724
6642,Sierra Leone,Eastern,8.2050971,-10.8437383,30,502730,-434329,95132
6643,Sierra Leone,Eastern,8.2050971,-10.8437383,50,481493,-414275,91269
6644,Sierra Leone,Eastern,8.2050971,-10.8437383,75,429907,-370325,81525
6645,Sierra Leone,Eastern,8.2050971,-10.8437383,30,8697015,-2359920,974459
6646,Sierra Leone,Eastern,8.2050971,-10.8437383,50,4656505,-998463,537965
6647,Sierra Leone,Eastern,8.2050971,-10.8437383,75,601602,-119994,28736
6648,Sierra Leone,Eastern,8.2050971,-10.8437383,30,5956381,5616691,1457229
6649,Sierra Leone,Eastern,8.2050971,-10.8437383,50,5339928,5733721,1280878
6650,Sierra Leone,Eastern,8.2050971,-10.8437383,75,600492,908936,166813
6651,Sierra Leone,Eastern,8.2050971,-10.8437383,30,3139198,-2149401,882747
6652,Sierra Leone,Eastern,8.2050971,-10.8437383,50,179468,-90195,33154
6653,Sierra Leone,Eastern,8.2050971,-10.8437383,75,71683,-55363,147
6654,Sierra Leone,Northern,9.118454,-11.4856448,30,2880987,-2403151,540047
6655,Sierra Leone,Northern,9.118454,-11.4856448,50,2630046,-2177470,495215
6656,Sierra Leone,Northern,9.118454,-11.4856448,75,2378032,-1962428,446362
6657,Sierra Leone,Northern,9.118454,-11.4856448,30,32471,-27639,407
6658,Sierra Leone,Northern,9.118454,-11.4856448,50,32223,-30825,53
6659,Sierra Leone,Northern,9.118454,-11.4856448,75,32191,-31269,3
6660,Sierra Leone,Northern,9.118454,-11.4856448,30,11021657,2876332,2434926
6661,Sierra Leone,Northern,9.118454,-11.4856448,50,5200724,2981469,1014675
6662,Sierra Leone,Northern,9.118454,-11.4856448,75,1373152,-461750,41492
6663,Sierra Leone,Northern,9.118454,-11.4856448,30,0,0,0
6664,Sierra Leone,Northern,9.118454,-11.4856448,50,0,0,0
6665,Sierra Leone,Northern,9.118454,-11.4856448,75,0,0,0
6666,Sierra Leone,Northern,9.118454,-11.4856448,30,6910550,-2911191,3283320
6667,Sierra Leone,Northern,9.118454,-11.4856448,50,1844192,-764932,711402
6668,Sierra Leone,Northern,9.118454,-11.4856448,75,514879,-224588,2161
6669,Sierra Leone,Southern,7.7099222,-12.0004178,30,429,-409,116
6670,Sierra Leone,Southern,7.7099222,-12.0004178,50,163,-161,2
6671,Sierra Leone,Southern,7.7099222,-12.0004178,75,157,-155,0
6672,Sierra Leone,Southern,7.7099222,-12.0004178,30,18508173,731926,1680627
6673,Sierra Leone,Southern,7.7099222,-12.0004178,50,15006089,1107613,1267173
6674,Sierra Leone,Southern,7.7099222,-12.0004178,75,3268742,-2308740,30855
6675,Sierra Leone,Southern,7.7099222,-12.0004178,30,875946,-688750,209429
6676,Sierra Leone,Southern,7.7099222,-12.0004178,50,109939,-95155,2640
6677,Sierra Leone,Southern,7.7099222,-12.0004178,75,101343,-91567,10
6678,Sierra Leone,Western,8.3346033,-13.0656016,30,2617653,-2077173,501198
6679,Sierra Leone,Western,8.3346033,-13.0656016,50,2080585,-1564748,406548
6680,Sierra Leone,Western,8.3346033,-13.0656016,75,1568208,-1112230,311813
6681,Sierra Leone,Western,8.3346033,-13.0656016,30,30331,-21815,3467
6682,Sierra Leone,Western,8.3346033,-13.0656016,50,14194,-12335,31
6683,Sierra Leone,Western,8.3346033,-13.0656016,75,14109,-12470,0
6684,Sierra Leone,Western,8.3346033,-13.0656016,30,8785039,1527388,1348816
6685,Sierra Leone,Western,8.3346033,-13.0656016,50,6572249,1821303,1098324
6686,Sierra Leone,Western,8.3346033,-13.0656016,75,694592,132253,55512
6687,Sierra Leone,Western,8.3346033,-13.0656016,30,20855279,-14863335,9020252
6688,Sierra Leone,Western,8.3346033,-13.0656016,50,19546014,-13615921,8622088
6689,Sierra Leone,Western,8.3346033,-13.0656016,75,16350393,-10846500,7727790
6690,Sierra Leone,Western,8.3346033,-13.0656016,30,418368,-212555,45098
6691,Sierra Leone,Western,8.3346033,-13.0656016,50,289968,-166769,26566
6692,Sierra Leone,Western,8.3346033,-13.0656016,75,155911,-136617,3421
6693,Sierra Leone,Western,8.3346033,-13.0656016,30,1466077,790529,543913
6694,Sierra Leone,Western,8.3346033,-13.0656016,50,1460326,794801,542680
6695,Sierra Leone,Western,8.3346033,-13.0656016,75,1433461,811381,536831
6696,Sierra Leone,Western,8.3346033,-13.0656016,30,3279095,-924793,1425671
6697,Sierra Leone,Western,8.3346033,-13.0656016,50,1225904,-322937,443998
6698,Sierra Leone,Western,8.3346033,-13.0656016,75,402116,-334002,1577
6699,Slovakia,Banskobystrický,48.5004495,19.4196737,30,5335568,-4196070,572233
6700,Slovakia,Banskobystrický,48.5004495,19.4196737,50,5138922,-4003949,550638
6701,Slovakia,Banskobystrický,48.5004495,19.4196737,75,4610976,-3515929,493192
6702,Slovakia,Bratislavský,48.3304055,17.1794402,30,532662,-357772,78577
6703,Slovakia,Bratislavský,48.3304055,17.1794402,50,503458,-331644,74339
6704,Slovakia,Bratislavský,48.3304055,17.1794402,75,412021,-266440,61470
6705,Slovakia,Košický,48.676291,21.2898168,30,2870213,-2234165,310569
6706,Slovakia,Košický,48.676291,21.2898168,50,2751808,-2117771,297031
6707,Slovakia,Košický,48.676291,21.2898168,75,2420426,-1809405,260731
6708,Slovakia,Nitriansky,48.222746,18.3439907,30,805779,-702619,104599
6709,Slovakia,Nitriansky,48.222746,18.3439907,50,758617,-656220,97654
6710,Slovakia,Nitriansky,48.222746,18.3439907,75,678446,-581875,85460
6711,Slovakia,Prešovský,49.1117685,21.1875978,30,5072961,-4072638,531901
6712,Slovakia,Prešovský,49.1117685,21.1875978,50,4879084,-3882558,510755
6713,Slovakia,Prešovský,49.1117685,21.1875978,75,4352045,-3393990,449020
6714,Slovakia,Trenčiansky,48.902716,18.2291335,30,2783795,-2430021,264955
6715,Slovakia,Trenčiansky,48.902716,18.2291335,50,2681564,-2328884,255354
6716,Slovakia,Trenčiansky,48.902716,18.2291335,75,2399386,-2057703,228650
6717,Slovakia,Trnavský,48.3186445,17.6484417,30,707064,-596182,73222
6718,Slovakia,Trnavský,48.3186445,17.6484417,50,664343,-555070,68032
6719,Slovakia,Trnavský,48.3186445,17.6484417,75,554631,-457717,55336
6720,Slovakia,Žilinský,49.1775455,19.205818,30,3004544,-1171800,460780
6721,Slovakia,Žilinský,49.1775455,19.205818,50,2892981,-1066104,444319
6722,Slovakia,Žilinský,49.1775455,19.205818,75,2481297,-726381,382923
6723,Slovenia,Gorenjska,46.2636081,14.1589392,30,1112179,-823036,153825
6724,Slovenia,Gorenjska,46.2636081,14.1589392,50,1074293,-786568,148906
6725,Slovenia,Gorenjska,46.2636081,14.1589392,75,951126,-674174,131915
6726,Slovenia,Goriška,46.1041102,13.8123375,30,1889734,-1712064,165391
6727,Slovenia,Goriška,46.1041102,13.8123375,50,1822908,-1647171,159204
6728,Slovenia,Goriška,46.1041102,13.8123375,75,1610535,-1446928,139812
6729,Slovenia,Jugovzhodna Slovenija,45.7217251,14.9013822,30,2020396,-1761345,196407
6730,Slovenia,Jugovzhodna Slovenija,45.7217251,14.9013822,50,1973171,-1715181,192145
6731,Slovenia,Jugovzhodna Slovenija,45.7217251,14.9013822,75,1826449,-1577791,178488
6732,Slovenia,Koroška,46.5231762,15.0779258,30,467142,-340518,82826
6733,Slovenia,Koroška,46.5231762,15.0779258,50,453152,-326979,80672
6734,Slovenia,Koroška,46.5231762,15.0779258,75,405892,-284029,72938
6735,Slovenia,Notranjsko-kraška,45.6800342,14.3195439,30,1215194,-1046948,114448
6736,Slovenia,Notranjsko-kraška,45.6800342,14.3195439,50,1178533,-1011705,111369
6737,Slovenia,Notranjsko-kraška,45.6800342,14.3195439,75,1086181,-925796,103494
6738,Slovenia,Obalno-kraška,45.6444142,13.9909883,30,656182,-618296,59496
6739,Slovenia,Obalno-kraška,45.6444142,13.9909883,50,611009,-574554,55098
6740,Slovenia,Obalno-kraška,45.6444142,13.9909883,75,507137,-477660,44968
6741,Slovenia,Osrednjeslovenska,46.046964,14.4948133,30,1740854,-1561342,167035
6742,Slovenia,Osrednjeslovenska,46.046964,14.4948133,50,1683757,-1505181,161953
6743,Slovenia,Osrednjeslovenska,46.046964,14.4948133,75,1530000,-1357921,148060
6744,Slovenia,Podravska,46.4809625,15.7451366,30,1007805,-948914,96765
6745,Slovenia,Podravska,46.4809625,15.7451366,50,948608,-890297,91738
6746,Slovenia,Podravska,46.4809625,15.7451366,75,826740,-772606,80738
6747,Slovenia,Pomurska,46.6714558,16.2322076,30,445842,-425832,42706
6748,Slovenia,Pomurska,46.6714558,16.2322076,50,417783,-397985,39951
6749,Slovenia,Pomurska,46.6714558,16.2322076,75,367500,-348653,35043
6750,Slovenia,Savinjska,46.2382446,15.3412861,30,1461864,-1343079,148240
6751,Slovenia,Savinjska,46.2382446,15.3412861,50,1399870,-1282062,142520
6752,Slovenia,Savinjska,46.2382446,15.3412861,75,1222029,-1110665,125179
6753,Slovenia,Spodnjeposavska,45.942467,15.5256543,30,560224,-535446,45855
6754,Slovenia,Spodnjeposavska,45.942467,15.5256543,50,537391,-512929,43861
6755,Slovenia,Spodnjeposavska,45.942467,15.5256543,75,480423,-457589,38994
6756,Slovenia,Zasavska,46.0855003,14.9123321,30,225278,-219265,18924
6757,Slovenia,Zasavska,46.0855003,14.9123321,50,216042,-210097,18163
6758,Slovenia,Zasavska,46.0855003,14.9123321,75,185912,-180405,15654
6759,Solomon Islands,Central,-8.9833335,159.75,30,18805,-17663,4184
6760,Solomon Islands,Central,-8.9833335,159.75,50,4010,-3501,141
6761,Solomon Islands,Central,-8.9833335,159.75,75,3610,-3524,5
6762,Solomon Islands,Central,-8.9833335,159.75,30,1685610,-1564217,420186
6763,Solomon Islands,Central,-8.9833335,159.75,50,1584548,-1465693,402314
6764,Solomon Islands,Central,-8.9833335,159.75,75,1445104,-1331983,376003
6765,Solomon Islands,Central,-8.9833335,159.75,30,5231700,-167875,750595
6766,Solomon Islands,Central,-8.9833335,159.75,50,3357357,182991,465307
6767,Solomon Islands,Central,-8.9833335,159.75,75,472347,62146,18025
6768,Solomon Islands,Central,-8.9833335,159.75,30,4192611,-3765965,1160588
6769,Solomon Islands,Central,-8.9833335,159.75,50,3481695,-3123775,987702
6770,Solomon Islands,Central,-8.9833335,159.75,75,1327181,-1135990,448751
6771,Solomon Islands,Central,-8.9833335,159.75,30,5228223,-3252554,2663684
6772,Solomon Islands,Central,-8.9833335,159.75,50,5025644,-3058486,2605597
6773,Solomon Islands,Central,-8.9833335,159.75,75,4594461,-2679008,2475829
6774,Solomon Islands,Central,-8.9833335,159.75,30,475523,-387323,65704
6775,Solomon Islands,Central,-8.9833335,159.75,50,308279,-232094,43880
6776,Solomon Islands,Central,-8.9833335,159.75,75,156982,-105925,21650
6777,Solomon Islands,Central,-8.9833335,159.75,30,264593,-171759,60108
6778,Solomon Islands,Central,-8.9833335,159.75,50,260254,-167703,59328
6779,Solomon Islands,Central,-8.9833335,159.75,75,247011,-156760,56855
6780,Solomon Islands,Central,-8.9833335,159.75,30,5540593,-900420,2086299
6781,Solomon Islands,Central,-8.9833335,159.75,50,849445,-208603,169780
6782,Solomon Islands,Central,-8.9833335,159.75,75,452214,-274285,453
6783,Solomon Islands,Choiseul,-7.0091755,156.9239532,30,714031,309450,327183
6784,Solomon Islands,Choiseul,-7.0091755,156.9239532,50,712355,310821,326809
6785,Solomon Islands,Choiseul,-7.0091755,156.9239532,75,704969,316499,324967
6786,Solomon Islands,Guadalcanal,-9.5984209,160.1485117,30,1376986,262092,520023
6787,Solomon Islands,Guadalcanal,-9.5984209,160.1485117,50,1361007,275511,517134
6788,Solomon Islands,Guadalcanal,-9.5984209,160.1485117,75,1307702,309965,506639
6789,Solomon Islands,Honiara,-9.4310769,159.9552552,30,3547,-2250,599
6790,Solomon Islands,Honiara,-9.4310769,159.9552552,50,2958,-1712,501
6791,Solomon Islands,Honiara,-9.4310769,159.9552552,75,1673,-642,287
6792,Solomon Islands,Isabel,-7.9999999,158.9999999,30,1298808,-362698,417094
6793,Solomon Islands,Isabel,-7.9999999,158.9999999,50,1293500,-357950,415998
6794,Solomon Islands,Isabel,-7.9999999,158.9999999,75,1273855,-342199,411686
6795,Solomon Islands,Makira Ulawa,-10.2835257,161.7280731,30,828049,-238459,318193
6796,Solomon Islands,Makira Ulawa,-10.2835257,161.7280731,50,825722,-236406,317696
6797,Solomon Islands,Makira Ulawa,-10.2835257,161.7280731,75,812975,-226437,314717
6798,Solomon Islands,Malaita,-8.9551687,160.9514413,30,1383260,-670030,414552
6799,Solomon Islands,Malaita,-8.9551687,160.9514413,50,1375409,-663116,413036
6800,Solomon Islands,Malaita,-8.9551687,160.9514413,75,1317856,-618478,401759
6801,Solomon Islands,Rennell and Bellona,-12.1134266,160.3170523,30,229486,-142089,55591
6802,Solomon Islands,Rennell and Bellona,-12.1134266,160.3170523,50,226165,-139010,54892
6803,Solomon Islands,Rennell and Bellona,-12.1134266,160.3170523,75,214702,-129046,52408
6804,Solomon Islands,Temotu,-10.8891322,166.231035,30,346770,-307965,84338
6805,Solomon Islands,Temotu,-10.8891322,166.231035,50,344468,-305873,83718
6806,Solomon Islands,Temotu,-10.8891322,166.231035,75,336559,-298809,81495
6807,Solomon Islands,Western,-7.8166667,156.683988,30,2617653,-2077173,501198
6808,Solomon Islands,Western,-7.8166667,156.683988,50,2080585,-1564748,406548
6809,Solomon Islands,Western,-7.8166667,156.683988,75,1568208,-1112230,311813
6810,Solomon Islands,Western,-7.8166667,156.683988,30,30331,-21815,3467
6811,Solomon Islands,Western,-7.8166667,156.683988,50,14194,-12335,31
6812,Solomon Islands,Western,-7.8166667,156.683988,75,14109,-12470,0
6813,Solomon Islands,Western,-7.8166667,156.683988,30,8785039,1527388,1348816
6814,Solomon Islands,Western,-7.8166667,156.683988,50,6572249,1821303,1098324
6815,Solomon Islands,Western,-7.8166667,156.683988,75,694592,132253,55512
6816,Solomon Islands,Western,-7.8166667,156.683988,30,20855279,-14863335,9020252
6817,Solomon Islands,Western,-7.8166667,156.683988,50,19546014,-13615921,8622088
6818,Solomon Islands,Western,-7.8166667,156.683988,75,16350393,-10846500,7727790
6819,Solomon Islands,Western,-7.8166667,156.683988,30,418368,-212555,45098
6820,Solomon Islands,Western,-7.8166667,156.683988,50,289968,-166769,26566
6821,Solomon Islands,Western,-7.8166667,156.683988,75,155911,-136617,3421
6822,Solomon Islands,Western,-7.8166667,156.683988,30,1466077,790529,543913
6823,Solomon Islands,Western,-7.8166667,156.683988,50,1460326,794801,542680
6824,Solomon Islands,Western,-7.8166667,156.683988,75,1433461,811381,536831
6825,Solomon Islands,Western,-7.8166667,156.683988,30,3279095,-924793,1425671
6826,Solomon Islands,Western,-7.8166667,156.683988,50,1225904,-322937,443998
6827,Solomon Islands,Western,-7.8166667,156.683988,75,402116,-334002,1577
6828,Somalia,Awdal,10.6951152,43.4904963,30,1163,-1163,0
6829,Somalia,Awdal,10.6951152,43.4904963,50,1163,-1163,0
6830,Somalia,Awdal,10.6951152,43.4904963,75,1163,-1163,0
6831,Somalia,Bakool,3.9991789,43.9995531,30,5,-5,0
6832,Somalia,Bakool,3.9991789,43.9995531,50,5,-5,0
6833,Somalia,Bakool,3.9991789,43.9995531,75,5,-5,0
6834,Somalia,Banaadir,2.0783351,45.2805421,30,0,0,0
6835,Somalia,Banaadir,2.0783351,45.2805421,50,0,0,0
6836,Somalia,Banaadir,2.0783351,45.2805421,75,0,0,0
6837,Somalia,Bari,10.1903509,50.1298044,30,5,-5,0
6838,Somalia,Bari,10.1903509,50.1298044,50,5,-5,0
6839,Somalia,Bari,10.1903509,50.1298044,75,5,-5,0
6840,Somalia,Bay,2.9999946,43.500177,30,851,-301,96
6841,Somalia,Bay,2.9999946,43.500177,50,766,-643,11
6842,Somalia,Bay,2.9999946,43.500177,75,762,-758,0
6843,Somalia,Galguduud,5.0,47.0,30,29,-29,0
6844,Somalia,Galguduud,5.0,47.0,50,29,-29,0
6845,Somalia,Galguduud,5.0,47.0,75,29,-29,0
6846,Somalia,Gedo,3.0,42.0,30,2402,-1945,14
6847,Somalia,Gedo,3.0,42.0,50,2371,-1941,1
6848,Somalia,Gedo,3.0,42.0,75,2370,-1945,0
6849,Somalia,Hiiraan,3.9999147,45.4999573,30,190,-181,1
6850,Somalia,Hiiraan,3.9999147,45.4999573,50,187,-180,0
6851,Somalia,Hiiraan,3.9999147,45.4999573,75,187,-181,0
6852,Somalia,Jubbada Dhexe,1.4325937,42.6559939,30,25213,-3553,10977
6853,Somalia,Jubbada Dhexe,1.4325937,42.6559939,50,9960,1408,3288
6854,Somalia,Jubbada Dhexe,1.4325937,42.6559939,75,4016,-1201,168
6855,Somalia,Jubbada Hoose,-0.0001019,41.9999624,30,185052,-170760,65311
6856,Somalia,Jubbada Hoose,-0.0001019,41.9999624,50,68550,-63644,10605
6857,Somalia,Jubbada Hoose,-0.0001019,41.9999624,75,49022,-48175,893
6858,Somalia,Mudug,6.6507279,48.3009945,30,2,-2,0
6859,Somalia,Mudug,6.6507279,48.3009945,50,2,-2,0
6860,Somalia,Mudug,6.6507279,48.3009945,75,2,-2,0
6861,Somalia,Nugaal,8.16698,48.9978971,30,1,-1,0
6862,Somalia,Nugaal,8.16698,48.9978971,50,1,-1,0
6863,Somalia,Nugaal,8.16698,48.9978971,75,1,-1,0
6864,Somalia,Sanaag,10.4386899,47.5924085,30,24829,-24541,5953
6865,Somalia,Sanaag,10.4386899,47.5924085,50,3552,-3388,754
6866,Somalia,Sanaag,10.4386899,47.5924085,75,533,-533,3
6867,Somalia,Shabeellaha Dhexe,3.0,46.0,30,2227,-541,894
6868,Somalia,Shabeellaha Dhexe,3.0,46.0,50,811,-165,176
6869,Somalia,Shabeellaha Dhexe,3.0,46.0,75,455,-371,4
6870,Somalia,Shabeellaha Hoose,1.8427539,44.5937239,30,11014,-5705,3853
6871,Somalia,Shabeellaha Hoose,1.8427539,44.5937239,50,3591,-617,814
6872,Somalia,Shabeellaha Hoose,1.8427539,44.5937239,75,1629,-1046,23
6873,Somalia,Sool,8.9604812,47.5857827,30,5,-5,0
6874,Somalia,Sool,8.9604812,47.5857827,50,5,-5,0
6875,Somalia,Sool,8.9604812,47.5857827,75,5,-5,0
6876,Somalia,Togdheer,9.1706823,45.5375166,30,875,-875,26
6877,Somalia,Togdheer,9.1706823,45.5375166,50,805,-805,1
6878,Somalia,Togdheer,9.1706823,45.5375166,75,804,-804,0
6879,Somalia,Woqooyi Galbeed,9.5051825,44.0731432,30,77,-77,0
6880,Somalia,Woqooyi Galbeed,9.5051825,44.0731432,50,77,-77,0
6881,Somalia,Woqooyi Galbeed,9.5051825,44.0731432,75,77,-77,0
6882,South Africa,Eastern Cape,-32.2171831,26.6386401,30,6110782,-1386716,1638169
6883,South Africa,Eastern Cape,-32.2171831,26.6386401,50,3778909,114879,874678
6884,South Africa,Eastern Cape,-32.2171831,26.6386401,75,1648831,549208,249044
6885,South Africa,Free State,-28.7853618,26.4978933,30,101316,-54807,14082
6886,South Africa,Free State,-28.7853618,26.4978933,50,32608,-7450,3598
6887,South Africa,Free State,-28.7853618,26.4978933,75,16471,-8367,320
6888,South Africa,Gauteng,-25.9363439,28.0813105,30,71357,-35603,6382
6889,South Africa,Gauteng,-25.9363439,28.0813105,50,29136,-13212,811
6890,South Africa,Gauteng,-25.9363439,28.0813105,75,22815,-17713,18
6891,South Africa,KwaZulu-Natal,-28.503833,30.8875009,30,12629469,5323870,2234045
6892,South Africa,KwaZulu-Natal,-28.503833,30.8875009,50,8232438,7655068,1101193
6893,South Africa,KwaZulu-Natal,-28.503833,30.8875009,75,3977317,5924963,337785
6894,South Africa,Limpopo,-23.4735288,29.3959199,30,2635310,-699612,400387
6895,South Africa,Limpopo,-23.4735288,29.3959199,50,1430440,95504,153156
6896,South Africa,Limpopo,-23.4735288,29.3959199,75,437002,176467,28611
6897,South Africa,Mpumalanga,-26.276849,30.1500153,30,8756133,6535754,905914
6898,South Africa,Mpumalanga,-26.276849,30.1500153,50,6716684,6891611,605205
6899,South Africa,Mpumalanga,-26.276849,30.1500153,75,3882743,4457156,249674
6900,South Africa,North West,-26.1347819,25.6546729,30,76653,-32034,15011
6901,South Africa,North West,-26.1347819,25.6546729,50,20338,6715,2482
6902,South Africa,North West,-26.1347819,25.6546729,75,12333,-4303,200
6903,South Africa,Northern Cape,-29.573402,21.2051361,30,6360,-1012,4595
6904,South Africa,Northern Cape,-29.573402,21.2051361,50,2768,1094,1516
6905,South Africa,Northern Cape,-29.573402,21.2051361,75,1183,342,233
6906,South Africa,Western Cape,-33.546977,20.72753,30,3646511,-120801,764536
6907,South Africa,Western Cape,-33.546977,20.72753,50,2192474,731445,420366
6908,South Africa,Western Cape,-33.546977,20.72753,75,1264756,675565,216237
6909,South Korea,Busan,35.1799528,129.0752365,30,73765,-51714,32584
6910,South Korea,Busan,35.1799528,129.0752365,50,66610,-47710,29214
6911,South Korea,Busan,35.1799528,129.0752365,75,27440,-21830,11673
6912,South Korea,Chungcheongbuk-do,36.6357,127.4915,30,2040850,-1505455,399114
6913,South Korea,Chungcheongbuk-do,36.6357,127.4915,50,1578714,-1131224,310998
6914,South Korea,Chungcheongbuk-do,36.6357,127.4915,75,373032,-233729,74207
6915,South Korea,Chungcheongnam-do,36.6593,126.6729,30,1281116,-820482,258167
6916,South Korea,Chungcheongnam-do,36.6593,126.6729,50,806269,-500541,160884
6917,South Korea,Chungcheongnam-do,36.6593,126.6729,75,113647,-69331,19350
6918,South Korea,Daegu,35.8713,128.6018,30,191594,-186474,41698
6919,South Korea,Daegu,35.8713,128.6018,50,157529,-154072,34281
6920,South Korea,Daegu,35.8713,128.6018,75,43561,-42933,9195
6921,South Korea,Daejeon,36.3497007,127.3849016,30,152572,-145952,20006
6922,South Korea,Daejeon,36.3497007,127.3849016,50,91481,-87709,12028
6923,South Korea,Daejeon,36.3497007,127.3849016,75,5737,-5225,615
6924,South Korea,Gangwon-do,37.885,127.7297,30,6260935,-5112317,1267148
6925,South Korea,Gangwon-do,37.885,127.7297,50,5744547,-4658232,1157541
6926,South Korea,Gangwon-do,37.885,127.7297,75,2382447,-1837198,473445
6927,South Korea,Gwangju,35.1594647,126.8515034,30,64298,-61111,13311
6928,South Korea,Gwangju,35.1594647,126.8515034,50,46282,-44314,9632
6929,South Korea,Gwangju,35.1594647,126.8515034,75,9785,-9429,2052
6930,South Korea,Gyeonggi-do,37.2884675,127.0535231,30,2067945,-1643421,395688
6931,South Korea,Gyeonggi-do,37.2884675,127.0535231,50,1503502,-1181362,283786
6932,South Korea,Gyeonggi-do,37.2884675,127.0535231,75,356457,-262462,62838
6933,South Korea,Gyeongsangbuk-do,36.5754,128.5058,30,5764649,-5047181,1221132
6934,South Korea,Gyeongsangbuk-do,36.5754,128.5058,50,5016174,-4372165,1064061
6935,South Korea,Gyeongsangbuk-do,36.5754,128.5058,75,2117054,-1813984,449227
6936,South Korea,Gyeongsangnam-do,35.2382,128.6925,30,2417461,-2082611,634609
6937,South Korea,Gyeongsangnam-do,35.2382,128.6925,50,2128204,-1820358,561524
6938,South Korea,Gyeongsangnam-do,35.2382,128.6925,75,879165,-730811,233810
6939,South Korea,Incheon,37.456,126.7052,30,38261,-35941,18538
6940,South Korea,Incheon,37.456,126.7052,50,9836,-9421,6088
6941,South Korea,Incheon,37.456,126.7052,75,1911,-1871,273
6942,South Korea,Jeju,33.4887737,126.4987083,30,222696,-200299,88535
6943,South Korea,Jeju,33.4887737,126.4987083,50,195430,-174888,75545
6944,South Korea,Jeju,33.4887737,126.4987083,75,132913,-119795,47368
6945,South Korea,Jeollabuk-do,35.8198999,127.109,30,1745988,-1133589,353440
6946,South Korea,Jeollabuk-do,35.8198999,127.109,50,1488132,-936329,300944
6947,South Korea,Jeollabuk-do,35.8198999,127.109,75,566631,-329352,115342
6948,South Korea,Jeollanam-do,34.8159,126.4629,30,1899848,-1394031,539908
6949,South Korea,Jeollanam-do,34.8159,126.4629,50,1598160,-1139293,446657
6950,South Korea,Jeollanam-do,34.8159,126.4629,75,547310,-339026,150647
6951,South Korea,Sejong,36.4799999,127.289,30,77956,-59757,14223
6952,South Korea,Sejong,36.4799999,127.289,50,40537,-30962,7404
6953,South Korea,Sejong,36.4799999,127.289,75,2599,-2070,133
6954,South Korea,Seoul,37.5666791,126.9782914,30,48383,-47721,9355
6955,South Korea,Seoul,37.5666791,126.9782914,50,20904,-20700,3890
6956,South Korea,Seoul,37.5666791,126.9782914,75,1506,-1490,43
6957,South Korea,Ulsan,35.5391697,129.3119136,30,231878,-201078,60560
6958,South Korea,Ulsan,35.5391697,129.3119136,50,210200,-185062,54143
6959,South Korea,Ulsan,35.5391697,129.3119136,75,79391,-74004,18763
6960,South Sudan,Central Equatoria,5.0,31.5,30,7414303,-6915773,1752559
6961,South Sudan,Central Equatoria,5.0,31.5,50,4623193,-4331361,807483
6962,South Sudan,Central Equatoria,5.0,31.5,75,239920,-206450,8119
6963,South Sudan,Eastern Equatoria,5.283932,33.5912329,30,1801876,-1566703,621438
6964,South Sudan,Eastern Equatoria,5.283932,33.5912329,50,770293,-617478,238808
6965,South Sudan,Eastern Equatoria,5.283932,33.5912329,75,265882,-194387,44949
6966,South Sudan,Jungoli,8.0,32.0,30,3109620,-2974515,380756
6967,South Sudan,Jungoli,8.0,32.0,50,1904469,-1841731,24121
6968,South Sudan,Jungoli,8.0,32.0,75,1839923,-1827898,499
6969,South Sudan,Lakes,6.7526716,30.0948429,30,1412940,-1325709,564584
6970,South Sudan,Lakes,6.7526716,30.0948429,50,228686,-199673,20284
6971,South Sudan,Lakes,6.7526716,30.0948429,75,188431,-183625,152
6972,South Sudan,North Bahr-al-Ghazal,9.374445,26.6933758,30,73016,-72029,5703
6973,South Sudan,North Bahr-al-Ghazal,9.374445,26.6933758,50,61031,-60770,14
6974,South Sudan,North Bahr-al-Ghazal,9.374445,26.6933758,75,60982,-60763,0
6975,South Sudan,Unity,8.4582525,29.9560547,30,934331,-909615,46950
6976,South Sudan,Unity,8.4582525,29.9560547,50,784060,-773424,5574
6977,South Sudan,Unity,8.4582525,29.9560547,75,765174,-761756,117
6978,South Sudan,Upper Nile,9.0,33.0,30,1218825,-1215925,58517
6979,South Sudan,Upper Nile,9.0,33.0,50,1075680,-1074567,4824
6980,South Sudan,Upper Nile,9.0,33.0,75,1063386,-1062945,59
6981,South Sudan,Warap,8.2533046,27.9837485,30,308753,-292630,75177
6982,South Sudan,Warap,8.2533046,27.9837485,50,158012,-155115,161
6983,South Sudan,Warap,8.2533046,27.9837485,75,157675,-155156,3
6984,South Sudan,West Bahr-al-Ghazal,8.9061176,26.5050414,30,3658312,-3601242,1857864
6985,South Sudan,West Bahr-al-Ghazal,8.9061176,26.5050414,50,163326,-157263,39756
6986,South Sudan,West Bahr-al-Ghazal,8.9061176,26.5050414,75,87874,-86652,4
6987,South Sudan,West Equatoria,4.5759073,28.3837874,30,18651563,-17712911,6023009
6988,South Sudan,West Equatoria,4.5759073,28.3837874,50,12182793,-11349343,2970842
6989,South Sudan,West Equatoria,4.5759073,28.3837874,75,990885,-738245,124093
6990,Spain,Andalucía,37.3399964,-4.5811614,30,7548090,-5645097,1185248
6991,Spain,Andalucía,37.3399964,-4.5811614,50,4621619,-3202660,727038
6992,Spain,Andalucía,37.3399964,-4.5811614,75,2351467,-1615503,358233
6993,Spain,Aragón,41.3787291,-0.7639373,30,6868258,-6165539,855740
6994,Spain,Aragón,41.3787291,-0.7639373,50,4921521,-4304181,616580
6995,Spain,Aragón,41.3787291,-0.7639373,75,3173652,-2708176,396650
6996,Spain,Cantabria,43.1595664,-4.0878382,30,2901984,-1878852,289948
6997,Spain,Cantabria,43.1595664,-4.0878382,50,2562470,-1585851,256875
6998,Spain,Cantabria,43.1595664,-4.0878382,75,1821717,-1018830,184446
6999,Spain,Castilla y León,41.55005,-5.1387401,30,14256727,-10216363,1900462
7000,Spain,Castilla y León,41.55005,-5.1387401,50,10512782,-7239207,1401428
7001,Spain,Castilla y León,41.55005,-5.1387401,75,6912017,-4708183,901009
7002,Spain,Castilla-La Mancha,39.4177902,-2.6232332,30,8916887,-7323451,1054360
7003,Spain,Castilla-La Mancha,39.4177902,-2.6232332,50,4772285,-3523527,571966
7004,Spain,Castilla-La Mancha,39.4177902,-2.6232332,75,2103199,-1413029,247586
7005,Spain,Cataluña,41.8523094,1.5745043,30,8008890,-6852958,1191472
7006,Spain,Cataluña,41.8523094,1.5745043,50,6157044,-5143762,936356
7007,Spain,Cataluña,41.8523094,1.5745043,75,4413861,-3664171,684027
7008,Spain,Ceuta y Melilla,36.713793,-4.2727369,30,1918,-1553,481
7009,Spain,Ceuta y Melilla,36.713793,-4.2727369,50,1481,-1179,367
7010,Spain,Ceuta y Melilla,36.713793,-4.2727369,75,770,-634,183
7011,Spain,Comunidad Foral de Navarra,42.6125488,-1.8307877,30,4197652,-3614522,381450
7012,Spain,Comunidad Foral de Navarra,42.6125488,-1.8307877,50,3916990,-3367271,353901
7013,Spain,Comunidad Foral de Navarra,42.6125488,-1.8307877,75,3419527,-2940876,306422
7014,Spain,Comunidad Valenciana,39.6819591,-0.7654406,30,3543392,-3175978,400564
7015,Spain,Comunidad Valenciana,39.6819591,-0.7654406,50,1720718,-1497543,193801
7016,Spain,Comunidad Valenciana,39.6819591,-0.7654406,75,952873,-827267,103946
7017,Spain,Comunidad de Madrid,40.5248319,-3.7715628,30,668402,-555423,118085
7018,Spain,Comunidad de Madrid,40.5248319,-3.7715628,50,462426,-373301,75454
7019,Spain,Comunidad de Madrid,40.5248319,-3.7715628,75,296604,-248280,45201
7020,Spain,Extremadura,39.1748426,-6.1529891,30,4053940,-2488316,593069
7021,Spain,Extremadura,39.1748426,-6.1529891,50,2647033,-1412480,392225
7022,Spain,Extremadura,39.1748426,-6.1529891,75,1239235,-584604,183846
7023,Spain,Galicia,42.61946,-7.863112,30,11708734,-1588308,1606527
7024,Spain,Galicia,42.61946,-7.863112,50,9771195,-534659,1338564
7025,Spain,Galicia,42.61946,-7.863112,75,6778590,217364,910062
7026,Spain,Islas Baleares,39.613432,2.8829185,30,691259,-620902,93822
7027,Spain,Islas Baleares,39.613432,2.8829185,50,510859,-449263,69980
7028,Spain,Islas Baleares,39.613432,2.8829185,75,305747,-262473,42037
7029,Spain,Islas Canarias,28.2935785,-16.6214471,30,175799,-110363,63143
7030,Spain,Islas Canarias,28.2935785,-16.6214471,50,117507,-65900,41849
7031,Spain,Islas Canarias,28.2935785,-16.6214471,75,70887,-39220,24644
7032,Spain,La Rioja,42.2814642,-2.482805,30,107987,-101243,40773
7033,Spain,La Rioja,42.2814642,-2.482805,50,46726,-45329,17018
7034,Spain,La Rioja,42.2814642,-2.482805,75,20736,-19838,6899
7035,Spain,La Rioja,42.2814642,-2.482805,30,1407290,-1179274,158744
7036,Spain,La Rioja,42.2814642,-2.482805,50,1188612,-978245,132306
7037,Spain,La Rioja,42.2814642,-2.482805,75,937828,-764103,102596
7038,Spain,País Vasco,42.9911816,-2.5543023,30,3302549,-1029751,437487
7039,Spain,País Vasco,42.9911816,-2.5543023,50,3127617,-878135,414170
7040,Spain,País Vasco,42.9911816,-2.5543023,75,2769688,-609719,367454
7041,Spain,Principado de Asturias,43.3133868,-5.94192,30,3446735,-1865168,624788
7042,Spain,Principado de Asturias,43.3133868,-5.94192,50,2999737,-1543960,548637
7043,Spain,Principado de Asturias,43.3133868,-5.94192,75,2068138,-1046325,375687
7044,Spain,Región de Murcia,37.9166355,-1.4779797,30,592037,-565621,63548
7045,Spain,Región de Murcia,37.9166355,-1.4779797,50,268653,-252194,27945
7046,Spain,Región de Murcia,37.9166355,-1.4779797,75,130738,-122530,12592
7047,Sri Lanka,Ampara,7.0737575,81.8322887,30,764283,-624143,201738
7048,Sri Lanka,Ampara,7.0737575,81.8322887,50,677057,-553045,180868
7049,Sri Lanka,Ampara,7.0737575,81.8322887,75,494432,-417825,135569
7050,Sri Lanka,Anuradhapura,8.334985,80.4106096,30,908752,-512702,370997
7051,Sri Lanka,Anuradhapura,8.334985,80.4106096,50,804724,-463057,326851
7052,Sri Lanka,Anuradhapura,8.334985,80.4106096,75,583357,-423608,233500
7053,Sri Lanka,Badulla,6.9900353,81.0570315,30,973768,-797816,193897
7054,Sri Lanka,Badulla,6.9900353,81.0570315,50,846802,-681658,168728
7055,Sri Lanka,Badulla,6.9900353,81.0570315,75,542668,-421762,108759
7056,Sri Lanka,Batticaloa,7.8381021,81.5567533,30,243715,-207776,49137
7057,Sri Lanka,Batticaloa,7.8381021,81.5567533,50,210653,-181849,38873
7058,Sri Lanka,Batticaloa,7.8381021,81.5567533,75,142910,-131243,17904
7059,Sri Lanka,Colombo,6.9388614,79.8542005,30,200639,-110611,35336
7060,Sri Lanka,Colombo,6.9388614,79.8542005,50,165268,-78783,29210
7061,Sri Lanka,Colombo,6.9388614,79.8542005,75,91551,-28476,16483
7062,Sri Lanka,Galle,6.0328139,80.214955,30,663827,-495089,135272
7063,Sri Lanka,Galle,6.0328139,80.214955,50,595840,-431204,122732
7064,Sri Lanka,Galle,6.0328139,80.214955,75,413572,-275996,88598
7065,Sri Lanka,Gampaha,7.1190247,79.9159876,30,556915,-460385,95313
7066,Sri Lanka,Gampaha,7.1190247,79.9159876,50,486380,-394546,83110
7067,Sri Lanka,Gampaha,7.1190247,79.9159876,75,311407,-243551,52898
7068,Sri Lanka,Hambantota,6.1249126,81.1242563,30,455975,-351937,118445
7069,Sri Lanka,Hambantota,6.1249126,81.1242563,50,384316,-294230,99098
7070,Sri Lanka,Hambantota,6.1249126,81.1242563,75,248045,-186655,61381
7071,Sri Lanka,Jaffna,9.665093,80.0093029,30,63250,-58469,3122
7072,Sri Lanka,Jaffna,9.665093,80.0093029,50,58917,-55685,1819
7073,Sri Lanka,Jaffna,9.665093,80.0093029,75,54565,-53821,464
7074,Sri Lanka,Kalutara,6.5745305,80.0286312,30,717231,-460512,135204
7075,Sri Lanka,Kalutara,6.5745305,80.0286312,50,640838,-392838,121723
7076,Sri Lanka,Kalutara,6.5745305,80.0286312,75,418753,-242218,82197
7077,Sri Lanka,Kandy,7.2931208,80.6350358,30,815744,-717013,161037
7078,Sri Lanka,Kandy,7.2931208,80.6350358,50,753084,-657543,149515
7079,Sri Lanka,Kandy,7.2931208,80.6350358,75,605992,-523164,122330
7080,Sri Lanka,Kegalle,7.1134446,80.3217395,30,831652,-543274,155153
7081,Sri Lanka,Kegalle,7.1134446,80.3217395,50,800630,-516284,149627
7082,Sri Lanka,Kegalle,7.1134446,80.3217395,75,680076,-437144,127777
7083,Sri Lanka,Kilinochchi,9.3840068,80.4087224,30,145185,-114518,36807
7084,Sri Lanka,Kilinochchi,9.3840068,80.4087224,50,132652,-105447,33258
7085,Sri Lanka,Kilinochchi,9.3840068,80.4087224,75,100187,-80676,23886
7086,Sri Lanka,Kurunegala,7.4870464,80.364908,30,1323239,-990950,292172
7087,Sri Lanka,Kurunegala,7.4870464,80.364908,50,1140757,-843680,246555
7088,Sri Lanka,Kurunegala,7.4870464,80.364908,75,727949,-553783,147148
7089,Sri Lanka,Mannar,8.9812896,79.9043942,30,473695,-403260,129126
7090,Sri Lanka,Mannar,8.9812896,79.9043942,50,449423,-382329,122241
7091,Sri Lanka,Mannar,8.9812896,79.9043942,75,382992,-332791,103740
7092,Sri Lanka,Matale,7.698211,80.660908,30,507452,-352445,156657
7093,Sri Lanka,Matale,7.698211,80.660908,50,472652,-325220,146576
7094,Sri Lanka,Matale,7.698211,80.660908,75,391317,-265038,124562
7095,Sri Lanka,Matara,5.947822,80.5482919,30,244719,-147669,108815
7096,Sri Lanka,Matara,5.947822,80.5482919,50,227972,-132701,101411
7097,Sri Lanka,Matara,5.947822,80.5482919,75,175604,-95468,79456
7098,Sri Lanka,Moneragala,6.877538,81.3777908,30,1133761,-837345,345424
7099,Sri Lanka,Moneragala,6.877538,81.3777908,50,1016820,-742942,308492
7100,Sri Lanka,Moneragala,6.877538,81.3777908,75,747166,-539666,223461
7101,Sri Lanka,Mullaitivu,9.2698532,80.8145347,30,478291,-342270,175762
7102,Sri Lanka,Mullaitivu,9.2698532,80.8145347,50,452308,-329886,166998
7103,Sri Lanka,Mullaitivu,9.2698532,80.8145347,75,375185,-293268,139759
7104,Sri Lanka,Nuwara Eliya,7.012402,80.7571612,30,588199,-438671,140077
7105,Sri Lanka,Nuwara Eliya,7.012402,80.7571612,50,531580,-386785,129774
7106,Sri Lanka,Nuwara Eliya,7.012402,80.7571612,75,396934,-270703,104673
7107,Sri Lanka,Polonnaruwa,7.9962335,81.0491723,30,448990,-362661,175261
7108,Sri Lanka,Polonnaruwa,7.9962335,81.0491723,50,395091,-316432,157311
7109,Sri Lanka,Polonnaruwa,7.9962335,81.0491723,75,287736,-235661,117921
7110,Sri Lanka,Puttalam,7.9818403,79.8293371,30,660346,-520235,171459
7111,Sri Lanka,Puttalam,7.9818403,79.8293371,50,575029,-449088,146690
7112,Sri Lanka,Puttalam,7.9818403,79.8293371,75,398023,-325278,95513
7113,Sri Lanka,Ratnapura,6.5795685,80.588223,30,1072503,-826818,275806
7114,Sri Lanka,Ratnapura,6.5795685,80.588223,50,995521,-756286,256453
7115,Sri Lanka,Ratnapura,6.5795685,80.588223,75,748916,-551919,198469
7116,Sri Lanka,Trincomalee,8.576425,81.2344952,30,248586,-146965,138877
7117,Sri Lanka,Trincomalee,8.576425,81.2344952,50,227149,-134457,127605
7118,Sri Lanka,Trincomalee,8.576425,81.2344952,75,186967,-126246,104871
7119,Sri Lanka,Vavuniya,8.7593517,80.5000778,30,299844,-119057,139017
7120,Sri Lanka,Vavuniya,8.7593517,80.5000778,50,277816,-111048,130514
7121,Sri Lanka,Vavuniya,8.7593517,80.5000778,75,213068,-99637,106131
7122,Sudan,Al Jazirah,14.6671537,33.222361,30,146,-146,0
7123,Sudan,Al Jazirah,14.6671537,33.222361,50,146,-146,0
7124,Sudan,Al Jazirah,14.6671537,33.222361,75,146,-146,0
7125,Sudan,Al Qadarif,14.040941,35.398832,30,12127,-12113,1
7126,Sudan,Al Qadarif,14.040941,35.398832,50,12127,-12124,0
7127,Sudan,Al Qadarif,14.040941,35.398832,75,12127,-12124,0
7128,Sudan,Blue Nile,11.256454,34.0497188,30,171413,-168348,22281
7129,Sudan,Blue Nile,11.256454,34.0497188,50,126630,-125415,1088
7130,Sudan,Blue Nile,11.256454,34.0497188,75,124351,-123436,1
7131,Sudan,Central Darfur,12.1296734,23.173625,30,17774,-17707,8
7132,Sudan,Central Darfur,12.1296734,23.173625,50,17757,-17748,0
7133,Sudan,Central Darfur,12.1296734,23.173625,75,17756,-17747,0
7134,Sudan,East Darfur,10.949046,26.4871869,30,59592,-59582,1
7135,Sudan,East Darfur,10.949046,26.4871869,50,59592,-59588,0
7136,Sudan,East Darfur,10.949046,26.4871869,75,59592,-59588,0
7137,Sudan,Kassala,15.452011,36.3770699,30,202,-202,0
7138,Sudan,Kassala,15.452011,36.3770699,50,202,-202,0
7139,Sudan,Kassala,15.452011,36.3770699,75,202,-202,0
7140,Sudan,Khartoum,15.5038301,32.5738979,30,36,-36,0
7141,Sudan,Khartoum,15.5038301,32.5738979,50,36,-36,0
7142,Sudan,Khartoum,15.5038301,32.5738979,75,36,-36,0
7143,Sudan,North Darfur,15.8634242,25.8547433,30,2013,-2013,0
7144,Sudan,North Darfur,15.8634242,25.8547433,50,2013,-2013,0
7145,Sudan,North Darfur,15.8634242,25.8547433,75,2013,-2013,0
7146,Sudan,North Kurdufan,14.4169302,29.468369,30,1162,-1162,0
7147,Sudan,North Kurdufan,14.4169302,29.468369,50,1162,-1162,0
7148,Sudan,North Kurdufan,14.4169302,29.468369,75,1162,-1162,0
7149,Sudan,Northern,19.0,30.0,30,2880987,-2403151,540047
7150,Sudan,Northern,19.0,30.0,50,2630046,-2177470,495215
7151,Sudan,Northern,19.0,30.0,75,2378032,-1962428,446362
7152,Sudan,Northern,19.0,30.0,30,32471,-27639,407
7153,Sudan,Northern,19.0,30.0,50,32223,-30825,53
7154,Sudan,Northern,19.0,30.0,75,32191,-31269,3
7155,Sudan,Northern,19.0,30.0,30,11021657,2876332,2434926
7156,Sudan,Northern,19.0,30.0,50,5200724,2981469,1014675
7157,Sudan,Northern,19.0,30.0,75,1373152,-461750,41492
7158,Sudan,Northern,19.0,30.0,30,0,0,0
7159,Sudan,Northern,19.0,30.0,50,0,0,0
7160,Sudan,Northern,19.0,30.0,75,0,0,0
7161,Sudan,Northern,19.0,30.0,30,6910550,-2911191,3283320
7162,Sudan,Northern,19.0,30.0,50,1844192,-764932,711402
7163,Sudan,Northern,19.0,30.0,75,514879,-224588,2161
7164,Sudan,Red Sea,20.0,36.0,30,1233,-1057,18
7165,Sudan,Red Sea,20.0,36.0,50,1221,-1217,0
7166,Sudan,Red Sea,20.0,36.0,75,1221,-1221,0
7167,Sudan,River Nile,18.3881943,33.7451255,30,329,-326,0
7168,Sudan,River Nile,18.3881943,33.7451255,50,329,-326,0
7169,Sudan,River Nile,18.3881943,33.7451255,75,329,-326,0
7170,Sudan,Sennar,13.0,33.5,30,43759,-43741,1
7171,Sudan,Sennar,13.0,33.5,50,43759,-43748,0
7172,Sudan,Sennar,13.0,33.5,75,43759,-43752,0
7173,Sudan,South Darfur,11.0,25.0,30,184403,-171226,50400
7174,Sudan,South Darfur,11.0,25.0,50,51753,-50067,82
7175,Sudan,South Darfur,11.0,25.0,75,51632,-50863,0
7176,Sudan,South Kurdufan,11.0,31.0,30,250186,-250149,1
7177,Sudan,South Kurdufan,11.0,31.0,50,250183,-250156,0
7178,Sudan,South Kurdufan,11.0,31.0,75,250183,-250156,0
7179,Sudan,West Darfur,13.5110052,22.7033427,30,1075,-1056,0
7180,Sudan,West Darfur,13.5110052,22.7033427,50,1075,-1056,0
7181,Sudan,West Darfur,13.5110052,22.7033427,75,1075,-1056,0
7182,Sudan,West Kurdufan,12.0,28.5,30,270918,-270872,1
7183,Sudan,West Kurdufan,12.0,28.5,50,270917,-270876,0
7184,Sudan,West Kurdufan,12.0,28.5,75,270917,-270876,0
7185,Sudan,White Nile,12.4999838,32.5000166,30,223,-221,0
7186,Sudan,White Nile,12.4999838,32.5000166,50,223,-223,0
7187,Sudan,White Nile,12.4999838,32.5000166,75,223,-223,0
7188,Suriname,Brokopondo,4.8824813,-55.0725748,30,1365363,518373,588499
7189,Suriname,Brokopondo,4.8824813,-55.0725748,50,1345281,532504,584657
7190,Suriname,Brokopondo,4.8824813,-55.0725748,75,1309154,555157,577583
7191,Suriname,Commewijne,5.8401198,-54.9244431,30,1294337,-1054316,204088
7192,Suriname,Commewijne,5.8401198,-54.9244431,50,1285637,-1046652,202207
7193,Suriname,Commewijne,5.8401198,-54.9244431,75,1274528,-1037207,199511
7194,Suriname,Coronie,5.7468563,-56.2455162,30,864573,-795810,256944
7195,Suriname,Coronie,5.7468563,-56.2455162,50,827982,-760188,250754
7196,Suriname,Coronie,5.7468563,-56.2455162,75,764869,-698731,239465
7197,Suriname,Marowijne,5.7083272,-54.35369,30,1260141,-664854,416514
7198,Suriname,Marowijne,5.7083272,-54.35369,50,1239122,-644904,412658
7199,Suriname,Marowijne,5.7083272,-54.35369,75,1211553,-619744,407319
7200,Suriname,Nickerie,5.7183925,-56.8775105,30,1235003,-862289,408145
7201,Suriname,Nickerie,5.7183925,-56.8775105,50,1208736,-840041,403808
7202,Suriname,Nickerie,5.7183925,-56.8775105,75,1167404,-803074,396779
7203,Suriname,Para,5.3430413,-55.581341,30,1018608,-329933,515339
7204,Suriname,Para,5.3430413,-55.581341,50,994963,-310601,511418
7205,Suriname,Para,5.3430413,-55.581341,75,962378,-287791,505983
7206,Suriname,Paramaribo,5.8241764,-55.1662813,30,43013,-9822,5402
7207,Suriname,Paramaribo,5.8241764,-55.1662813,50,40654,-7875,4996
7208,Suriname,Paramaribo,5.8241764,-55.1662813,75,38837,-6828,4661
7209,Suriname,Saramacca,5.7870805,-55.6064574,30,1198732,-951530,332966
7210,Suriname,Saramacca,5.7870805,-55.6064574,50,1173290,-928603,328500
7211,Suriname,Saramacca,5.7870805,-55.6064574,75,1137318,-895357,321872
7212,Suriname,Sipaliwini,3.6815086,-55.961246,30,19867573,-15536658,11197081
7213,Suriname,Sipaliwini,3.6815086,-55.961246,50,19835976,-15508028,11191474
7214,Suriname,Sipaliwini,3.6815086,-55.961246,75,19791199,-15472323,11182591
7215,Suriname,Wanica,5.9068334,-55.2718431,30,119449,22106,24815
7216,Suriname,Wanica,5.9068334,-55.2718431,50,106908,31829,22779
7217,Suriname,Wanica,5.9068334,-55.2718431,75,94736,39124,20756
7218,Swaziland,Hhohho,-26.0988012,31.3630822,30,559112,494081,127030
7219,Swaziland,Hhohho,-26.0988012,31.3630822,50,355903,616808,66873
7220,Swaziland,Hhohho,-26.0988012,31.3630822,75,173300,477744,23310
7221,Swaziland,Lubombo,-26.55452,31.8619116,30,522356,-480199,135104
7222,Swaziland,Lubombo,-26.55452,31.8619116,50,139635,-129677,32838
7223,Swaziland,Lubombo,-26.55452,31.8619116,75,24214,-23215,1625
7224,Swaziland,Manzini,-26.4976444,31.3750815,30,633695,818812,126046
7225,Swaziland,Manzini,-26.4976444,31.3750815,50,406672,944359,65994
7226,Swaziland,Manzini,-26.4976444,31.3750815,75,258776,821467,30472
7227,Swaziland,Shiselweni,-27.036022,31.3321298,30,368502,70009,81043
7228,Swaziland,Shiselweni,-27.036022,31.3321298,50,185721,190618,33945
7229,Swaziland,Shiselweni,-27.036022,31.3321298,75,57200,103376,4834
7230,Sweden,Blekinge,56.1240605,15.4023088,30,1262406,-444361,219426
7231,Sweden,Blekinge,56.1240605,15.4023088,50,1188321,-379224,206268
7232,Sweden,Blekinge,56.1240605,15.4023088,75,945239,-198705,165342
7233,Sweden,Dalarna,61.0603779,14.2151224,30,9623291,-4227937,2183062
7234,Sweden,Dalarna,61.0603779,14.2151224,50,8395875,-3102561,1894518
7235,Sweden,Dalarna,61.0603779,14.2151224,75,5641756,-1026851,1285089
7236,Sweden,Gotland,57.4174802,18.5369579,30,700040,-459426,169507
7237,Sweden,Gotland,57.4174802,18.5369579,50,613478,-377301,147751
7238,Sweden,Gotland,57.4174802,18.5369579,75,415198,-207598,100002
7239,Sweden,Gävleborg,61.2682236,16.688925,30,6841806,-1670267,1562004
7240,Sweden,Gävleborg,61.2682236,16.688925,50,6373036,-1252669,1450614
7241,Sweden,Gävleborg,61.2682236,16.688925,75,4927689,-213115,1137016
7242,Sweden,Halland,56.9547859,12.8565682,30,2078020,-867301,364544
7243,Sweden,Halland,56.9547859,12.8565682,50,1916610,-719940,337409
7244,Sweden,Halland,56.9547859,12.8565682,75,1436382,-344591,256994
7245,Sweden,Jämtland,63.3465856,14.1237511,30,15905999,-9716549,3108539
7246,Sweden,Jämtland,63.3465856,14.1237511,50,13692285,-7606403,2658264
7247,Sweden,Jämtland,63.3465856,14.1237511,75,8693026,-3388100,1704221
7248,Sweden,Jönköping,57.7825634,14.165719,30,4425264,-1697008,813018
7249,Sweden,Jönköping,57.7825634,14.165719,50,4126216,-1435508,757296
7250,Sweden,Jönköping,57.7825634,14.165719,75,3285245,-819287,604226
7251,Sweden,Kalmar,56.6628826,16.3662382,30,4118683,-1162810,862734
7252,Sweden,Kalmar,56.6628826,16.3662382,50,3861465,-943829,806481
7253,Sweden,Kalmar,56.6628826,16.3662382,75,3040940,-393657,638480
7254,Sweden,Kronoberg,56.8007878,14.410897,30,3606895,-961091,696421
7255,Sweden,Kronoberg,56.8007878,14.410897,50,3315766,-719709,641531
7256,Sweden,Kronoberg,56.8007878,14.410897,75,2473690,-169728,486587
7257,Sweden,Norrbotten,66.5283936,22.9530598,30,24580272,-20344286,5356001
7258,Sweden,Norrbotten,66.5283936,22.9530598,50,17634732,-13613659,3832710
7259,Sweden,Norrbotten,66.5283936,22.9530598,75,5907017,-3324810,1291299
7260,Sweden,Orebro,59.2747287,15.2151181,30,3366751,-1008616,678897
7261,Sweden,Orebro,59.2747287,15.2151181,50,3164517,-824260,638816
7262,Sweden,Orebro,59.2747287,15.2151181,75,2381383,-211251,489849
7263,Sweden,Skåne,55.8472301,13.6339292,30,2736980,-1286418,451661
7264,Sweden,Skåne,55.8472301,13.6339292,50,2541470,-1107115,418801
7265,Sweden,Skåne,55.8472301,13.6339292,75,1899056,-596354,312972
7266,Sweden,Stockholm,59.3251172,18.0710935,30,2400373,-1404602,471509
7267,Sweden,Stockholm,59.3251172,18.0710935,50,2193222,-1209105,428109
7268,Sweden,Stockholm,59.3251172,18.0710935,75,1575471,-684636,310084
7269,Sweden,Södermanland,58.9600248,17.5332582,30,1938293,-245744,427764
7270,Sweden,Södermanland,58.9600248,17.5332582,50,1779184,-104989,392800
7271,Sweden,Södermanland,58.9600248,17.5332582,75,1237953,267935,278528
7272,Sweden,Uppsala,59.8586126,17.6387436,30,2313340,-540514,478613
7273,Sweden,Uppsala,59.8586126,17.6387436,50,2175294,-415950,447837
7274,Sweden,Uppsala,59.8586126,17.6387436,75,1627533,-14076,337817
7275,Sweden,Värmland,59.8907917,13.2949215,30,7668720,-3002326,1512582
7276,Sweden,Värmland,59.8907917,13.2949215,50,7203396,-2576590,1418360
7277,Sweden,Värmland,59.8907917,13.2949215,75,5722356,-1391449,1134374
7278,Sweden,Västerbotten,64.3063614,20.5002907,30,17842723,-11422626,3819496
7279,Sweden,Västerbotten,64.3063614,20.5002907,50,15116679,-8818995,3216582
7280,Sweden,Västerbotten,64.3063614,20.5002907,75,7825117,-2791686,1705816
7281,Sweden,Västernorrland,63.0478258,18.1014438,30,9298065,-3728438,1821486
7282,Sweden,Västernorrland,63.0478258,18.1014438,50,8515719,-2997124,1663401
7283,Sweden,Västernorrland,63.0478258,18.1014438,75,6319259,-1238488,1252822
7284,Sweden,Västmanland,59.6965564,15.6237045,30,1983728,-159550,441034
7285,Sweden,Västmanland,59.6965564,15.6237045,50,1840196,-34933,409171
7286,Sweden,Västmanland,59.6965564,15.6237045,75,1327251,305334,300553
7287,Sweden,Västra Götaland,58.2245513,12.6522185,30,9502684,-4703615,1694407
7288,Sweden,Västra Götaland,58.2245513,12.6522185,50,8783923,-4046513,1565126
7289,Sweden,Västra Götaland,58.2245513,12.6522185,75,6417511,-2171774,1151549
7290,Sweden,Östergötland,58.3678117,16.0463853,30,3636313,-1261523,751009
7291,Sweden,Östergötland,58.3678117,16.0463853,50,3353476,-1007578,691375
7292,Sweden,Östergötland,58.3678117,16.0463853,75,2293075,-245321,480724
7293,Switzerland,Aargau,47.412396,8.1948321,30,420332,-330970,53483
7294,Switzerland,Aargau,47.412396,8.1948321,50,400640,-311605,50868
7295,Switzerland,Aargau,47.412396,8.1948321,75,346474,-261365,43957
7296,Switzerland,Appenzell Ausserrhoden,47.3960076,9.3705839,30,91548,-80957,13575
7297,Switzerland,Appenzell Ausserrhoden,47.3960076,9.3705839,50,86740,-76184,12862
7298,Switzerland,Appenzell Ausserrhoden,47.3960076,9.3705839,75,65801,-55640,9758
7299,Switzerland,Appenzell Innerrhoden,47.3007262,9.3991527,30,57845,-48466,8839
7300,Switzerland,Appenzell Innerrhoden,47.3007262,9.3991527,50,54191,-44838,8278
7301,Switzerland,Appenzell Innerrhoden,47.3007262,9.3991527,75,40527,-31465,6199
7302,Switzerland,Basel-Landschaft,47.5092938,7.6588333,30,214666,-185605,22831
7303,Switzerland,Basel-Landschaft,47.5092938,7.6588333,50,203626,-174747,21545
7304,Switzerland,Basel-Landschaft,47.5092938,7.6588333,75,166207,-139875,17682
7305,Switzerland,Basel-Stadt,47.5579097,7.5927728,30,5939,-5543,784
7306,Switzerland,Basel-Stadt,47.5579097,7.5927728,50,4433,-4045,564
7307,Switzerland,Basel-Stadt,47.5579097,7.5927728,75,3436,-3082,430
7308,Switzerland,Bern,46.9484742,7.4521749,30,1681326,-1460555,236463
7309,Switzerland,Bern,46.9484742,7.4521749,50,1586430,-1367157,222434
7310,Switzerland,Bern,46.9484742,7.4521749,75,1202773,-1000482,168494
7311,Switzerland,Fribourg,46.6789116,7.1027113,30,357377,-291766,55649
7312,Switzerland,Fribourg,46.6789116,7.1027113,50,334951,-269799,52178
7313,Switzerland,Fribourg,46.6789116,7.1027113,75,255387,-195170,39899
7314,Switzerland,Genève,46.2017559,6.1466014,30,29278,-27518,4081
7315,Switzerland,Genève,46.2017559,6.1466014,50,24266,-22536,3370
7316,Switzerland,Genève,46.2017559,6.1466014,75,17420,-15824,2423
7317,Switzerland,Glarus,46.9796562,9.108812,30,208311,-200432,29668
7318,Switzerland,Glarus,46.9796562,9.108812,50,191385,-183603,27041
7319,Switzerland,Glarus,46.9796562,9.108812,75,147501,-140246,20549
7320,Switzerland,Graubünden,46.6960615,9.6027351,30,1478929,-1326511,233497
7321,Switzerland,Graubünden,46.6960615,9.6027351,50,1371390,-1220224,215828
7322,Switzerland,Graubünden,46.6960615,9.6027351,75,1057852,-917133,165266
7323,Switzerland,Jura,47.3566699,7.1598893,30,401038,-360828,39841
7324,Switzerland,Jura,47.3566699,7.1598893,50,386009,-345994,38309
7325,Switzerland,Jura,47.3566699,7.1598893,75,314547,-276978,31416
7326,Switzerland,Lucerne,47.0505452,8.3054682,30,422403,-362008,59179
7327,Switzerland,Lucerne,47.0505452,8.3054682,50,396375,-336309,55473
7328,Switzerland,Lucerne,47.0505452,8.3054682,75,306282,-249938,42768
7329,Switzerland,Neuchâtel,46.9895828,6.9292641,30,355421,-342844,35041
7330,Switzerland,Neuchâtel,46.9895828,6.9292641,50,342204,-329740,33751
7331,Switzerland,Neuchâtel,46.9895828,6.9292641,75,277926,-266921,27731
7332,Switzerland,Nidwalden,46.942756,8.4119773,30,77071,-72413,12655
7333,Switzerland,Nidwalden,46.942756,8.4119773,50,72231,-67594,11829
7334,Switzerland,Nidwalden,46.942756,8.4119773,75,57012,-52648,9287
7335,Switzerland,Obwalden,46.8613857,8.2067825,30,170734,-159810,25431
7336,Switzerland,Obwalden,46.8613857,8.2067825,50,160078,-149253,23804
7337,Switzerland,Obwalden,46.8613857,8.2067825,75,126258,-116270,18679
7338,Switzerland,Sankt Gallen,47.425618,9.3762397,30,654952,-612343,89564
7339,Switzerland,Sankt Gallen,47.425618,9.3762397,50,613379,-570998,83436
7340,Switzerland,Sankt Gallen,47.425618,9.3762397,75,475801,-435563,64336
7341,Switzerland,Schaffhausen,,,30,134357,-116638,12710
7342,Switzerland,Schaffhausen,,,50,130789,-113131,12325
7343,Switzerland,Schaffhausen,,,75,114081,-97204,10719
7344,Switzerland,Schwyz,,,30,317097,-292499,45016
7345,Switzerland,Schwyz,,,50,297203,-272704,42181
7346,Switzerland,Schwyz,,,75,231681,-208051,32889
7347,Switzerland,Solothurn,,,30,369267,-320874,35957
7348,Switzerland,Solothurn,,,50,355272,-307141,34529
7349,Switzerland,Solothurn,,,75,290189,-245666,28440
7350,Switzerland,Thurgau,,,30,197469,-156641,25521
7351,Switzerland,Thurgau,,,50,187123,-146430,23999
7352,Switzerland,Thurgau,,,75,155921,-116924,19746
7353,Switzerland,Ticino,,,30,955948,-915658,148167
7354,Switzerland,Ticino,,,50,905262,-865997,139793
7355,Switzerland,Ticino,,,75,719712,-685895,110306
7356,Switzerland,Uri,,,30,201797,-194797,31121
7357,Switzerland,Uri,,,50,184931,-178052,28454
7358,Switzerland,Uri,,,75,139586,-133390,21325
7359,Switzerland,Valais,,,30,864914,-810842,136352
7360,Switzerland,Valais,,,50,786358,-733399,123730
7361,Switzerland,Valais,,,75,595185,-548116,93035
7362,Switzerland,Vaud,,,30,918365,-783859,115239
7363,Switzerland,Vaud,,,50,874658,-740878,109500
7364,Switzerland,Vaud,,,75,720292,-594949,90195
7365,Switzerland,Zug,,,30,78293,-74943,9930
7366,Switzerland,Zug,,,50,73928,-70606,9355
7367,Switzerland,Zug,,,75,59244,-56071,7471
7368,Switzerland,Zürich,,,30,507686,-416826,63403
7369,Switzerland,Zürich,,,50,479686,-389176,59511
7370,Switzerland,Zürich,,,75,411639,-324735,51017
7371,Syria,Al Ḩasakah,,,30,1387,-1182,457
7372,Syria,Al Ḩasakah,,,50,1103,-931,363
7373,Syria,Al Ḩasakah,,,75,119,2,41
7374,Syria,Aleppo,,,30,24777,-15498,7287
7375,Syria,Aleppo,,,50,17493,-10696,5188
7376,Syria,Aleppo,,,75,6917,-4008,2021
7377,Syria,Ar Raqqah,,,30,5160,-4639,1612
7378,Syria,Ar Raqqah,,,50,3537,-3099,1110
7379,Syria,Ar Raqqah,,,75,1349,-1020,431
7380,Syria,As Suwayda',,,30,7,-7,1
7381,Syria,As Suwayda',,,50,5,-5,0
7382,Syria,As Suwayda',,,75,4,-4,0
7383,Syria,Damascus,,,30,5,-5,1
7384,Syria,Damascus,,,50,3,-3,0
7385,Syria,Damascus,,,75,3,-3,0
7386,Syria,Dar`a,,,30,195,-192,30
7387,Syria,Dar`a,,,50,152,-150,17
7388,Syria,Dar`a,,,75,92,-92,0
7389,Syria,Dayr Az Zawr,,,30,403,-310,134
7390,Syria,Dayr Az Zawr,,,50,241,-176,78
7391,Syria,Dayr Az Zawr,,,75,95,-60,31
7392,Syria,Hamah,,,30,81830,163,24223
7393,Syria,Hamah,,,50,63545,9369,18926
7394,Syria,Hamah,,,75,32086,11251,9737
7395,Syria,Hims,,,30,11171,-6809,2499
7396,Syria,Hims,,,50,7468,-4200,1576
7397,Syria,Hims,,,75,3415,-1926,582
7398,Syria,Idlib,,,30,14340,9634,4918
7399,Syria,Idlib,,,50,10996,10180,3889
7400,Syria,Idlib,,,75,6333,8108,2398
7401,Syria,Lattakia,,,30,207636,-55491,54448
7402,Syria,Lattakia,,,50,172765,-35945,45224
7403,Syria,Lattakia,,,75,106717,-10509,28303
7404,Syria,Quneitra,,,30,66,-66,1
7405,Syria,Quneitra,,,50,63,-63,1
7406,Syria,Quneitra,,,75,62,-62,0
7407,Syria,Rif Dimashq,,,30,646,-580,175
7408,Syria,Rif Dimashq,,,50,429,-376,84
7409,Syria,Rif Dimashq,,,75,245,-212,8
7410,Syria,Tartus,,,30,40166,-26742,10156
7411,Syria,Tartus,,,50,24234,-14890,5681
7412,Syria,Tartus,,,75,10919,-6915,1969
7413,Sao Tome and Principe,Príncipe,,,30,23463,-22416,3013
7414,Sao Tome and Principe,Príncipe,,,50,22661,-21615,2912
7415,Sao Tome and Principe,Príncipe,,,75,20927,-19881,2692
7416,Sao Tome and Principe,São Tomé,,,30,91410,-90517,11200
7417,Sao Tome and Principe,São Tomé,,,50,83996,-83105,10311
7418,Sao Tome and Principe,São Tomé,,,75,65179,-64299,8052
7419,Tajikistan,Districts of Republican Subordin,,,30,116687,-116372,18288
7420,Tajikistan,Districts of Republican Subordin,,,50,31165,-30963,3175
7421,Tajikistan,Districts of Republican Subordin,,,75,15158,-15028,291
7422,Tajikistan,Dushanbe,38.5856814,68.760331,30,300,-299,2
7423,Tajikistan,Dushanbe,38.5856814,68.760331,50,286,-286,0
7424,Tajikistan,Dushanbe,38.5856814,68.760331,75,286,-286,0
7425,Tajikistan,Gorno-Badakhshan,39.3841599,73.3227396,30,2906,-2894,352
7426,Tajikistan,Gorno-Badakhshan,39.3841599,73.3227396,50,2043,-2033,196
7427,Tajikistan,Gorno-Badakhshan,39.3841599,73.3227396,75,1080,-1074,10
7428,Tajikistan,Khatlon,37.8804734,69.2636923,30,66851,-64022,11267
7429,Tajikistan,Khatlon,37.8804734,69.2636923,50,23907,-21803,2971
7430,Tajikistan,Khatlon,37.8804734,69.2636923,75,13125,-12175,539
7431,Tajikistan,Sughd,40.5244768,69.9577679,30,170166,-169191,30348
7432,Tajikistan,Sughd,40.5244768,69.9577679,50,77489,-76788,13002
7433,Tajikistan,Sughd,40.5244768,69.9577679,75,36981,-36678,5405
7434,Tanzania,Arusha,-3.3696827,36.6880794,30,645203,-432558,237108
7435,Tanzania,Arusha,-3.3696827,36.6880794,50,425437,-236236,168403
7436,Tanzania,Arusha,-3.3696827,36.6880794,75,179815,-47643,75911
7437,Tanzania,Dar es Salaam,-6.8160837,39.2803583,30,136248,-32208,15875
7438,Tanzania,Dar es Salaam,-6.8160837,39.2803583,50,66424,-14612,6067
7439,Tanzania,Dar es Salaam,-6.8160837,39.2803583,75,36135,-26842,916
7440,Tanzania,Dodoma,-6.1791181,35.7468174,30,459251,-121948,205566
7441,Tanzania,Dodoma,-6.1791181,35.7468174,50,113553,-25199,33419
7442,Tanzania,Dodoma,-6.1791181,35.7468174,75,59551,-32123,6688
7443,Tanzania,Geita,-3.1865265,32.0855702,30,1793949,-1138695,660614
7444,Tanzania,Geita,-3.1865265,32.0855702,50,592276,-336382,203821
7445,Tanzania,Geita,-3.1865265,32.0855702,75,109370,-76538,8948
7446,Tanzania,Iringa,-7.7742718,35.4826339,30,2690159,697095,811712
7447,Tanzania,Iringa,-7.7742718,35.4826339,50,1415444,968652,419136
7448,Tanzania,Iringa,-7.7742718,35.4826339,75,816139,603451,160225
7449,Tanzania,Kagera,-1.5825315,31.4798031,30,3171288,-2392319,673688
7450,Tanzania,Kagera,-1.5825315,31.4798031,50,694996,-336957,126270
7451,Tanzania,Kagera,-1.5825315,31.4798031,75,164632,-97587,1272
7452,Tanzania,Kaskazini Pemba,-5.0153101,39.7313864,30,286138,-108147,35712
7453,Tanzania,Kaskazini Pemba,-5.0153101,39.7313864,50,242622,-80532,29766
7454,Tanzania,Kaskazini Pemba,-5.0153101,39.7313864,75,159293,-51639,16882
7455,Tanzania,Kaskazini Unguja,-5.9347636,39.2842761,30,182421,-10366,24647
7456,Tanzania,Kaskazini Unguja,-5.9347636,39.2842761,50,92681,7620,13177
7457,Tanzania,Kaskazini Unguja,-5.9347636,39.2842761,75,26193,-8307,2547
7458,Tanzania,Katavi,-6.3015493,30.9278274,30,5588044,-2880175,2502188
7459,Tanzania,Katavi,-6.3015493,30.9278274,50,1494210,-167609,634657
7460,Tanzania,Katavi,-6.3015493,30.9278274,75,171228,-133641,5109
7461,Tanzania,Kigoma,-4.5126571,30.0050533,30,3837529,-1493913,2013407
7462,Tanzania,Kigoma,-4.5126571,30.0050533,50,1823435,-529028,924642
7463,Tanzania,Kigoma,-4.5126571,30.0050533,75,195597,-139785,24400
7464,Tanzania,Kilimanjaro,-3.0786534,37.4198556,30,497037,-316921,218771
7465,Tanzania,Kilimanjaro,-3.0786534,37.4198556,50,318359,-170546,144642
7466,Tanzania,Kilimanjaro,-3.0786534,37.4198556,75,203107,-112265,91706
7467,Tanzania,Kusini Pemba,-5.2850214,39.7131087,30,266761,-181784,31489
7468,Tanzania,Kusini Pemba,-5.2850214,39.7131087,50,204214,-134322,22892
7469,Tanzania,Kusini Pemba,-5.2850214,39.7131087,75,105142,-75188,7970
7470,Tanzania,Kusini Unguja,-6.2083752,39.3579634,30,594506,14412,77257
7471,Tanzania,Kusini Unguja,-6.2083752,39.3579634,50,456314,55216,60269
7472,Tanzania,Kusini Unguja,-6.2083752,39.3579634,75,146613,-15206,16234
7473,Tanzania,Lindi,-9.3985098,37.8997467,30,11932885,-6402558,3812685
7474,Tanzania,Lindi,-9.3985098,37.8997467,50,5050632,-1152984,1568681
7475,Tanzania,Lindi,-9.3985098,37.8997467,75,1081840,-643496,47028
7476,Tanzania,Manyara,-4.072751,35.8521735,30,324816,49061,165194
7477,Tanzania,Manyara,-4.072751,35.8521735,50,111742,-60234,46236
7478,Tanzania,Manyara,-4.072751,35.8521735,75,55125,-41870,13068
7479,Tanzania,Mara,-1.6409527,33.8421608,30,222238,-132872,70705
7480,Tanzania,Mara,-1.6409527,33.8421608,50,40267,-5778,9253
7481,Tanzania,Mara,-1.6409527,33.8421608,75,18165,-9879,178
7482,Tanzania,Mbeya,-8.6131228,33.3341957,30,2242108,-468420,662884
7483,Tanzania,Mbeya,-8.6131228,33.3341957,50,203496,-23800,47268
7484,Tanzania,Mbeya,-8.6131228,33.3341957,75,106718,-32803,1765
7485,Tanzania,Mjini Magharibi,-6.1653854,39.2386951,30,105323,-31443,14926
7486,Tanzania,Mjini Magharibi,-6.1653854,39.2386951,50,63495,-4683,9351
7487,Tanzania,Mjini Magharibi,-6.1653854,39.2386951,75,12279,5094,1843
7488,Tanzania,Morogoro,-7.0842931,37.4232686,30,11608320,-5127710,3635717
7489,Tanzania,Morogoro,-7.0842931,37.4232686,50,6782207,-1909707,2129797
7490,Tanzania,Morogoro,-7.0842931,37.4232686,75,1523285,135074,415311
7491,Tanzania,Mtwara,-10.6990264,39.0217984,30,1561565,1433520,690971
7492,Tanzania,Mtwara,-10.6990264,39.0217984,50,729233,1337164,301427
7493,Tanzania,Mtwara,-10.6990264,39.0217984,75,300262,-122826,8782
7494,Tanzania,Mwanza,-2.5196915,32.9014417,30,24569,-14144,11523
7495,Tanzania,Mwanza,-2.5196915,32.9014417,50,7557,-3991,3190
7496,Tanzania,Mwanza,-2.5196915,32.9014417,75,1557,-1268,110
7497,Tanzania,Mwanza,-2.5196915,32.9014417,30,84632,-38268,50031
7498,Tanzania,Mwanza,-2.5196915,32.9014417,50,43945,-6440,19590
7499,Tanzania,Mwanza,-2.5196915,32.9014417,75,41486,-10302,5564
7500,Tanzania,Njombe,-9.1210886,34.4316775,30,2228165,316345,687832
7501,Tanzania,Njombe,-9.1210886,34.4316775,50,987987,473609,245731
7502,Tanzania,Njombe,-9.1210886,34.4316775,75,566082,41442,22403
7503,Tanzania,Pwani,-7.1160874,38.7300111,30,5470214,1141689,1636727
7504,Tanzania,Pwani,-7.1160874,38.7300111,50,3265470,1878411,907387
7505,Tanzania,Pwani,-7.1160874,38.7300111,75,1449428,267716,160977
7506,Tanzania,Rukwa,-7.7511321,30.9487902,30,1045826,-520890,641241
7507,Tanzania,Rukwa,-7.7511321,30.9487902,50,187272,-25924,151041
7508,Tanzania,Rukwa,-7.7511321,30.9487902,75,59028,-25243,1185
7509,Tanzania,Ruvuma,-10.749721,35.6616934,30,9912083,-5031519,3325429
7510,Tanzania,Ruvuma,-10.749721,35.6616934,50,3077484,-906615,988863
7511,Tanzania,Ruvuma,-10.749721,35.6616934,75,405889,-204772,43687
7512,Tanzania,Shinyanga,-3.7622225,33.2320361,30,291132,-148793,117382
7513,Tanzania,Shinyanga,-3.7622225,33.2320361,50,48936,-19788,17388
7514,Tanzania,Shinyanga,-3.7622225,33.2320361,75,12058,-10310,14
7515,Tanzania,Simiyu,-3.1328347,34.1837946,30,17517,-15700,5594
7516,Tanzania,Simiyu,-3.1328347,34.1837946,50,6716,-6375,206
7517,Tanzania,Simiyu,-3.1328347,34.1837946,75,6322,-6225,3
7518,Tanzania,Singida,-5.2902148,34.6367444,30,694937,104316,304517
7519,Tanzania,Singida,-5.2902148,34.6367444,50,39659,-5475,2243
7520,Tanzania,Singida,-5.2902148,34.6367444,75,37568,-25796,6
7521,Tanzania,Songwe,-8.2769421,32.8617443,30,1634541,-611473,620667
7522,Tanzania,Songwe,-8.2769421,32.8617443,50,207413,-90686,43065
7523,Tanzania,Songwe,-8.2769421,32.8617443,75,95917,-50024,275
7524,Tanzania,Tabora,-5.1913822,32.5080629,30,4118896,-341529,1534212
7525,Tanzania,Tabora,-5.1913822,32.5080629,50,219735,341297,81841
7526,Tanzania,Tabora,-5.1913822,32.5080629,75,80196,-65025,26
7527,Tanzania,Tanga,-5.202134,38.2275548,30,3221133,-865055,920861
7528,Tanzania,Tanga,-5.202134,38.2275548,50,1391477,-63555,343848
7529,Tanzania,Tanga,-5.202134,38.2275548,75,620627,-272452,90629
7530,Thailand,Amnat Charoen,15.9949473,104.7328575,30,201545,231916,36188
7531,Thailand,Amnat Charoen,15.9949473,104.7328575,50,130133,235475,24591
7532,Thailand,Amnat Charoen,15.9949473,104.7328575,75,49192,118289,7580
7533,Thailand,Ang Thong,14.6495224,100.3170382,30,12488,-10738,3041
7534,Thailand,Ang Thong,14.6495224,100.3170382,50,6783,-5481,1428
7535,Thailand,Ang Thong,14.6495224,100.3170382,75,2725,-2376,262
7536,Thailand,Bangkok Metropolis,,,30,29827,-26151,4727
7537,Thailand,Bangkok Metropolis,,,50,21681,-18365,2308
7538,Thailand,Bangkok Metropolis,,,75,16197,-14199,527
7539,Thailand,Bueng Kan,18.2329562,103.8267114,30,1194908,-682170,39679
7540,Thailand,Bueng Kan,18.2329562,103.8267114,50,1090634,-676077,26220
7541,Thailand,Bueng Kan,18.2329562,103.8267114,75,962014,-706119,9405
7542,Thailand,Buri Ram,14.6107101,102.6453162,30,529189,-406428,70379
7543,Thailand,Buri Ram,14.6107101,102.6453162,50,462641,-360636,57550
7544,Thailand,Buri Ram,14.6107101,102.6453162,75,399345,-321137,44710
7545,Thailand,Chachoengsao,13.6093192,101.5467201,30,744535,-472192,88730
7546,Thailand,Chachoengsao,13.6093192,101.5467201,50,707059,-475270,80564
7547,Thailand,Chachoengsao,13.6093192,101.5467201,75,626358,-456453,66331
7548,Thailand,Chai Nat,15.1453182,99.9010244,30,39592,-28767,7897
7549,Thailand,Chai Nat,15.1453182,99.9010244,50,22375,-15793,3758
7550,Thailand,Chai Nat,15.1453182,99.9010244,75,9207,-7051,786
7551,Thailand,Chaiyaphum,16.2720349,101.7153824,30,1240996,-1185288,303151
7552,Thailand,Chaiyaphum,16.2720349,101.7153824,50,1001732,-956610,251929
7553,Thailand,Chaiyaphum,16.2720349,101.7153824,75,415774,-386252,87298
7554,Thailand,Chanthaburi,12.9081033,102.0159145,30,3331943,-1748295,356691
7555,Thailand,Chanthaburi,12.9081033,102.0159145,50,2956856,-1598470,312795
7556,Thailand,Chanthaburi,12.9081033,102.0159145,75,1994927,-1343208,206589
7557,Thailand,Chiang Mai,18.7882778,98.9858802,30,3542637,-460439,1606885
7558,Thailand,Chiang Mai,18.7882778,98.9858802,50,3010281,-170003,1437974
7559,Thailand,Chiang Mai,18.7882778,98.9858802,75,1291409,316888,699163
7560,Thailand,Chiang Rai,19.7589517,99.6734592,30,1453228,-664188,544970
7561,Thailand,Chiang Rai,19.7589517,99.6734592,50,1320820,-631492,489230
7562,Thailand,Chiang Rai,19.7589517,99.6734592,75,847527,-498008,261885
7563,Thailand,Chon Buri,13.1857117,101.1210777,30,876455,-459934,71514
7564,Thailand,Chon Buri,13.1857117,101.1210777,50,777983,-430339,58323
7565,Thailand,Chon Buri,13.1857117,101.1210777,75,566913,-397528,33038
7566,Thailand,Chumphon,10.4961355,99.1778731,30,2651341,123691,443076
7567,Thailand,Chumphon,10.4961355,99.1778731,50,2448028,218537,410231
7568,Thailand,Chumphon,10.4961355,99.1778731,75,1705982,258837,291034
7569,Thailand,Kalasin,16.5912597,103.6525467,30,392649,-324839,42092
7570,Thailand,Kalasin,16.5912597,103.6525467,50,277736,-233507,27041
7571,Thailand,Kalasin,16.5912597,103.6525467,75,122898,-98908,2329
7572,Thailand,Kamphaeng Phet,16.4183581,99.6111616,30,574824,-486568,193402
7573,Thailand,Kamphaeng Phet,16.4183581,99.6111616,50,497427,-432941,171295
7574,Thailand,Kamphaeng Phet,16.4183581,99.6111616,75,234243,-203745,85036
7575,Thailand,Kanchanaburi,14.44019,99.2676727,30,3562548,-2724096,1027848
7576,Thailand,Kanchanaburi,14.44019,99.2676727,50,3137684,-2428020,923729
7577,Thailand,Kanchanaburi,14.44019,99.2676727,75,2164731,-1777694,652684
7578,Thailand,Khon Kaen,16.6022387,102.6352933,30,488890,-461890,71729
7579,Thailand,Khon Kaen,16.6022387,102.6352933,50,350762,-330822,46771
7580,Thailand,Khon Kaen,16.6022387,102.6352933,75,87030,-72722,3537
7581,Thailand,Krabi,8.1111653,99.1097298,30,2777241,1605949,377218
7582,Thailand,Krabi,8.1111653,99.1097298,50,2687267,1598236,361486
7583,Thailand,Krabi,8.1111653,99.1097298,75,2208919,1201773,281694
7584,Thailand,Lampang,18.6799728,99.7332501,30,2897027,-2155873,857116
7585,Thailand,Lampang,18.6799728,99.7332501,50,2400904,-1783277,766388
7586,Thailand,Lampang,18.6799728,99.7332501,75,627800,-413970,289665
7587,Thailand,Lamphun,18.2661422,98.96749,30,793996,-525775,241864
7588,Thailand,Lamphun,18.2661422,98.96749,50,662142,-434449,199289
7589,Thailand,Lamphun,18.2661422,98.96749,75,242252,-157166,45347
7590,Thailand,Loei,17.3158563,101.4638277,30,1731357,-1380390,357843
7591,Thailand,Loei,17.3158563,101.4638277,50,1454263,-1182558,279211
7592,Thailand,Loei,17.3158563,101.4638277,75,857618,-769471,78821
7593,Thailand,Lop Buri,15.026458,100.8089178,30,200339,-187647,34527
7594,Thailand,Lop Buri,15.026458,100.8089178,50,126804,-118475,17814
7595,Thailand,Lop Buri,15.026458,100.8089178,75,72750,-68632,3947
7596,Thailand,Mae Hong Son,19.3927456,98.2031112,30,2747796,-152642,1155956
7597,Thailand,Mae Hong Son,19.3927456,98.2031112,50,2585542,-137749,1100036
7598,Thailand,Mae Hong Son,19.3927456,98.2031112,75,1199873,243090,593747
7599,Thailand,Maha Sarakham,15.9041448,103.0840638,30,19453,-16244,1880
7600,Thailand,Maha Sarakham,15.9041448,103.0840638,50,12781,-10479,490
7601,Thailand,Maha Sarakham,15.9041448,103.0840638,75,11019,-9532,57
7602,Thailand,Mukdahan,16.6972385,104.3470293,30,721012,-333835,127471
7603,Thailand,Mukdahan,16.6972385,104.3470293,50,595164,-304926,103421
7604,Thailand,Mukdahan,16.6972385,104.3470293,75,233127,-151797,20125
7605,Thailand,Nakhon Nayok,14.1494474,101.2177459,30,180432,-146011,71961
7606,Thailand,Nakhon Nayok,14.1494474,101.2177459,50,159722,-130884,67989
7607,Thailand,Nakhon Nayok,14.1494474,101.2177459,75,121387,-104635,59047
7608,Thailand,Nakhon Pathom,13.8918425,100.0165659,30,74071,-64471,17177
7609,Thailand,Nakhon Pathom,13.8918425,100.0165659,50,43517,-35799,9051
7610,Thailand,Nakhon Pathom,13.8918425,100.0165659,75,16290,-13130,2004
7611,Thailand,Nakhon Phanom,17.4032129,104.7852892,30,633941,-126088,76795
7612,Thailand,Nakhon Phanom,17.4032129,104.7852892,50,458329,-112496,49313
7613,Thailand,Nakhon Phanom,17.4032129,104.7852892,75,182144,-118526,6049
7614,Thailand,Nakhon Ratchasima,14.9747339,102.0981161,30,1312210,-1112391,277094
7615,Thailand,Nakhon Ratchasima,14.9747339,102.0981161,50,1081024,-924295,240367
7616,Thailand,Nakhon Ratchasima,14.9747339,102.0981161,75,811881,-717962,191347
7617,Thailand,Nakhon Sawan,15.7054772,99.9288481,30,247676,-199094,75340
7618,Thailand,Nakhon Sawan,15.7054772,99.9288481,50,190402,-155743,59902
7619,Thailand,Nakhon Sawan,15.7054772,99.9288481,75,73572,-59155,21724
7620,Thailand,Nakhon Si Thammarat,8.4327951,99.9627967,30,4991005,1200966,625880
7621,Thailand,Nakhon Si Thammarat,8.4327951,99.9627967,50,4680333,1334554,582218
7622,Thailand,Nakhon Si Thammarat,8.4327951,99.9627967,75,3511989,1082490,440114
7623,Thailand,Nan,18.7544594,100.624804,30,2916689,-925316,939164
7624,Thailand,Nan,18.7544594,100.624804,50,2710285,-877082,877635
7625,Thailand,Nan,18.7544594,100.624804,75,1720761,-710447,552826
7626,Thailand,Narathiwat,6.4350352,101.8228923,30,1741965,403379,377414
7627,Thailand,Narathiwat,6.4350352,101.8228923,50,1690430,433994,366725
7628,Thailand,Narathiwat,6.4350352,101.8228923,75,1506044,490256,329564
7629,Thailand,Nong Bua Lam Phu,17.2022252,102.440702,30,161885,-142806,26597
7630,Thailand,Nong Bua Lam Phu,17.2022252,102.440702,50,114679,-102546,12616
7631,Thailand,Nong Bua Lam Phu,17.2022252,102.440702,75,79933,-73002,152
7632,Thailand,Nong Khai,17.9301421,102.4649809,30,456616,-294355,30156
7633,Thailand,Nong Khai,17.9301421,102.4649809,50,401041,-282871,20827
7634,Thailand,Nong Khai,17.9301421,102.4649809,75,314638,-248482,5595
7635,Thailand,Nonthaburi,13.8610918,100.3456772,30,21793,-18698,4269
7636,Thailand,Nonthaburi,13.8610918,100.3456772,50,13604,-10880,2320
7637,Thailand,Nonthaburi,13.8610918,100.3456772,75,6263,-5253,553
7638,Thailand,Pathum Thani,14.048667,100.5640405,30,29846,-26719,5288
7639,Thailand,Pathum Thani,14.048667,100.5640405,50,16030,-13653,2006
7640,Thailand,Pathum Thani,14.048667,100.5640405,75,9037,-8157,363
7641,Thailand,Pattani,6.8676239,101.2498138,30,633653,-200814,90957
7642,Thailand,Pattani,6.8676239,101.2498138,50,580452,-161830,80560
7643,Thailand,Pattani,6.8676239,101.2498138,75,443930,-112466,53533
7644,Thailand,Phangnga,8.4939953,98.4793793,30,2134560,-4922,340210
7645,Thailand,Phangnga,8.4939953,98.4793793,50,2081852,4845,329791
7646,Thailand,Phangnga,8.4939953,98.4793793,75,1892854,-89446,291572
7647,Thailand,Phatthalung,7.6209574,100.0857001,30,1281704,247464,175301
7648,Thailand,Phatthalung,7.6209574,100.0857001,50,1194773,258930,161410
7649,Thailand,Phatthalung,7.6209574,100.0857001,75,825023,81956,109598
7650,Thailand,Phayao,19.341673,100.1854539,30,653043,-250121,330554
7651,Thailand,Phayao,19.341673,100.1854539,50,583300,-223736,303263
7652,Thailand,Phayao,19.341673,100.1854539,75,325966,-152868,177455
7653,Thailand,Phetchabun,16.3293171,100.9552749,30,1679084,-1540980,375456
7654,Thailand,Phetchabun,16.3293171,100.9552749,50,1373003,-1267786,313181
7655,Thailand,Phetchabun,16.3293171,100.9552749,75,484462,-442482,99956
7656,Thailand,Phetchaburi,13.0692869,99.6044376,30,1178747,-922530,326930
7657,Thailand,Phetchaburi,13.0692869,99.6044376,50,1064424,-843478,310541
7658,Thailand,Phetchaburi,13.0692869,99.6044376,75,881620,-730715,279526
7659,Thailand,Phichit,16.4551073,100.1924695,30,42734,-22472,6377
7660,Thailand,Phichit,16.4551073,100.1924695,50,31867,-17003,3211
7661,Thailand,Phichit,16.4551073,100.1924695,75,24425,-14978,895
7662,Thailand,Phitsanulok,16.9779975,100.3848239,30,1851090,-1609601,405846
7663,Thailand,Phitsanulok,16.9779975,100.3848239,50,1704778,-1514870,369640
7664,Thailand,Phitsanulok,16.9779975,100.3848239,75,966871,-882714,177988
7665,Thailand,Phra Nakhon Si Ayutthaya,14.3189468,100.5111681,30,36174,-33132,7571
7666,Thailand,Phra Nakhon Si Ayutthaya,14.3189468,100.5111681,50,22164,-19818,3975
7667,Thailand,Phra Nakhon Si Ayutthaya,14.3189468,100.5111681,75,11420,-10409,1252
7668,Thailand,Phrae,18.2930601,100.0886757,30,1462232,-877974,466317
7669,Thailand,Phrae,18.2930601,100.0886757,50,1332180,-804954,435278
7670,Thailand,Phrae,18.2930601,100.0886757,75,588452,-360217,216163
7671,Thailand,Phuket,7.9366015,98.3529292,30,195838,17980,33081
7672,Thailand,Phuket,7.9366015,98.3529292,50,184960,19610,30903
7673,Thailand,Phuket,7.9366015,98.3529292,75,154694,-162,24294
7674,Thailand,Prachin Buri,14.1542055,101.5547823,30,689217,-523324,157393
7675,Thailand,Prachin Buri,14.1542055,101.5547823,50,622037,-474778,145111
7676,Thailand,Prachin Buri,14.1542055,101.5547823,75,465882,-347038,112982
7677,Thailand,Prachuap Khiri Khan,12.0432669,99.7487235,30,1315291,-612368,308682
7678,Thailand,Prachuap Khiri Khan,12.0432669,99.7487235,50,1169001,-527302,283973
7679,Thailand,Prachuap Khiri Khan,12.0432669,99.7487235,75,863824,-391745,228922
7680,Thailand,Ranong,9.964128,98.6340038,30,1932052,-1000453,271505
7681,Thailand,Ranong,9.964128,98.6340038,50,1864647,-962095,262773
7682,Thailand,Ranong,9.964128,98.6340038,75,1552747,-831417,226005
7683,Thailand,Ratchaburi,13.6317897,99.3558216,30,644160,-432339,143788
7684,Thailand,Ratchaburi,13.6317897,99.3558216,50,544975,-367964,121837
7685,Thailand,Ratchaburi,13.6317897,99.3558216,75,355055,-252220,76325
7686,Thailand,Rayong,12.7943716,101.3705344,30,1235807,17476,126328
7687,Thailand,Rayong,12.7943716,101.3705344,50,1043732,14389,101015
7688,Thailand,Rayong,12.7943716,101.3705344,75,562379,-152223,41719
7689,Thailand,Roi Et,15.7486448,103.7013017,30,192585,-104256,20548
7690,Thailand,Roi Et,15.7486448,103.7013017,50,111316,-55700,10735
7691,Thailand,Roi Et,15.7486448,103.7013017,75,60071,-34497,2344
7692,Thailand,Sa Kaeo,13.7686129,102.1345352,30,783291,-563737,138828
7693,Thailand,Sa Kaeo,13.7686129,102.1345352,50,722588,-526708,127083
7694,Thailand,Sa Kaeo,13.7686129,102.1345352,75,624159,-451368,105898
7695,Thailand,Sakon Nakhon,17.1904453,103.9730898,30,833722,-582388,120235
7696,Thailand,Sakon Nakhon,17.1904453,103.9730898,50,633479,-494660,85233
7697,Thailand,Sakon Nakhon,17.1904453,103.9730898,75,259717,-220429,9135
7698,Thailand,Samut Prakan,13.6531651,100.8182578,30,37229,-33775,3143
7699,Thailand,Samut Prakan,13.6531651,100.8182578,50,31182,-28118,1868
7700,Thailand,Samut Prakan,13.6531651,100.8182578,75,23064,-21032,326
7701,Thailand,Samut Sakhon,13.5708192,100.2585874,30,81567,-60282,14809
7702,Thailand,Samut Sakhon,13.5708192,100.2585874,50,60472,-40591,9108
7703,Thailand,Samut Sakhon,13.5708192,100.2585874,75,37684,-21861,2448
7704,Thailand,Samut Songkhram,13.3576862,99.9619685,30,118048,-89699,18362
7705,Thailand,Samut Songkhram,13.3576862,99.9619685,50,108493,-81336,16002
7706,Thailand,Samut Songkhram,13.3576862,99.9619685,75,69563,-49958,7790
7707,Thailand,Saraburi,14.6240563,100.8601022,30,470938,-392964,75002
7708,Thailand,Saraburi,14.6240563,100.8601022,50,362018,-300628,58546
7709,Thailand,Saraburi,14.6240563,100.8601022,75,209714,-179366,34739
7710,Thailand,Satun,7.0366682,99.9615397,30,1905444,-367673,207089
7711,Thailand,Satun,7.0366682,99.9615397,50,1862157,-368434,199643
7712,Thailand,Satun,7.0366682,99.9615397,75,1647121,-562429,165440
7713,Thailand,Si Sa Ket,14.9222,104.4439596,30,894540,-614684,101007
7714,Thailand,Si Sa Ket,14.9222,104.4439596,50,804140,-560887,88586
7715,Thailand,Si Sa Ket,14.9222,104.4439596,75,688867,-509234,71192
7716,Thailand,Sing Buri,14.9936716,100.3602963,30,8073,-6448,1761
7717,Thailand,Sing Buri,14.9936716,100.3602963,50,4442,-3312,731
7718,Thailand,Sing Buri,14.9936716,100.3602963,75,2381,-1965,127
7719,Thailand,Songkhla,7.1973429,100.593205,30,3579569,1613046,452616
7720,Thailand,Songkhla,7.1973429,100.593205,50,3397110,1642465,423914
7721,Thailand,Songkhla,7.1973429,100.593205,75,2554244,1154836,308923
7722,Thailand,Sukhothai,17.1446985,99.4375845,30,755501,-351745,202592
7723,Thailand,Sukhothai,17.1446985,99.4375845,50,675104,-324848,180718
7724,Thailand,Sukhothai,17.1446985,99.4375845,75,312137,-117524,87592
7725,Thailand,Suphan Buri,14.6777,100.0350785,30,207640,-173699,65182
7726,Thailand,Suphan Buri,14.6777,100.0350785,50,142994,-115213,45941
7727,Thailand,Suphan Buri,14.6777,100.0350785,75,52219,-40305,13971
7728,Thailand,Surat Thani,9.1404136,99.3241347,30,6729897,4455251,1027548
7729,Thailand,Surat Thani,9.1404136,99.3241347,50,6371671,4493930,979384
7730,Thailand,Surat Thani,9.1404136,99.3241347,75,4820771,3623889,786223
7731,Thailand,Surin,15.0610142,103.7613123,30,436785,-346399,59453
7732,Thailand,Surin,15.0610142,103.7613123,50,401682,-326052,50512
7733,Thailand,Surin,15.0610142,103.7613123,75,336584,-284434,34617
7734,Thailand,Tak,17.1053568,98.9953943,30,3015555,-962927,1223371
7735,Thailand,Tak,17.1053568,98.9953943,50,2505186,-617605,1109012
7736,Thailand,Tak,17.1053568,98.9953943,75,1112516,-101765,649927
7737,Thailand,Trang,7.5557778,99.6076502,30,3183171,1080126,372620
7738,Thailand,Trang,7.5557778,99.6076502,50,3028674,1067860,350993
7739,Thailand,Trang,7.5557778,99.6076502,75,2391139,499228,263691
7740,Thailand,Trat,12.2593544,102.4268871,30,1714847,-754498,161850
7741,Thailand,Trat,12.2593544,102.4268871,50,1538231,-720246,141212
7742,Thailand,Trat,12.2593544,102.4268871,75,1151356,-655824,97695
7743,Thailand,Ubon Ratchathani,15.1879684,105.3269544,30,1223763,-425422,239415
7744,Thailand,Ubon Ratchathani,15.1879684,105.3269544,50,982787,-352851,192871
7745,Thailand,Ubon Ratchathani,15.1879684,105.3269544,75,660896,-386156,120473
7746,Thailand,Udon Thani,17.5211917,102.6680012,30,763689,-558138,87100
7747,Thailand,Udon Thani,17.5211917,102.6680012,50,615658,-477724,55322
7748,Thailand,Udon Thani,17.5211917,102.6680012,75,420042,-352602,8459
7749,Thailand,Uthai Thani,15.3912084,99.4560531,30,686495,-578796,322642
7750,Thailand,Uthai Thani,15.3912084,99.4560531,50,624251,-533531,302823
7751,Thailand,Uthai Thani,15.3912084,99.4560531,75,360670,-307821,199133
7752,Thailand,Uttaradit,17.625163,100.4029452,30,1433751,-1045646,462456
7753,Thailand,Uttaradit,17.625163,100.4029452,50,1306311,-965559,427545
7754,Thailand,Uttaradit,17.625163,100.4029452,75,628208,-467842,216024
7755,Thailand,Yala,6.3344846,101.1409694,30,1794224,204901,398091
7756,Thailand,Yala,6.3344846,101.1409694,50,1759945,220325,391553
7757,Thailand,Yala,6.3344846,101.1409694,75,1573897,256057,358123
7758,Thailand,Yasothon,16.0282186,104.2748479,30,173989,-6500,20428
7759,Thailand,Yasothon,16.0282186,104.2748479,50,102240,17251,9913
7760,Thailand,Yasothon,16.0282186,104.2748479,75,64309,-8456,2339
7761,Timor-Leste,Aileu,-8.7049799,125.6625518,30,78658,-54948,26763
7762,Timor-Leste,Aileu,-8.7049799,125.6625518,50,57963,-35250,20595
7763,Timor-Leste,Aileu,-8.7049799,125.6625518,75,36386,-16798,13462
7764,Timor-Leste,Ainaro,-8.9895601,125.509338,30,157878,-92059,39013
7765,Timor-Leste,Ainaro,-8.9895601,125.509338,50,122849,-60930,31370
7766,Timor-Leste,Ainaro,-8.9895601,125.509338,75,79384,-27801,20776
7767,Timor-Leste,Ambeno,-9.3349191,124.2510693,30,45817,-15581,19142
7768,Timor-Leste,Ambeno,-9.3349191,124.2510693,50,34578,-8814,14221
7769,Timor-Leste,Ambeno,-9.3349191,124.2510693,75,22973,-5109,8944
7770,Timor-Leste,Baucau,-8.4650462,126.4585621,30,203055,-181401,53069
7771,Timor-Leste,Baucau,-8.4650462,126.4585621,50,166831,-146748,42890
7772,Timor-Leste,Baucau,-8.4650462,126.4585621,75,106620,-91521,26292
7773,Timor-Leste,Bobonaro,-8.974555,125.2306505,30,250244,-166927,66709
7774,Timor-Leste,Bobonaro,-8.974555,125.2306505,50,200903,-127449,52674
7775,Timor-Leste,Bobonaro,-8.974555,125.2306505,75,139023,-86247,34833
7776,Timor-Leste,Covalima,-9.2352985,125.2329359,30,349564,-206746,76377
7777,Timor-Leste,Covalima,-9.2352985,125.2329359,50,298721,-163294,65857
7778,Timor-Leste,Covalima,-9.2352985,125.2329359,75,211275,-97846,47423
7779,Timor-Leste,Dili,-8.5536809,125.5784093,30,18568,-14238,8145
7780,Timor-Leste,Dili,-8.5536809,125.5784093,50,14724,-10766,6368
7781,Timor-Leste,Dili,-8.5536809,125.5784093,75,9986,-7187,4154
7782,Timor-Leste,Ermera,-8.8171153,125.3830283,30,170609,-129503,45759
7783,Timor-Leste,Ermera,-8.8171153,125.3830283,50,146066,-106320,39633
7784,Timor-Leste,Ermera,-8.8171153,125.3830283,75,109429,-74137,29747
7785,Timor-Leste,Lautém,-8.5409523,126.95777,30,460827,-318269,109846
7786,Timor-Leste,Lautém,-8.5409523,126.95777,50,430799,-291630,101811
7787,Timor-Leste,Lautém,-8.5409523,126.95777,75,338293,-214351,80006
7788,Timor-Leste,Liquiçá,-8.655061,125.2751452,30,73257,-39007,31093
7789,Timor-Leste,Liquiçá,-8.655061,125.2751452,50,65311,-32804,27644
7790,Timor-Leste,Liquiçá,-8.655061,125.2751452,75,49545,-21832,20761
7791,Timor-Leste,Manatuto,-8.76725,125.9340661,30,339945,-298108,75137
7792,Timor-Leste,Manatuto,-8.76725,125.9340661,50,280290,-240983,62369
7793,Timor-Leste,Manatuto,-8.76725,125.9340661,75,175856,-144875,39531
7794,Timor-Leste,Manufahi,-8.96666,125.7810921,30,351854,-283151,70374
7795,Timor-Leste,Manufahi,-8.96666,125.7810921,50,296406,-230725,59458
7796,Timor-Leste,Manufahi,-8.96666,125.7810921,75,202752,-146554,40725
7797,Timor-Leste,Viqueque,-8.8093252,126.3218047,30,617962,-533764,104810
7798,Timor-Leste,Viqueque,-8.8093252,126.3218047,50,543446,-462403,92010
7799,Timor-Leste,Viqueque,-8.8093252,126.3218047,75,376115,-307147,63137
7800,Togo,Centre,6.8327834,2.2120929,30,1151,-1151,0
7801,Togo,Centre,6.8327834,2.2120929,50,1151,-1151,0
7802,Togo,Centre,6.8327834,2.2120929,75,1151,-1151,0
7803,Togo,Centre,6.8327834,2.2120929,30,26739308,-8909607,6005778
7804,Togo,Centre,6.8327834,2.2120929,50,21842492,-5127110,5204351
7805,Togo,Centre,6.8327834,2.2120929,75,9774836,-372422,2905955
7806,Togo,Centre,6.8327834,2.2120929,30,320562,-272659,64410
7807,Togo,Centre,6.8327834,2.2120929,50,186251,-147273,37668
7808,Togo,Centre,6.8327834,2.2120929,75,80568,-57482,16013
7809,Togo,Centre,6.8327834,2.2120929,30,768007,-240170,176457
7810,Togo,Centre,6.8327834,2.2120929,50,177362,-93244,18157
7811,Togo,Centre,6.8327834,2.2120929,75,61429,-49233,41
7812,Togo,Kara,9.541111,0.7876018,30,49785,-42917,10237
7813,Togo,Kara,9.541111,0.7876018,50,30464,-28628,141
7814,Togo,Kara,9.541111,0.7876018,75,30281,-29168,0
7815,Togo,Maritime,6.5175177,1.2045805,30,206868,-104960,13573
7816,Togo,Maritime,6.5175177,1.2045805,50,114689,-59464,1158
7817,Togo,Maritime,6.5175177,1.2045805,75,112266,-69158,134
7818,Togo,Plateaux,7.450501,1.0892702,30,7230488,-4231314,1270356
7819,Togo,Plateaux,7.450501,1.0892702,50,4923628,-2088977,961401
7820,Togo,Plateaux,7.450501,1.0892702,75,1251794,-615292,366315
7821,Togo,Plateaux,7.450501,1.0892702,30,2768462,-1687271,351208
7822,Togo,Plateaux,7.450501,1.0892702,50,983032,-644550,103271
7823,Togo,Plateaux,7.450501,1.0892702,75,149634,-118463,261
7824,Togo,Savanes,10.511559,0.4653751,30,1039147,-461576,96999
7825,Togo,Savanes,10.511559,0.4653751,50,863198,-685300,6754
7826,Togo,Savanes,10.511559,0.4653751,75,850719,-685964,55
7827,Togo,Savanes,10.511559,0.4653751,30,5688,-5629,4
7828,Togo,Savanes,10.511559,0.4653751,50,5683,-5647,2
7829,Togo,Savanes,10.511559,0.4653751,75,5681,-5656,0
7830,Tunisia,Ariana,36.9685735,10.1219855,30,1111,-571,261
7831,Tunisia,Ariana,36.9685735,10.1219855,50,715,-345,161
7832,Tunisia,Ariana,36.9685735,10.1219855,75,355,-176,73
7833,Tunisia,Ben Arous (Tunis Sud),,,30,18638,-16157,2738
7834,Tunisia,Ben Arous (Tunis Sud),,,50,11972,-10527,1683
7835,Tunisia,Ben Arous (Tunis Sud),,,75,4421,-3889,547
7836,Tunisia,Bizerte,37.2720905,9.8708565,30,218885,-108266,45787
7837,Tunisia,Bizerte,37.2720905,9.8708565,50,189744,-88186,39246
7838,Tunisia,Bizerte,37.2720905,9.8708565,75,118045,-46020,23805
7839,Tunisia,Béja,36.7236755,9.185382,30,126760,-86391,26205
7840,Tunisia,Béja,36.7236755,9.185382,50,105895,-69774,21700
7841,Tunisia,Béja,36.7236755,9.185382,75,71293,-43844,14352
7842,Tunisia,Gabès,33.8878082,10.10044,30,40,-40,0
7843,Tunisia,Gabès,33.8878082,10.10044,50,40,-40,0
7844,Tunisia,Gabès,33.8878082,10.10044,75,40,-40,0
7845,Tunisia,Gafsa,34.4224374,8.7843862,30,56,-56,0
7846,Tunisia,Gafsa,34.4224374,8.7843862,50,56,-56,0
7847,Tunisia,Gafsa,34.4224374,8.7843862,75,56,-56,0
7848,Tunisia,Jendouba,36.6779726,8.752647,30,268753,-189331,72807
7849,Tunisia,Jendouba,36.6779726,8.752647,50,239574,-165875,65195
7850,Tunisia,Jendouba,36.6779726,8.752647,75,176063,-118793,47992
7851,Tunisia,Kairouan,35.6710101,10.10062,30,10745,-7337,2053
7852,Tunisia,Kairouan,35.6710101,10.10062,50,8170,-5621,1568
7853,Tunisia,Kairouan,35.6710101,10.10062,75,4039,-2566,822
7854,Tunisia,Kassérine,35.1687646,8.8365654,30,37005,-33936,6545
7855,Tunisia,Kassérine,35.1687646,8.8365654,50,24724,-22468,4162
7856,Tunisia,Kassérine,35.1687646,8.8365654,75,11186,-10241,1715
7857,Tunisia,Kebili,33.3387702,8.703291,30,541,-541,0
7858,Tunisia,Kebili,33.3387702,8.703291,50,541,-541,0
7859,Tunisia,Kebili,33.3387702,8.703291,75,541,-541,0
7860,Tunisia,Le Kef,36.0357642,8.7249381,30,80988,-55734,16006
7861,Tunisia,Le Kef,36.0357642,8.7249381,50,58630,-38768,11389
7862,Tunisia,Le Kef,36.0357642,8.7249381,75,34482,-22779,6525
7863,Tunisia,Mahdia,35.503642,11.0682429,30,28,-9,2
7864,Tunisia,Mahdia,35.503642,11.0682429,50,26,-26,0
7865,Tunisia,Mahdia,35.503642,11.0682429,75,26,-26,0
7866,Tunisia,Manubah,,,30,7720,-5458,1693
7867,Tunisia,Manubah,,,50,4876,-3275,1037
7868,Tunisia,Manubah,,,75,1219,-753,217
7869,Tunisia,Monastir,35.7707582,10.8280511,30,16,-16,2
7870,Tunisia,Monastir,35.7707582,10.8280511,50,13,-13,0
7871,Tunisia,Monastir,35.7707582,10.8280511,75,13,-13,0
7872,Tunisia,Médenine,32.9819987,11.2870254,30,1,-1,0
7873,Tunisia,Médenine,32.9819987,11.2870254,50,1,-1,0
7874,Tunisia,Médenine,32.9819987,11.2870254,75,1,-1,0
7875,Tunisia,Nabeul,36.4512897,10.7355915,30,139522,-120792,21956
7876,Tunisia,Nabeul,36.4512897,10.7355915,50,92054,-78616,13813
7877,Tunisia,Nabeul,36.4512897,10.7355915,75,33272,-26286,4628
7878,Tunisia,Sfax,34.7394361,10.7604024,30,11,-11,1
7879,Tunisia,Sfax,34.7394361,10.7604024,50,9,-9,0
7880,Tunisia,Sfax,34.7394361,10.7604024,75,9,-9,0
7881,Tunisia,Sidi Bou Zid,35.0387506,9.490801,30,6448,-5781,1203
7882,Tunisia,Sidi Bou Zid,35.0387506,9.490801,50,5396,-4829,982
7883,Tunisia,Sidi Bou Zid,35.0387506,9.490801,75,3344,-3085,553
7884,Tunisia,Siliana,35.9715323,9.3577129,30,82928,-51293,15717
7885,Tunisia,Siliana,35.9715323,9.3577129,50,57946,-33822,10680
7886,Tunisia,Siliana,35.9715323,9.3577129,75,21715,-11311,3783
7887,Tunisia,Sousse,35.8288284,10.6405254,30,2400,-2348,356
7888,Tunisia,Sousse,35.8288284,10.6405254,50,1133,-1117,142
7889,Tunisia,Sousse,35.8288284,10.6405254,75,284,-281,20
7890,Tunisia,Tataouine,31.7317009,9.7702197,30,0,0,0
7891,Tunisia,Tataouine,31.7317009,9.7702197,50,0,0,0
7892,Tunisia,Tataouine,31.7317009,9.7702197,75,0,0,0
7893,Tunisia,Tozeur,33.9239001,8.1370639,30,122,-122,0
7894,Tunisia,Tozeur,33.9239001,8.1370639,50,120,-120,0
7895,Tunisia,Tozeur,33.9239001,8.1370639,75,120,-120,0
7896,Tunisia,Tunis,33.8439408,9.400138,30,1381,-735,255
7897,Tunisia,Tunis,33.8439408,9.400138,50,1069,-517,190
7898,Tunisia,Tunis,33.8439408,9.400138,75,672,-272,110
7899,Tunisia,Zaghouan,36.3319504,10.0453,30,64690,-53087,10344
7900,Tunisia,Zaghouan,36.3319504,10.0453,50,43370,-35282,6593
7901,Tunisia,Zaghouan,36.3319504,10.0453,75,15846,-12840,2202
7902,Turkey,Adana,36.9863599,35.3252861,30,808173,-323074,178411
7903,Turkey,Adana,36.9863599,35.3252861,50,528025,-197733,101977
7904,Turkey,Adana,36.9863599,35.3252861,75,317862,-151635,53358
7905,Turkey,Adiyaman,37.7602985,38.2772986,30,11375,-10129,2631
7906,Turkey,Adiyaman,37.7602985,38.2772986,50,8181,-7254,1366
7907,Turkey,Adiyaman,37.7602985,38.2772986,75,5858,-5372,485
7908,Turkey,Afyon,38.6852729,30.6427411,30,278545,-224317,70428
7909,Turkey,Afyon,38.6852729,30.6427411,50,227723,-181537,52416
7910,Turkey,Afyon,38.6852729,30.6427411,75,158870,-126228,33488
7911,Turkey,Agri,39.52916,43.3835645,30,1216,-1087,641
7912,Turkey,Agri,39.52916,43.3835645,50,766,-665,291
7913,Turkey,Agri,39.52916,43.3835645,75,509,-441,93
7914,Turkey,Aksaray,38.4326291,33.8976963,30,2164,-867,1396
7915,Turkey,Aksaray,38.4326291,33.8976963,50,1496,-524,926
7916,Turkey,Aksaray,38.4326291,33.8976963,75,539,-181,258
7917,Turkey,Amasya,40.6569451,35.7727169,30,194654,-169553,100972
7918,Turkey,Amasya,40.6569451,35.7727169,50,164292,-143356,82990
7919,Turkey,Amasya,40.6569451,35.7727169,75,114732,-100883,57079
7920,Turkey,Ankara,39.9207759,32.8540497,30,519030,-470722,111677
7921,Turkey,Ankara,39.9207759,32.8540497,50,436317,-394141,81101
7922,Turkey,Ankara,39.9207759,32.8540497,75,345932,-313082,56232
7923,Turkey,Antalya,36.8865728,30.7030242,30,1590156,-862182,325694
7924,Turkey,Antalya,36.8865728,30.7030242,50,1064108,-539922,198784
7925,Turkey,Antalya,36.8865728,30.7030242,75,508280,-279314,85404
7926,Turkey,Ardahan,41.0372501,42.7462189,30,127466,-115195,36596
7927,Turkey,Ardahan,41.0372501,42.7462189,50,118180,-106506,30242
7928,Turkey,Ardahan,41.0372501,42.7462189,75,87665,-79690,17227
7929,Turkey,Artvin,41.160506,41.8398627,30,1037218,-971640,334331
7930,Turkey,Artvin,41.160506,41.8398627,50,939034,-875384,297257
7931,Turkey,Artvin,41.160506,41.8398627,75,758265,-701689,232151
7932,Turkey,Aydin,37.8483767,27.8435878,30,660692,-374889,125746
7933,Turkey,Aydin,37.8483767,27.8435878,50,471686,-251462,85392
7934,Turkey,Aydin,37.8483767,27.8435878,75,308913,-170866,51381
7935,Turkey,Balikesir,39.5400798,28.0228793,30,2205627,-1583023,458651
7936,Turkey,Balikesir,39.5400798,28.0228793,50,1913355,-1352306,384115
7937,Turkey,Balikesir,39.5400798,28.0228793,75,1420831,-996533,278629
7938,Turkey,Bartın,41.4947715,32.4354255,30,290883,-237994,157452
7939,Turkey,Bartın,41.4947715,32.4354255,50,271259,-220199,146747
7940,Turkey,Bartın,41.4947715,32.4354255,75,235712,-191269,127418
7941,Turkey,Batman,37.7874104,41.2573924,30,3696,-3166,976
7942,Turkey,Batman,37.7874104,41.2573924,50,2684,-2343,498
7943,Turkey,Batman,37.7874104,41.2573924,75,1769,-1663,77
7944,Turkey,Bayburt,40.2023027,40.2121599,30,5566,-4966,3129
7945,Turkey,Bayburt,40.2023027,40.2121599,50,4031,-3491,2023
7946,Turkey,Bayburt,40.2023027,40.2121599,75,2093,-1727,724
7947,Turkey,Bilecik,40.1543234,30.1479907,30,480057,-361187,117538
7948,Turkey,Bilecik,40.1543234,30.1479907,50,346057,-254469,85096
7949,Turkey,Bilecik,40.1543234,30.1479907,75,242510,-182539,59339
7950,Turkey,Bingöl,39.073803,40.7296181,30,36760,-29877,23640
7951,Turkey,Bingöl,39.073803,40.7296181,50,28849,-22339,17449
7952,Turkey,Bingöl,39.073803,40.7296181,75,18790,-13556,9465
7953,Turkey,Bitlis,38.4950867,42.1678372,30,29933,-5675,19365
7954,Turkey,Bitlis,38.4950867,42.1678372,50,23428,-1843,13700
7955,Turkey,Bitlis,38.4950867,42.1678372,75,16513,-1316,7455
7956,Turkey,Bolu,40.6212099,31.6460259,30,2040477,-1843589,404305
7957,Turkey,Bolu,40.6212099,31.6460259,50,1836496,-1658033,351924
7958,Turkey,Bolu,40.6212099,31.6460259,75,1620481,-1465618,302968
7959,Turkey,Burdur,37.5183407,30.1691254,30,263231,-96102,65618
7960,Turkey,Burdur,37.5183407,30.1691254,50,172917,-58166,35316
7961,Turkey,Burdur,37.5183407,30.1691254,75,93746,-37412,15901
7962,Turkey,Bursa,39.9895878,28.8944669,30,1438820,-1047769,375610
7963,Turkey,Bursa,39.9895878,28.8944669,50,1234663,-894384,324406
7964,Turkey,Bursa,39.9895878,28.8944669,75,984121,-719474,264247
7965,Turkey,Denizli,37.8275892,29.2389539,30,447753,-204233,112563
7966,Turkey,Denizli,37.8275892,29.2389539,50,309151,-151516,63601
7967,Turkey,Denizli,37.8275892,29.2389539,75,212536,-132889,35809
7968,Turkey,Diyarbakir,37.9162222,40.2363542,30,32806,-30766,12353
7969,Turkey,Diyarbakir,37.9162222,40.2363542,50,21969,-20357,8142
7970,Turkey,Diyarbakir,37.9162222,40.2363542,75,12464,-11695,4175
7971,Turkey,Düzce,40.8774545,31.2009618,30,407213,-353582,182545
7972,Turkey,Düzce,40.8774545,31.2009618,50,390683,-338706,175370
7973,Turkey,Düzce,40.8774545,31.2009618,75,350898,-303464,158128
7974,Turkey,Edirne,41.6759327,26.5587225,30,285330,-189373,61037
7975,Turkey,Edirne,41.6759327,26.5587225,50,233398,-146259,48771
7976,Turkey,Edirne,41.6759327,26.5587225,75,160762,-95546,32155
7977,Turkey,Elazığ,38.5824771,39.396179,30,8657,-7386,3345
7978,Turkey,Elazığ,38.5824771,39.396179,50,6688,-5606,1982
7979,Turkey,Elazığ,38.5824771,39.396179,75,4843,-4157,683
7980,Turkey,Erzincan,39.6073429,39.2013209,30,94436,-90489,26429
7981,Turkey,Erzincan,39.6073429,39.2013209,50,77092,-73659,18329
7982,Turkey,Erzincan,39.6073429,39.2013209,75,47736,-45107,9120
7983,Turkey,Erzurum,39.90632,41.2727715,30,299380,-292413,67772
7984,Turkey,Erzurum,39.90632,41.2727715,50,249650,-243316,49361
7985,Turkey,Erzurum,39.90632,41.2727715,75,171139,-166458,27631
7986,Turkey,Eskisehir,39.7743941,30.519116,30,526432,-445017,109980
7987,Turkey,Eskisehir,39.7743941,30.519116,50,441904,-369029,80992
7988,Turkey,Eskisehir,39.7743941,30.519116,75,319509,-263069,53766
7989,Turkey,Gaziantep,37.0628317,37.3792617,30,42871,-23850,10109
7990,Turkey,Gaziantep,37.0628317,37.3792617,50,32028,-16081,6827
7991,Turkey,Gaziantep,37.0628317,37.3792617,75,23149,-12462,3839
7992,Turkey,Giresun,40.6531617,38.5172032,30,771322,-709192,296636
7993,Turkey,Giresun,40.6531617,38.5172032,50,725382,-664769,275812
7994,Turkey,Giresun,40.6531617,38.5172032,75,531647,-478901,194528
7995,Turkey,Gümüshane,40.2533219,39.384968,30,384858,-370563,87436
7996,Turkey,Gümüshane,40.2533219,39.384968,50,336063,-323123,69091
7997,Turkey,Gümüshane,40.2533219,39.384968,75,246156,-236355,43969
7998,Turkey,Hakkari,37.495358,44.1054777,30,7824,-7746,2297
7999,Turkey,Hakkari,37.495358,44.1054777,50,5873,-5827,726
8000,Turkey,Hakkari,37.495358,44.1054777,75,5116,-5101,92
8001,Turkey,Hatay,36.3451332,36.0748022,30,541379,-336456,132244
8002,Turkey,Hatay,36.3451332,36.0748022,50,468402,-280919,114774
8003,Turkey,Hatay,36.3451332,36.0748022,75,339986,-201097,86682
8004,Turkey,Isparta,37.9465412,30.9602093,30,242153,-143190,69157
8005,Turkey,Isparta,37.9465412,30.9602093,50,184761,-107186,43470
8006,Turkey,Isparta,37.9465412,30.9602093,75,119537,-73635,23034
8007,Turkey,Istanbul,41.006381,28.9758715,30,865074,-473367,191679
8008,Turkey,Istanbul,41.006381,28.9758715,50,812133,-435158,180647
8009,Turkey,Istanbul,41.006381,28.9758715,75,701359,-363777,156641
8010,Turkey,Izmir,38.23166,27.02997,30,1460237,-806435,283254
8011,Turkey,Izmir,38.23166,27.02997,50,1044884,-515794,197343
8012,Turkey,Izmir,38.23166,27.02997,75,586018,-249164,109309
8013,Turkey,Iğdır,39.8945292,43.9427459,30,1821,-1463,841
8014,Turkey,Iğdır,39.8945292,43.9427459,50,1227,-935,407
8015,Turkey,Iğdır,39.8945292,43.9427459,75,863,-692,115
8016,Turkey,K. Maras,37.5812744,36.927509,30,295071,-189672,72288
8017,Turkey,K. Maras,37.5812744,36.927509,50,215821,-137516,49050
8018,Turkey,K. Maras,37.5812744,36.927509,75,143553,-100330,30001
8019,Turkey,Karabük,41.1110349,32.6193901,30,662359,-576822,187727
8020,Turkey,Karabük,41.1110349,32.6193901,50,582924,-507097,165844
8021,Turkey,Karabük,41.1110349,32.6193901,75,460037,-399878,134332
8022,Turkey,Karaman,37.1796848,33.3383665,30,42314,-30370,11608
8023,Turkey,Karaman,37.1796848,33.3383665,50,22416,-17656,4670
8024,Turkey,Karaman,37.1796848,33.3383665,75,13319,-11187,2013
8025,Turkey,Kars,40.4558435,42.9979531,30,92965,-88269,25746
8026,Turkey,Kars,40.4558435,42.9979531,50,84392,-80030,20476
8027,Turkey,Kars,40.4558435,42.9979531,75,68375,-64770,13463
8028,Turkey,Kastamonu,41.3680217,33.7619177,30,3141093,-2777782,715754
8029,Turkey,Kastamonu,41.3680217,33.7619177,50,2804032,-2466163,630744
8030,Turkey,Kastamonu,41.3680217,33.7619177,75,2226954,-1966894,502710
8031,Turkey,Kayseri,38.7219011,35.4873214,30,13992,-11667,4526
8032,Turkey,Kayseri,38.7219011,35.4873214,50,9228,-7597,2422
8033,Turkey,Kayseri,38.7219011,35.4873214,75,5504,-4807,906
8034,Turkey,Kilis,36.7797231,37.1416892,30,488,-477,49
8035,Turkey,Kilis,36.7797231,37.1416892,50,354,-350,13
8036,Turkey,Kilis,36.7797231,37.1416892,75,316,-313,2
8037,Turkey,Kinkkale,,,30,3266,-2786,1348
8038,Turkey,Kinkkale,,,50,2162,-1820,649
8039,Turkey,Kinkkale,,,75,1297,-1122,146
8040,Turkey,Kirklareli,41.7078046,27.6051334,30,872927,-707398,191864
8041,Turkey,Kirklareli,41.7078046,27.6051334,50,821712,-659349,180583
8042,Turkey,Kirklareli,41.7078046,27.6051334,75,722342,-569016,158955
8043,Turkey,Kirsehir,39.3303066,34.1265884,30,3610,-608,2295
8044,Turkey,Kirsehir,39.3303066,34.1265884,50,2208,285,1225
8045,Turkey,Kirsehir,39.3303066,34.1265884,75,1111,-230,324
8046,Turkey,Kocaeli,40.8216536,29.9507184,30,737430,-537203,170059
8047,Turkey,Kocaeli,40.8216536,29.9507184,50,678799,-488106,157362
8048,Turkey,Kocaeli,40.8216536,29.9507184,75,569724,-404666,133006
8049,Turkey,Konya,37.872734,32.4924376,30,153035,-128761,47603
8050,Turkey,Konya,37.872734,32.4924376,50,118267,-99018,31069
8051,Turkey,Konya,37.872734,32.4924376,75,74016,-61869,15618
8052,Turkey,Kütahya,39.2522508,29.4937732,30,1528291,-1170117,278467
8053,Turkey,Kütahya,39.2522508,29.4937732,50,1287431,-973271,216649
8054,Turkey,Kütahya,39.2522508,29.4937732,75,924749,-690561,148533
8055,Turkey,Malatya,38.3487153,38.3190674,30,9993,-6446,3704
8056,Turkey,Malatya,38.3487153,38.3190674,50,7049,-4273,2148
8057,Turkey,Malatya,38.3487153,38.3190674,75,4529,-3274,728
8058,Turkey,Manisa,38.8574402,28.0565711,30,744205,-243724,161646
8059,Turkey,Manisa,38.8574402,28.0565711,50,569257,-161302,115594
8060,Turkey,Manisa,38.8574402,28.0565711,75,344332,-101070,64782
8061,Turkey,Mardin,37.3611355,40.8959403,30,4770,-2254,1519
8062,Turkey,Mardin,37.3611355,40.8959403,50,3483,-1192,1090
8063,Turkey,Mardin,37.3611355,40.8959403,75,2295,-530,673
8064,Turkey,Mersin,36.7978381,34.6298391,30,405485,-141735,94504
8065,Turkey,Mersin,36.7978381,34.6298391,50,250501,-87436,50213
8066,Turkey,Mersin,36.7978381,34.6298391,75,141465,-65227,22440
8067,Turkey,Mugla,37.1642053,28.2624288,30,2364406,-1534783,390053
8068,Turkey,Mugla,37.1642053,28.2624288,50,1511547,-892432,237292
8069,Turkey,Mugla,37.1642053,28.2624288,75,693716,-358042,104646
8070,Turkey,Mus,38.9740786,41.9590433,30,8548,-8114,5492
8071,Turkey,Mus,38.9740786,41.9590433,50,6666,-6305,3992
8072,Turkey,Mus,38.9740786,41.9590433,75,3943,-3788,1822
8073,Turkey,Nevsehir,38.7235072,34.7194168,30,355,-139,243
8074,Turkey,Nevsehir,38.7235072,34.7194168,50,199,-34,111
8075,Turkey,Nevsehir,38.7235072,34.7194168,75,96,-72,17
8076,Turkey,Nigde,38.0664691,34.7051438,30,11430,-10015,4170
8077,Turkey,Nigde,38.0664691,34.7051438,50,7586,-6760,2352
8078,Turkey,Nigde,38.0664691,34.7051438,75,4286,-3965,968
8079,Turkey,Ordu,40.8292569,37.4082764,30,689357,-638346,368071
8080,Turkey,Ordu,40.8292569,37.4082764,50,634323,-586828,337072
8081,Turkey,Ordu,40.8292569,37.4082764,75,445126,-408195,231612
8082,Turkey,Osmaniye,37.2517882,36.2993502,30,255234,-129029,61470
8083,Turkey,Osmaniye,37.2517882,36.2993502,50,209570,-102532,49590
8084,Turkey,Osmaniye,37.2517882,36.2993502,75,133882,-66489,31910
8085,Turkey,Rize,40.9569617,40.884428,30,490610,-459141,224968
8086,Turkey,Rize,40.9569617,40.884428,50,476981,-445834,216930
8087,Turkey,Rize,40.9569617,40.884428,75,403862,-375228,178832
8088,Turkey,Sakarya,40.7731834,30.481606,30,807068,-661335,249093
8089,Turkey,Sakarya,40.7731834,30.481606,50,730287,-597734,229585
8090,Turkey,Sakarya,40.7731834,30.481606,75,616300,-506876,197217
8091,Turkey,Samsun,41.2303557,35.9683338,30,828228,-728111,356117
8092,Turkey,Samsun,41.2303557,35.9683338,50,728742,-639538,315485
8093,Turkey,Samsun,41.2303557,35.9683338,75,521173,-452990,226204
8094,Turkey,Sanliurfa,37.1596239,38.791929,30,10953,-9584,3348
8095,Turkey,Sanliurfa,37.1596239,38.791929,50,8516,-7304,2593
8096,Turkey,Sanliurfa,37.1596239,38.791929,75,5214,-4284,1547
8097,Turkey,Siirt,37.8646916,42.0510294,30,12138,-10447,3873
8098,Turkey,Siirt,37.8646916,42.0510294,50,7661,-6341,1740
8099,Turkey,Siirt,37.8646916,42.0510294,75,5882,-5082,703
8100,Turkey,Sinop,41.6476377,34.9560137,30,933667,-746011,266416
8101,Turkey,Sinop,41.6476377,34.9560137,50,816866,-645641,232861
8102,Turkey,Sinop,41.6476377,34.9560137,75,619013,-493110,179630
8103,Turkey,Sirnak,37.455253,42.5212049,30,19187,-18037,6646
8104,Turkey,Sirnak,37.455253,42.5212049,50,11971,-11412,2170
8105,Turkey,Sirnak,37.455253,42.5212049,75,9881,-9703,634
8106,Turkey,Sivas,39.4191717,37.1012388,30,248613,-205506,69342
8107,Turkey,Sivas,39.4191717,37.1012388,50,199940,-163170,48181
8108,Turkey,Sivas,39.4191717,37.1012388,75,130702,-107561,25292
8109,Turkey,Tekirdag,41.0731403,27.4102013,30,360268,-263930,84318
8110,Turkey,Tekirdag,41.0731403,27.4102013,50,325069,-232132,76074
8111,Turkey,Tekirdag,41.0731403,27.4102013,75,267165,-182989,62462
8112,Turkey,Tokat,40.3891816,36.6315075,30,366561,-321303,216239
8113,Turkey,Tokat,40.3891816,36.6315075,50,306538,-267815,180727
8114,Turkey,Tokat,40.3891816,36.6315075,75,196104,-170830,120639
8115,Turkey,Trabzon,41.0054605,39.7301463,30,710914,-664379,271606
8116,Turkey,Trabzon,41.0054605,39.7301463,50,663306,-617544,249290
8117,Turkey,Trabzon,41.0054605,39.7301463,75,499619,-458319,177350
8118,Turkey,Tunceli,39.2197553,39.4139674,30,62648,-59544,48618
8119,Turkey,Tunceli,39.2197553,39.4139674,50,49854,-47059,38581
8120,Turkey,Tunceli,39.2197553,39.4139674,75,32229,-30123,24354
8121,Turkey,Usak,38.5768902,29.3729779,30,176070,-116318,30315
8122,Turkey,Usak,38.5768902,29.3729779,50,145273,-102238,21390
8123,Turkey,Usak,38.5768902,29.3729779,75,102135,-76482,13332
8124,Turkey,Van,38.3249599,43.6589825,30,1919,-1573,1512
8125,Turkey,Van,38.3249599,43.6589825,50,1496,-1215,1028
8126,Turkey,Van,38.3249599,43.6589825,75,1011,-860,449
8127,Turkey,Yalova,40.5928976,29.0776117,30,194154,-133774,40070
8128,Turkey,Yalova,40.5928976,29.0776117,50,184630,-127340,38222
8129,Turkey,Yalova,40.5928976,29.0776117,75,167949,-117911,35046
8130,Turkey,Yozgat,39.7152422,35.170998,30,293784,-201650,75081
8131,Turkey,Yozgat,39.7152422,35.170998,50,249450,-166928,56523
8132,Turkey,Yozgat,39.7152422,35.170998,75,180396,-118027,35671
8133,Turkey,Zinguldak,,,30,603746,-562345,178918
8134,Turkey,Zinguldak,,,50,547948,-508356,164596
8135,Turkey,Zinguldak,,,75,433133,-399894,134284
8136,Turkey,Çanakkale,40.0549886,26.9278292,30,1778100,-1295506,327750
8137,Turkey,Çanakkale,40.0549886,26.9278292,50,1456768,-1047801,267141
8138,Turkey,Çanakkale,40.0549886,26.9278292,75,959507,-700367,179078
8139,Turkey,Çankiri,40.6667691,33.4526069,30,544737,-480465,104591
8140,Turkey,Çankiri,40.6667691,33.4526069,50,472921,-414032,81920
8141,Turkey,Çankiri,40.6667691,33.4526069,75,381259,-333661,60171
8142,Turkey,Çorum,40.5698389,34.7269292,30,641900,-553311,137297
8143,Turkey,Çorum,40.5698389,34.7269292,50,528963,-453336,99093
8144,Turkey,Çorum,40.5698389,34.7269292,75,390624,-336822,64152
8145,Turkmenistan,Ahal,38.8395548,58.8610186,30,2350,-1507,1303
8146,Turkmenistan,Ahal,38.8395548,58.8610186,50,536,-502,242
8147,Turkmenistan,Ahal,38.8395548,58.8610186,75,231,-224,22
8148,Turkmenistan,Ashgabat,37.9404648,58.3823487,30,138,-135,3
8149,Turkmenistan,Ashgabat,37.9404648,58.3823487,50,129,-128,0
8150,Turkmenistan,Ashgabat,37.9404648,58.3823487,75,128,-128,0
8151,Turkmenistan,Balkan,39.9353714,54.9120055,30,5112,-4450,2000
8152,Turkmenistan,Balkan,39.9353714,54.9120055,50,2074,-1629,883
8153,Turkmenistan,Balkan,39.9353714,54.9120055,75,568,-360,358
8154,Turkmenistan,Dashoguz,41.83358,59.9590079,30,381,-297,868
8155,Turkmenistan,Dashoguz,41.83358,59.9590079,50,237,-181,542
8156,Turkmenistan,Dashoguz,41.83358,59.9590079,75,92,-55,207
8157,Turkmenistan,Lebap,39.0810365,62.8538632,30,4047,-934,5386
8158,Turkmenistan,Lebap,39.0810365,62.8538632,50,2343,428,3834
8159,Turkmenistan,Lebap,39.0810365,62.8538632,75,1116,950,1819
8160,Turkmenistan,Mary,37.5940358,61.8397935,30,821,-379,618
8161,Turkmenistan,Mary,37.5940358,61.8397935,50,503,-164,349
8162,Turkmenistan,Mary,37.5940358,61.8397935,75,175,59,102
8163,Uganda,Adjumani,3.2371281,31.7858246,30,651652,-312479,167002
8164,Uganda,Adjumani,3.2371281,31.7858246,50,430119,-115411,94139
8165,Uganda,Adjumani,3.2371281,31.7858246,75,16954,-1274,1427
8166,Uganda,Apac,1.9337258,32.5018028,30,945881,-789786,126903
8167,Uganda,Apac,1.9337258,32.5018028,50,131639,-55024,16696
8168,Uganda,Apac,1.9337258,32.5018028,75,15859,-703,1028
8169,Uganda,Arua,3.0014096,31.0093527,30,502392,-303240,111471
8170,Uganda,Arua,3.0014096,31.0093527,50,166348,-24580,31350
8171,Uganda,Arua,3.0014096,31.0093527,75,9673,28534,1281
8172,Uganda,Bugiri,0.520721,33.7750698,30,237164,-133603,34712
8173,Uganda,Bugiri,0.520721,33.7750698,50,54531,27464,8207
8174,Uganda,Bugiri,0.520721,33.7750698,75,28012,40262,3136
8175,Uganda,Bundibugyo,0.6605936,30.0431008,30,379641,-247257,101722
8176,Uganda,Bundibugyo,0.6605936,30.0431008,50,325108,-203838,82803
8177,Uganda,Bundibugyo,0.6605936,30.0431008,75,146048,-59771,41360
8178,Uganda,Bushenyi,-0.4818132,30.1686851,30,1087994,-646404,250139
8179,Uganda,Bushenyi,-0.4818132,30.1686851,50,483097,-206224,127228
8180,Uganda,Bushenyi,-0.4818132,30.1686851,75,215598,-58616,74096
8181,Uganda,Busia,0.3917103,34.0160135,30,134059,-108486,22037
8182,Uganda,Busia,0.3917103,34.0160135,50,26349,-15270,4744
8183,Uganda,Busia,0.3917103,34.0160135,75,9655,-6008,204
8184,Uganda,Busia,0.3917103,34.0160135,30,123828,-87197,15967
8185,Uganda,Busia,0.3917103,34.0160135,50,35596,-10527,3876
8186,Uganda,Busia,0.3917103,34.0160135,75,11058,1335,586
8187,Uganda,Gulu,3.0346583,32.3802374,30,3277524,-2620295,621888
8188,Uganda,Gulu,3.0346583,32.3802374,50,1325992,-802410,217852
8189,Uganda,Gulu,3.0346583,32.3802374,75,36042,49358,3525
8190,Uganda,Hoima,1.5661927,31.1480968,30,1156137,-288585,256296
8191,Uganda,Hoima,1.5661927,31.1480968,50,544717,179471,131762
8192,Uganda,Hoima,1.5661927,31.1480968,75,148895,322699,63654
8193,Uganda,Iganga,0.7221911,33.5016935,30,611890,-575248,82469
8194,Uganda,Iganga,0.7221911,33.5016935,50,95960,-82333,11297
8195,Uganda,Iganga,0.7221911,33.5016935,75,15632,-9675,108
8196,Uganda,Jinja,0.5751567,33.2805299,30,213679,-144818,26012
8197,Uganda,Jinja,0.5751567,33.2805299,50,40635,-7621,2520
8198,Uganda,Jinja,0.5751567,33.2805299,75,24963,-2446,389
8199,Uganda,Kabale,-1.3359667,30.036886,30,219166,-67102,45045
8200,Uganda,Kabale,-1.3359667,30.036886,50,99680,-2216,17859
8201,Uganda,Kabale,-1.3359667,30.036886,75,70220,-2517,9466
8202,Uganda,Kabarole,0.6212492,30.3525447,30,912732,-547176,160556
8203,Uganda,Kabarole,0.6212492,30.3525447,50,558724,-247039,99905
8204,Uganda,Kabarole,0.6212492,30.3525447,75,215914,-48340,40588
8205,Uganda,Kaberamaido,1.6879675,33.1174888,30,145995,-112697,23810
8206,Uganda,Kaberamaido,1.6879675,33.1174888,50,25514,-9203,3606
8207,Uganda,Kaberamaido,1.6879675,33.1174888,75,1470,1480,166
8208,Uganda,Kalangala,-0.6141908,32.375565,30,66591,75254,39388
8209,Uganda,Kalangala,-0.6141908,32.375565,50,60072,80349,35450
8210,Uganda,Kalangala,-0.6141908,32.375565,75,41303,83643,25545
8211,Uganda,Kampala,0.3177137,32.5813539,30,15176,-9205,1933
8212,Uganda,Kampala,0.3177137,32.5813539,50,4851,-1921,593
8213,Uganda,Kampala,0.3177137,32.5813539,75,636,29,22
8214,Uganda,Kamuli,0.9422475,33.1263004,30,1091641,-929224,147316
8215,Uganda,Kamuli,0.9422475,33.1263004,50,240105,-153929,30687
8216,Uganda,Kamuli,0.9422475,33.1263004,75,29325,-3336,1989
8217,Uganda,Kamwenge,0.3373317,30.6150555,30,1154499,-940705,167518
8218,Uganda,Kamwenge,0.3373317,30.6150555,50,452984,-302693,72925
8219,Uganda,Kamwenge,0.3373317,30.6150555,75,107203,-48486,24551
8220,Uganda,Kanungu,-0.7063914,29.7142907,30,372075,-154524,87504
8221,Uganda,Kanungu,-0.7063914,29.7142907,50,187580,-36549,46677
8222,Uganda,Kanungu,-0.7063914,29.7142907,75,75403,4721,21072
8223,Uganda,Kapchorwa,1.3310607,34.3961656,30,169923,-121043,64938
8224,Uganda,Kapchorwa,1.3310607,34.3961656,50,114164,-70289,49034
8225,Uganda,Kapchorwa,1.3310607,34.3961656,75,62278,-24996,33762
8226,Uganda,Kasese,0.1310412,30.0047968,30,775185,-547621,162357
8227,Uganda,Kasese,0.1310412,30.0047968,50,448304,-251961,103977
8228,Uganda,Kasese,0.1310412,30.0047968,75,142362,-15899,42386
8229,Uganda,Katakwi,1.9733286,34.0573389,30,15860,-14945,7619
8230,Uganda,Katakwi,1.9733286,34.0573389,50,7307,-6988,3310
8231,Uganda,Katakwi,1.9733286,34.0573389,75,1280,-1219,271
8232,Uganda,Kayunga,0.9924074,32.8592384,30,816060,-510813,108577
8233,Uganda,Kayunga,0.9924074,32.8592384,50,257042,-73633,33468
8234,Uganda,Kayunga,0.9924074,32.8592384,75,20047,13788,2001
8235,Uganda,Kibale,0.616667,30.266667,30,2556402,-285732,394768
8236,Uganda,Kibale,0.616667,30.266667,50,1774910,390672,278595
8237,Uganda,Kibale,0.616667,30.266667,75,414944,1152476,99896
8238,Uganda,Kiboga,0.8592559,31.9283489,30,2220755,-911212,284028
8239,Uganda,Kiboga,0.8592559,31.9283489,50,835907,35505,103094
8240,Uganda,Kiboga,0.8592559,31.9283489,75,118676,241857,12669
8241,Uganda,Kisoro,-1.1989612,29.6716975,30,169229,-111331,46304
8242,Uganda,Kisoro,-1.1989612,29.6716975,50,82751,-39285,25503
8243,Uganda,Kisoro,-1.1989612,29.6716975,75,31120,-12439,11818
8244,Uganda,Kitgum,3.4438845,33.4841172,30,502055,-481819,211547
8245,Uganda,Kitgum,3.4438845,33.4841172,50,100658,-93191,36147
8246,Uganda,Kitgum,3.4438845,33.4841172,75,14664,-13003,3303
8247,Uganda,Kotido,2.9951839,34.0342128,30,146519,-136426,45696
8248,Uganda,Kotido,2.9951839,34.0342128,50,28676,-22198,8093
8249,Uganda,Kotido,2.9951839,34.0342128,75,4741,-2252,452
8250,Uganda,Kumi,1.4565401,33.9219127,30,49750,-40318,18123
8251,Uganda,Kumi,1.4565401,33.9219127,50,16765,-12955,6013
8252,Uganda,Kumi,1.4565401,33.9219127,75,2295,-1290,364
8253,Uganda,Kyenjojo,0.6440978,30.6565118,30,2795636,-964889,368038
8254,Uganda,Kyenjojo,0.6440978,30.6565118,50,1761554,-125915,232901
8255,Uganda,Kyenjojo,0.6440978,30.6565118,75,292313,462974,52641
8256,Uganda,Lake Albert,1.7560925,31.0342777,30,756,-666,658
8257,Uganda,Lake Albert,1.7560925,31.0342777,50,589,-511,276
8258,Uganda,Lake Albert,1.7560925,31.0342777,75,174,-160,14
8259,Uganda,Lake Victoria,0.2610852,32.6448845,30,41245,-33772,6962
8260,Uganda,Lake Victoria,0.2610852,32.6448845,50,21031,-14357,3699
8261,Uganda,Lake Victoria,0.2610852,32.6448845,75,3888,-1191,682
8262,Uganda,Lira,2.3320326,32.9501481,30,286621,-210925,49378
8263,Uganda,Lira,2.3320326,32.9501481,50,95432,-55921,10414
8264,Uganda,Lira,2.3320326,32.9501481,75,31352,-12958,1198
8265,Uganda,Luwero,0.4779014,33.8055239,30,3112784,-981431,380830
8266,Uganda,Luwero,0.4779014,33.8055239,50,1542633,-13669,182596
8267,Uganda,Luwero,0.4779014,33.8055239,75,89601,155631,9804
8268,Uganda,Masaka,-0.483142,31.8318895,30,840462,-427756,101510
8269,Uganda,Masaka,-0.483142,31.8318895,50,257752,19497,22725
8270,Uganda,Masaka,-0.483142,31.8318895,75,113810,28854,3967
8271,Uganda,Masindi,1.6917534,31.7737524,30,3555061,-2675875,512143
8272,Uganda,Masindi,1.6917534,31.7737524,50,1434464,-1123485,221559
8273,Uganda,Masindi,1.6917534,31.7737524,75,210350,-131254,52268
8274,Uganda,Mayuge,-0.2058293,33.5894376,30,310339,-117726,44595
8275,Uganda,Mayuge,-0.2058293,33.5894376,50,99418,54103,12610
8276,Uganda,Mayuge,-0.2058293,33.5894376,75,54687,66205,5030
8277,Uganda,Mbale,0.9765706,34.2021869,30,215795,-118059,61965
8278,Uganda,Mbale,0.9765706,34.2021869,50,91669,-2267,33242
8279,Uganda,Mbale,0.9765706,34.2021869,75,52695,29257,22774
8280,Uganda,Mbarara,-0.4180848,30.5737374,30,2144659,-1248196,310400
8281,Uganda,Mbarara,-0.4180848,30.5737374,50,442419,69138,64464
8282,Uganda,Mbarara,-0.4180848,30.5737374,75,71925,39101,5737
8283,Uganda,Moroto,2.6156454,34.6399817,30,33250,-16800,12742
8284,Uganda,Moroto,2.6156454,34.6399817,50,16764,-1535,6879
8285,Uganda,Moroto,2.6156454,34.6399817,75,7808,4033,3553
8286,Uganda,Moyo,3.6664665,31.7579511,30,148754,-132862,71369
8287,Uganda,Moyo,3.6664665,31.7579511,50,32227,-27024,12378
8288,Uganda,Moyo,3.6664665,31.7579511,75,8074,-7593,43
8289,Uganda,Mpigi,0.1273955,32.2527517,30,1591601,-434639,206144
8290,Uganda,Mpigi,0.1273955,32.2527517,50,594610,291959,75445
8291,Uganda,Mpigi,0.1273955,32.2527517,75,133979,315540,18462
8292,Uganda,Mubende,0.5154279,31.4095476,30,4026081,-1863053,520705
8293,Uganda,Mubende,0.5154279,31.4095476,50,1944101,-198404,241900
8294,Uganda,Mubende,0.5154279,31.4095476,75,297007,444566,30379
8295,Uganda,Mukono,-0.0523245,32.7262557,30,1875324,-530885,280465
8296,Uganda,Mukono,-0.0523245,32.7262557,50,1028736,134912,167707
8297,Uganda,Mukono,-0.0523245,32.7262557,75,272589,422879,67528
8298,Uganda,Nakapiripirit,1.8489913,34.6425478,30,52496,-14285,21133
8299,Uganda,Nakapiripirit,1.8489913,34.6425478,50,25029,5405,12021
8300,Uganda,Nakapiripirit,1.8489913,34.6425478,75,14665,10156,8319
8301,Uganda,Nakasongola,1.3204358,32.4894347,30,875495,-98868,99849
8302,Uganda,Nakasongola,1.3204358,32.4894347,50,320830,66618,34757
8303,Uganda,Nakasongola,1.3204358,32.4894347,75,30805,28513,2184
8304,Uganda,Nebbi,2.4329406,31.1619888,30,193719,-52940,51372
8305,Uganda,Nebbi,2.4329406,31.1619888,50,43544,57750,11291
8306,Uganda,Nebbi,2.4329406,31.1619888,75,14455,37908,1432
8307,Uganda,Ntungamo,-0.955093,30.3023928,30,167790,-67588,32821
8308,Uganda,Ntungamo,-0.955093,30.3023928,50,51945,7476,5473
8309,Uganda,Ntungamo,-0.955093,30.3023928,75,28887,-1875,242
8310,Uganda,Pader,2.8876024,32.8962856,30,285556,-269169,142372
8311,Uganda,Pader,2.8876024,32.8962856,50,23471,-20711,10725
8312,Uganda,Pader,2.8876024,32.8962856,75,2498,-2399,22
8313,Uganda,Pallisa,1.2200724,33.691487,30,188379,-175589,26490
8314,Uganda,Pallisa,1.2200724,33.691487,50,72567,-62376,9835
8315,Uganda,Pallisa,1.2200724,33.691487,75,5023,58,380
8316,Uganda,Rakai,-0.7264163,31.3400835,30,967298,-608355,129016
8317,Uganda,Rakai,-0.7264163,31.3400835,50,230645,-53255,32142
8318,Uganda,Rakai,-0.7264163,31.3400835,75,63183,-2368,288
8319,Uganda,Rukungiri,-0.697403,29.8917364,30,356906,-190839,84681
8320,Uganda,Rukungiri,-0.697403,29.8917364,50,171449,-64111,41320
8321,Uganda,Rukungiri,-0.697403,29.8917364,75,76941,-17176,18962
8322,Uganda,Sembabule,-0.0536792,31.4101459,30,781028,-401175,99489
8323,Uganda,Sembabule,-0.0536792,31.4101459,50,181960,20845,22780
8324,Uganda,Sembabule,-0.0536792,31.4101459,75,11555,3701,305
8325,Uganda,Sironko,1.1885536,34.2950674,30,229768,-205342,62591
8326,Uganda,Sironko,1.1885536,34.2950674,50,100050,-78466,31996
8327,Uganda,Sironko,1.1885536,34.2950674,75,39387,-23387,15307
8328,Uganda,Soroti,1.787906,33.5007314,30,171451,-147952,25734
8329,Uganda,Soroti,1.787906,33.5007314,50,40585,-29129,5510
8330,Uganda,Soroti,1.787906,33.5007314,75,4627,-1504,315
8331,Uganda,Tororo,0.7407422,34.1026862,30,220844,-200232,29259
8332,Uganda,Tororo,0.7407422,34.1026862,50,93544,-78673,12023
8333,Uganda,Tororo,0.7407422,34.1026862,75,7505,781,344
8334,Uganda,Wakiso,0.3760928,32.4561265,30,1034815,-457327,129704
8335,Uganda,Wakiso,0.3760928,32.4561265,50,444980,-1048,52023
8336,Uganda,Wakiso,0.3760928,32.4561265,75,66388,89874,5180
8337,Uganda,Yumbe,3.4914106,31.2859149,30,205387,-116974,90927
8338,Uganda,Yumbe,3.4914106,31.2859149,50,47076,-6474,16873
8339,Uganda,Yumbe,3.4914106,31.2859149,75,7020,-855,255
8340,Ukraine,Cherkasy,49.1460165,31.2271744,30,3133108,-2557900,404531
8341,Ukraine,Cherkasy,49.1460165,31.2271744,50,2742910,-2181887,352634
8342,Ukraine,Cherkasy,49.1460165,31.2271744,75,2029293,-1586769,255032
8343,Ukraine,Chernihiv,51.272593,31.7417235,30,6522843,-4851647,846991
8344,Ukraine,Chernihiv,51.272593,31.7417235,50,5787815,-4147444,739643
8345,Ukraine,Chernihiv,51.272593,31.7417235,75,3685092,-2555320,443563
8346,Ukraine,Chernivtsi,48.3810791,26.1081673,30,2349317,-1459559,281825
8347,Ukraine,Chernivtsi,48.3810791,26.1081673,50,2216620,-1329717,262913
8348,Ukraine,Chernivtsi,48.3810791,26.1081673,75,1958401,-1095838,231416
8349,Ukraine,Crimea,45.2835044,34.2008188,30,2246987,-2226644,269528
8350,Ukraine,Crimea,45.2835044,34.2008188,50,2070450,-2052127,245841
8351,Ukraine,Crimea,45.2835044,34.2008188,75,1691597,-1679261,197601
8352,Ukraine,Dnipropetrovsk,48.662589,34.9501715,30,1491411,-1437937,190034
8353,Ukraine,Dnipropetrovsk,48.662589,34.9501715,50,954991,-911027,119174
8354,Ukraine,Dnipropetrovsk,48.662589,34.9501715,75,484665,-461010,54478
8355,Ukraine,Donetsk,48.0158753,37.8013407,30,1358839,-1139723,170539
8356,Ukraine,Donetsk,48.0158753,37.8013407,50,930614,-746289,114397
8357,Ukraine,Donetsk,48.0158753,37.8013407,75,556654,-458408,63440
8358,Ukraine,Ivano-Frankivsk,48.7481718,24.5207477,30,6217480,-4845756,670414
8359,Ukraine,Ivano-Frankivsk,48.7481718,24.5207477,50,5958645,-4590431,639659
8360,Ukraine,Ivano-Frankivsk,48.7481718,24.5207477,75,5341255,-4002545,573018
8361,Ukraine,Kharkiv,49.9923181,36.2310146,30,3760650,-3103606,473113
8362,Ukraine,Kharkiv,49.9923181,36.2310146,50,3076789,-2474464,385641
8363,Ukraine,Kharkiv,49.9923181,36.2310146,75,2045834,-1653765,248237
8364,Ukraine,Kherson,46.6401295,32.6143922,30,674717,-469131,88648
8365,Ukraine,Kherson,46.6401295,32.6143922,50,483927,-344804,62121
8366,Ukraine,Kherson,46.6401295,32.6143922,75,217365,-161184,26381
8367,Ukraine,Khmelnytskyi,49.268624,27.0635998,30,2674622,-2140376,331410
8368,Ukraine,Khmelnytskyi,49.268624,27.0635998,50,2379008,-1851354,294209
8369,Ukraine,Khmelnytskyi,49.268624,27.0635998,75,1984035,-1497935,243333
8370,Ukraine,Kiev,50.4500336,30.5241361,30,5647187,-3572151,745408
8371,Ukraine,Kiev,50.4500336,30.5241361,50,4923916,-2909014,643314
8372,Ukraine,Kiev,50.4500336,30.5241361,75,3393335,-1996071,426257
8373,Ukraine,Kiev City,50.4592515,30.4906119,30,259139,-213010,32990
8374,Ukraine,Kiev City,50.4592515,30.4906119,50,228363,-183896,28899
8375,Ukraine,Kiev City,50.4592515,30.4906119,75,160647,-130221,19820
8376,Ukraine,Kirovohrad,48.1916774,31.6902953,30,1671939,-1549943,210868
8377,Ukraine,Kirovohrad,48.1916774,31.6902953,50,1328797,-1208909,167223
8378,Ukraine,Kirovohrad,48.1916774,31.6902953,75,962771,-852984,118663
8379,Ukraine,Lviv,49.841952,24.0315921,30,6846218,-5272664,743097
8380,Ukraine,Lviv,49.841952,24.0315921,50,6434660,-4869952,694378
8381,Ukraine,Lviv,49.841952,24.0315921,75,5157731,-3732733,552507
8382,Ukraine,Luhansk,49.2724587,38.9150477,30,1901141,-1401584,241080
8383,Ukraine,Luhansk,49.2724587,38.9150477,50,1412345,-991201,175535
8384,Ukraine,Luhansk,49.2724587,38.9150477,75,776530,-531707,88171
8385,Ukraine,Mykolayiv,46.9382954,32.0621661,30,649975,-626933,84967
8386,Ukraine,Mykolayiv,46.9382954,32.0621661,50,419907,-399068,54715
8387,Ukraine,Mykolayiv,46.9382954,32.0621661,75,218177,-204503,26752
8388,Ukraine,Odessa,46.4843023,30.7322878,30,1872231,-1807744,237223
8389,Ukraine,Odessa,46.4843023,30.7322878,50,1530107,-1468644,191439
8390,Ukraine,Odessa,46.4843023,30.7322878,75,904684,-853732,106907
8391,Ukraine,Poltava,49.8607809,33.7498787,30,2659287,-2220974,339876
8392,Ukraine,Poltava,49.8607809,33.7498787,50,2093526,-1684521,264930
8393,Ukraine,Poltava,49.8607809,33.7498787,75,1232482,-1009754,145773
8394,Ukraine,Rivne,51.2074112,26.5208033,30,6098232,-3645880,809877
8395,Ukraine,Rivne,51.2074112,26.5208033,50,5286990,-2962126,694709
8396,Ukraine,Rivne,51.2074112,26.5208033,75,3280745,-1692763,421406
8397,Ukraine,Sevastopol,44.6054434,33.5220842,30,205122,-201543,25423
8398,Ukraine,Sevastopol,44.6054434,33.5220842,50,181071,-177883,22294
8399,Ukraine,Sevastopol,44.6054434,33.5220842,75,134594,-132455,16391
8400,Ukraine,Sumy,50.9119775,34.8027723,30,4086912,-3349780,520178
8401,Ukraine,Sumy,50.9119775,34.8027723,50,3650619,-2924258,460201
8402,Ukraine,Sumy,50.9119775,34.8027723,75,2493518,-1949411,300911
8403,Ukraine,Ternopil,49.6630002,25.6167516,30,1805930,-1619058,207884
8404,Ukraine,Ternopil,49.6630002,25.6167516,50,1663596,-1479340,190576
8405,Ukraine,Ternopil,49.6630002,25.6167516,75,1332758,-1165138,150740
8406,Ukraine,Vinnytsya,49.2392809,28.5110617,30,3596720,-3172034,441108
8407,Ukraine,Vinnytsya,49.2392809,28.5110617,50,3202836,-2783716,391322
8408,Ukraine,Vinnytsya,49.2392809,28.5110617,75,2635056,-2241169,317902
8409,Ukraine,Volyn,51.5451167,24.6627893,30,5243371,-3568310,753221
8410,Ukraine,Volyn,51.5451167,24.6627893,50,4684175,-3051589,666393
8411,Ukraine,Volyn,51.5451167,24.6627893,75,2923258,-1755413,410152
8412,Ukraine,Zakarpattia,48.2953664,23.4466092,30,8267503,-6993149,775262
8413,Ukraine,Zakarpattia,48.2953664,23.4466092,50,7945770,-6674670,741727
8414,Ukraine,Zakarpattia,48.2953664,23.4466092,75,7181346,-5937710,667433
8415,Ukraine,Zaporizhia,47.4165079,35.922969,30,367728,-355332,56018
8416,Ukraine,Zaporizhia,47.4165079,35.922969,50,219823,-208850,32878
8417,Ukraine,Zaporizhia,47.4165079,35.922969,75,106771,-100067,13896
8418,Ukraine,Zhytomyr,50.9080532,28.3867504,30,8567879,-4672300,1175326
8419,Ukraine,Zhytomyr,50.9080532,28.3867504,50,7735544,-3930604,1048307
8420,Ukraine,Zhytomyr,50.9080532,28.3867504,75,5545376,-2782524,730946
8421,United Arab Emirates,Abu Dhabi,24.4538352,54.3774014,30,16639,-16639,0
8422,United Arab Emirates,Abu Dhabi,24.4538352,54.3774014,50,16639,-16639,0
8423,United Arab Emirates,Abu Dhabi,24.4538352,54.3774014,75,16639,-16639,0
8424,United Arab Emirates,Ajman,24.8075165,56.069513,30,9,-9,0
8425,United Arab Emirates,Ajman,24.8075165,56.069513,50,9,-9,0
8426,United Arab Emirates,Ajman,24.8075165,56.069513,75,9,-9,0
8427,United Arab Emirates,Dubai,25.0742823,55.1885387,30,692,-692,0
8428,United Arab Emirates,Dubai,25.0742823,55.1885387,50,692,-692,0
8429,United Arab Emirates,Dubai,25.0742823,55.1885387,75,692,-692,0
8430,United Arab Emirates,Fujairah,25.4147357,56.2313667,30,29,-29,0
8431,United Arab Emirates,Fujairah,25.4147357,56.2313667,50,29,-29,0
8432,United Arab Emirates,Fujairah,25.4147357,56.2313667,75,29,-29,0
8433,United Arab Emirates,Ras Al-Khaimah,25.7737705,55.938232,30,232,-232,0
8434,United Arab Emirates,Ras Al-Khaimah,25.7737705,55.938232,50,232,-232,0
8435,United Arab Emirates,Ras Al-Khaimah,25.7737705,55.938232,75,232,-232,0
8436,United Arab Emirates,Sharjah,25.2797555,56.2775651,30,89,-89,0
8437,United Arab Emirates,Sharjah,25.2797555,56.2775651,50,89,-89,0
8438,United Arab Emirates,Sharjah,25.2797555,56.2775651,75,89,-89,0
8439,United Arab Emirates,Umm al-Qaywayn,25.5144944,55.718292,30,2732,-2732,0
8440,United Arab Emirates,Umm al-Qaywayn,25.5144944,55.718292,50,2732,-2732,0
8441,United Arab Emirates,Umm al-Qaywayn,25.5144944,55.718292,75,2732,-2732,0
8442,United Kingdom,England,52.5310214,-1.2649062,30,10729210,-8489598,1519997
8443,United Kingdom,England,52.5310214,-1.2649062,50,8705111,-6595190,1216359
8444,United Kingdom,England,52.5310214,-1.2649062,75,4072700,-2535949,530078
8445,United Kingdom,Northern Ireland,54.5859836,-6.9591554,30,1178531,-768740,195661
8446,United Kingdom,Northern Ireland,54.5859836,-6.9591554,50,900436,-512291,148149
8447,United Kingdom,Northern Ireland,54.5859836,-6.9591554,75,398769,-82737,62345
8448,United Kingdom,Scotland,56.7861112,-4.1140518,30,9597166,-2753014,1594496
8449,United Kingdom,Scotland,56.7861112,-4.1140518,50,7782402,-1115770,1286999
8450,United Kingdom,Scotland,56.7861112,-4.1140518,75,4824402,972174,771285
8451,United Kingdom,Wales,52.2928116,-3.73893,30,2425251,-1195971,386997
8452,United Kingdom,Wales,52.2928116,-3.73893,50,1949112,-765158,312091
8453,United Kingdom,Wales,52.2928116,-3.73893,75,976756,-31621,156535
8454,United States of America,Alabama,33.2588817,-86.8295337,30,80708220,-18828646,9097780
8455,United States of America,Alabama,33.2588817,-86.8295337,50,76906481,-16009836,8662949
8456,United States of America,Alabama,33.2588817,-86.8295337,75,70351062,-11953694,7888212
8457,United States of America,Alaska,64.4459613,-149.680909,30,110322891,-77999421,50000749
8458,United States of America,Alaska,64.4459613,-149.680909,50,86386820,-61319280,36891005
8459,United States of America,Alaska,64.4459613,-149.680909,75,54072461,-41490726,19917806
8460,United States of America,Arizona,34.395342,-111.763275,30,1994314,267388,1808863
8461,United States of America,Arizona,34.395342,-111.763275,50,1445153,290761,1172766
8462,United States of America,Arizona,34.395342,-111.763275,75,671211,271907,511182
8463,United States of America,Arkansas,35.2048883,-92.4479108,30,50826265,-13266068,7696109
8464,United States of America,Arkansas,35.2048883,-92.4479108,50,48468783,-11385919,7327323
8465,United States of America,Arkansas,35.2048883,-92.4479108,75,44266970,-8742670,6650452
8466,United States of America,California,36.7014631,-118.755997,30,26265508,44363682,9842717
8467,United States of America,California,36.7014631,-118.755997,50,22570027,43814854,8030243
8468,United States of America,California,36.7014631,-118.755997,75,18656967,40719293,6285127
8469,United States of America,Colorado,38.7251776,-105.607716,30,8316383,-2238464,4775318
8470,United States of America,Colorado,38.7251776,-105.607716,50,6358514,-858146,3706404
8471,United States of America,Colorado,38.7251776,-105.607716,75,4294556,179144,2535840
8472,United States of America,Connecticut,41.6500201,-72.7342163,30,5731457,-5321508,1002009
8473,United States of America,Connecticut,41.6500201,-72.7342163,50,5325800,-4919360,929462
8474,United States of America,Connecticut,41.6500201,-72.7342163,75,4709870,-4316265,819834
8475,United States of America,Delaware,38.6920451,-75.4013315,30,1185967,-890384,169131
8476,United States of America,Delaware,38.6920451,-75.4013315,50,1066559,-775711,150672
8477,United States of America,Delaware,38.6920451,-75.4013315,75,921584,-648376,128788
8478,United States of America,District of Columbia,38.8950368,-77.0365427,30,24179,-23377,3775
8479,United States of America,District of Columbia,38.8950368,-77.0365427,50,16457,-15719,2572
8480,United States of America,District of Columbia,38.8950368,-77.0365427,75,11880,-11281,1853
8481,United States of America,Florida,27.7567667,-81.4639835,30,54797380,-22316254,7424742
8482,United States of America,Florida,27.7567667,-81.4639835,50,47964112,-16480393,6337553
8483,United States of America,Florida,27.7567667,-81.4639835,75,40345172,-10933781,5102730
8484,United States of America,Florida,27.7567667,-81.4639835,30,1135229,-318065,60533
8485,United States of America,Florida,27.7567667,-81.4639835,50,1043799,-257821,50267
8486,United States of America,Florida,27.7567667,-81.4639835,75,821601,-171972,27345
8487,United States of America,Georgia,32.3293809,-83.1137366,30,91074671,-23433333,9893285
8488,United States of America,Georgia,32.3293809,-83.1137366,50,84982852,-18909056,9230115
8489,United States of America,Georgia,32.3293809,-83.1137366,75,76209384,-13942519,8216903
8490,United States of America,Hawaii,19.5938015,-155.4283701,30,3025795,-2642988,659497
8491,United States of America,Hawaii,19.5938015,-155.4283701,50,2583898,-2214195,579275
8492,United States of America,Hawaii,19.5938015,-155.4283701,75,1973907,-1658015,460384
8493,United States of America,Idaho,43.6447642,-114.015407,30,21372164,-1702154,7251032
8494,United States of America,Idaho,43.6447642,-114.015407,50,19122264,-342668,6406891
8495,United States of America,Idaho,43.6447642,-114.015407,75,16231952,742074,5345742
8496,United States of America,Illinois,40.0796606,-89.4337288,30,10486158,-10106432,2203726
8497,United States of America,Illinois,40.0796606,-89.4337288,50,9457038,-9096644,1967930
8498,United States of America,Illinois,40.0796606,-89.4337288,75,8035675,-7716943,1644620
8499,United States of America,Indiana,40.3270127,-86.1746933,30,10177960,-9623452,2120558
8500,United States of America,Indiana,40.3270127,-86.1746933,50,9416276,-8876900,1951148
8501,United States of America,Indiana,40.3270127,-86.1746933,75,8158884,-7666766,1674750
8502,United States of America,Iowa,41.9216734,-93.3122705,30,5771133,-5599063,1181715
8503,United States of America,Iowa,41.9216734,-93.3122705,50,5030684,-4871176,1018903
8504,United States of America,Iowa,41.9216734,-93.3122705,75,3845212,-3713156,760255
8505,United States of America,Kansas,38.27312,-98.5821872,30,3722011,-3556048,893154
8506,United States of America,Kansas,38.27312,-98.5821872,50,2915197,-2772257,689115
8507,United States of America,Kansas,38.27312,-98.5821872,75,1975332,-1867762,447089
8508,United States of America,Kentucky,37.5726028,-85.1551411,30,22738663,-18281915,5441908
8509,United States of America,Kentucky,37.5726028,-85.1551411,50,21740593,-17321413,5188213
8510,United States of America,Kentucky,37.5726028,-85.1551411,75,19877175,-15603557,4713149
8511,United States of America,Louisiana,30.8703881,-92.007126,30,52508345,-11168672,6310752
8512,United States of America,Louisiana,30.8703881,-92.007126,50,49162594,-8445485,5878074
8513,United States of America,Louisiana,30.8703881,-92.007126,75,44309828,-5143529,5231978
8514,United States of America,Maine,45.709097,-68.8590201,30,35283342,-20539127,7257524
8515,United States of America,Maine,45.709097,-68.8590201,50,34336902,-19634336,7067384
8516,United States of America,Maine,45.709097,-68.8590201,75,30746109,-16368263,6344602
8517,United States of America,Maryland,39.5162401,-76.9382069,30,1192806,169613,204741
8518,United States of America,Maryland,39.5162401,-76.9382069,50,1099629,177173,193720
8519,United States of America,Maryland,39.5162401,-76.9382069,75,184946,122,42345
8520,United States of America,Maryland,39.5162401,-76.9382069,30,7888794,-6727223,1238907
8521,United States of America,Maryland,39.5162401,-76.9382069,50,7108891,-5964059,1113357
8522,United States of America,Maryland,39.5162401,-76.9382069,75,6148420,-5082384,959245
8523,United States of America,Massachusetts,42.3788774,-72.032366,30,8922111,-7858124,1565847
8524,United States of America,Massachusetts,42.3788774,-72.032366,50,8223201,-7173906,1442388
8525,United States of America,Massachusetts,42.3788774,-72.032366,75,7065489,-6075015,1238437
8526,United States of America,Michigan,43.6211955,-84.6824346,30,39280427,-31541756,8668938
8527,United States of America,Michigan,43.6211955,-84.6824346,50,36865798,-29281903,8127906
8528,United States of America,Michigan,43.6211955,-84.6824346,75,32479206,-25395900,7108415
8529,United States of America,Minnesota,45.9896587,-94.6113288,30,34972894,-27758116,8038492
8530,United States of America,Minnesota,45.9896587,-94.6113288,50,31767901,-24623677,7309704
8531,United States of America,Minnesota,45.9896587,-94.6113288,75,26428309,-19570056,6020921
8532,United States of America,Mississippi,32.9715285,-89.7348497,30,61351423,-14192606,7738291
8533,United States of America,Mississippi,32.9715285,-89.7348497,50,58158217,-11667859,7327518
8534,United States of America,Mississippi,32.9715285,-89.7348497,75,52855098,-8100673,6623017
8535,United States of America,Missouri,38.7604815,-92.5617875,30,30598005,-25892945,6744767
8536,United States of America,Missouri,38.7604815,-92.5617875,50,28551614,-23922087,6272754
8537,United States of America,Missouri,38.7604815,-92.5617875,75,25156092,-20738861,5473560
8538,United States of America,Montana,47.3752671,-109.638757,30,1134472,-1091355,107055
8539,United States of America,Montana,47.3752671,-109.638757,50,1062067,-1019583,98390
8540,United States of America,Montana,47.3752671,-109.638757,75,848299,-810609,75812
8541,United States of America,Montana,47.3752671,-109.638757,30,18796285,-1744775,7407758
8542,United States of America,Montana,47.3752671,-109.638757,50,15742016,235432,6401775
8543,United States of America,Montana,47.3752671,-109.638757,75,12524477,1502649,5263106
8544,United States of America,Nebraska,41.7370229,-99.5873816,30,1331518,-1193238,328273
8545,United States of America,Nebraska,41.7370229,-99.5873816,50,849690,-768773,199521
8546,United States of America,Nebraska,41.7370229,-99.5873816,75,449561,-413044,94916
8547,United States of America,Nevada,39.5158825,-116.853722,30,658627,-364327,652649
8548,United States of America,Nevada,39.5158825,-116.853722,50,459541,-234181,381560
8549,United States of America,Nevada,39.5158825,-116.853722,75,274636,-114826,181451
8550,United States of America,New Hampshire,43.4849133,-71.6553992,30,11350231,-8431962,2091356
8551,United States of America,New Hampshire,43.4849133,-71.6553992,50,11034321,-8125256,2032964
8552,United States of America,New Hampshire,43.4849133,-71.6553992,75,10246455,-7387665,1887303
8553,United States of America,New Jersey,40.0757384,-74.4041622,30,6642412,-6129812,1120301
8554,United States of America,New Jersey,40.0757384,-74.4041622,50,5891840,-5412650,991416
8555,United States of America,New Jersey,40.0757384,-74.4041622,75,4980614,-4579416,833009
8556,United States of America,New Mexico,34.5802074,-105.996047,30,2932788,-365500,2364101
8557,United States of America,New Mexico,34.5802074,-105.996047,50,2193232,-55671,1627490
8558,United States of America,New Mexico,34.5802074,-105.996047,75,1334176,155118,892330
8559,United States of America,New York,40.7127281,-74.0060152,30,46494366,-43628688,8486278
8560,United States of America,New York,40.7127281,-74.0060152,50,44113611,-41274327,8041387
8561,United States of America,New York,40.7127281,-74.0060152,75,40163044,-37420941,7293170
8562,United States of America,North Carolina,35.6729639,-79.0392919,30,68096018,-30245419,8063240
8563,United States of America,North Carolina,35.6729639,-79.0392919,50,63871491,-26595109,7561169
8564,United States of America,North Carolina,35.6729639,-79.0392919,75,57372279,-21996576,6764077
8565,United States of America,North Dakota,47.6201461,-100.540737,30,1419013,-1368991,401169
8566,United States of America,North Dakota,47.6201461,-100.540737,50,874879,-833962,247921
8567,United States of America,North Dakota,47.6201461,-100.540737,75,495120,-465606,140097
8568,United States of America,Ohio,40.2253569,-82.6881395,30,16645710,-14278109,3554467
8569,United States of America,Ohio,40.2253569,-82.6881395,50,15523799,-13174248,3308162
8570,United States of America,Ohio,40.2253569,-82.6881395,75,13828180,-11536083,2930596
8571,United States of America,Oklahoma,34.9550817,-97.2684063,30,18216269,-11704108,3432382
8572,United States of America,Oklahoma,34.9550817,-97.2684063,50,16069475,-9810179,2957559
8573,United States of America,Oklahoma,34.9550817,-97.2684063,75,12325878,-6734421,2160978
8574,United States of America,Oregon,43.9792797,-120.737257,30,68188803,21283070,9721279
8575,United States of America,Oregon,43.9792797,-120.737257,50,64445038,22760369,8599648
8576,United States of America,Oregon,43.9792797,-120.737257,75,59271245,24235674,7459720
8577,United States of America,Pennsylvania,40.9699889,-77.7278831,30,42262515,-37759820,7527013
8578,United States of America,Pennsylvania,40.9699889,-77.7278831,50,40224216,-35751778,7150616
8579,United States of America,Pennsylvania,40.9699889,-77.7278831,75,36940818,-32570595,6548800
8580,United States of America,Rhode Island,41.7962409,-71.5992372,30,1095883,-932906,191226
8581,United States of America,Rhode Island,41.7962409,-71.5992372,50,1005710,-844158,175258
8582,United States of America,Rhode Island,41.7962409,-71.5992372,75,880313,-724595,153008
8583,United States of America,South Carolina,33.6874388,-80.4363743,30,52941703,-15455945,5259832
8584,United States of America,South Carolina,33.6874388,-80.4363743,50,49454188,-12767587,4907515
8585,United States of America,South Carolina,33.6874388,-80.4363743,75,44406259,-9800951,4373832
8586,United States of America,South Dakota,44.6471761,-100.348761,30,1486948,728759,505262
8587,United States of America,South Dakota,44.6471761,-100.348761,50,933567,850702,327928
8588,United States of America,South Dakota,44.6471761,-100.348761,75,488434,534711,168127
8589,United States of America,Tennessee,35.7730076,-86.2820081,30,27573250,-17141826,6210598
8590,United States of America,Tennessee,35.7730076,-86.2820081,50,26131096,-15799057,5887601
8591,United States of America,Tennessee,35.7730076,-86.2820081,75,23621464,-13656749,5317610
8592,United States of America,Texas,31.2638905,-98.5456116,30,58580496,-23212110,8359870
8593,United States of America,Texas,31.2638905,-98.5456116,50,52014312,-17643392,7009172
8594,United States of America,Texas,31.2638905,-98.5456116,75,44196418,-11606357,5613857
8595,United States of America,Utah,39.4225192,-111.714358,30,3482665,-1447445,2022754
8596,United States of America,Utah,39.4225192,-111.714358,50,2655191,-823911,1499696
8597,United States of America,Utah,39.4225192,-111.714358,75,1821888,-324024,1001902
8598,United States of America,Vermont,44.5990718,-72.5002608,30,10840736,-9846278,1986549
8599,United States of America,Vermont,44.5990718,-72.5002608,50,10547255,-9555763,1929998
8600,United States of America,Vermont,44.5990718,-72.5002608,75,9895676,-8919510,1804640
8601,United States of America,Virginia,37.1232245,-78.4927721,30,53437554,-30064183,6958847
8602,United States of America,Virginia,37.1232245,-78.4927721,50,50936123,-27794689,6626443
8603,United States of America,Virginia,37.1232245,-78.4927721,75,46493242,-24344335,6034484
8604,United States of America,Washington,38.8950368,-77.0365427,30,70059385,-19753986,8712903
8605,United States of America,Washington,38.8950368,-77.0365427,50,67104001,-17627850,8073234
8606,United States of America,Washington,38.8950368,-77.0365427,75,61558769,-13863793,7184104
8607,United States of America,West Virginia,38.4758406,-80.8408415,30,29733848,-25204971,5153944
8608,United States of America,West Virginia,38.4758406,-80.8408415,50,28956549,-24454271,5012586
8609,United States of America,West Virginia,38.4758406,-80.8408415,75,27202634,-22800541,4701446
8610,United States of America,Wisconsin,44.4308975,-89.6884637,30,34969767,-29464892,7174489
8611,United States of America,Wisconsin,44.4308975,-89.6884637,50,32684280,-27259724,6687166
8612,United States of America,Wisconsin,44.4308975,-89.6884637,75,28324357,-23213076,5747558
8613,United States of America,Wyoming,43.1700264,-107.568534,30,4472903,-236847,2659194
8614,United States of America,Wyoming,43.1700264,-107.568534,50,3569971,328168,2146955
8615,United States of America,Wyoming,43.1700264,-107.568534,75,2688028,596658,1635028
8616,Uruguay,Artigas,-30.6170756,-56.9373451,30,310803,-278963,85244
8617,Uruguay,Artigas,-30.6170756,-56.9373451,50,231210,-201440,67514
8618,Uruguay,Artigas,-30.6170756,-56.9373451,75,122795,-100715,45315
8619,Uruguay,Canelones,-34.6222482,-55.9903797,30,560032,-223735,41483
8620,Uruguay,Canelones,-34.6222482,-55.9903797,50,442379,-140313,31470
8621,Uruguay,Canelones,-34.6222482,-55.9903797,75,247554,-31229,15494
8622,Uruguay,Cerro Largo,-32.333333,-54.333333,30,2272722,-1083782,115545
8623,Uruguay,Cerro Largo,-32.333333,-54.333333,50,2155859,-988393,91247
8624,Uruguay,Cerro Largo,-32.333333,-54.333333,75,1923039,-850974,51292
8625,Uruguay,Colonia,-34.4698592,-57.8433679,30,316613,-112354,46584
8626,Uruguay,Colonia,-34.4698592,-57.8433679,50,271081,-78747,37771
8627,Uruguay,Colonia,-34.4698592,-57.8433679,75,164468,-24509,20201
8628,Uruguay,Durazno,-33.0833329,-56.0833331,30,1611836,-413537,64823
8629,Uruguay,Durazno,-33.0833329,-56.0833331,50,1529584,-359353,53325
8630,Uruguay,Durazno,-33.0833329,-56.0833331,75,1316129,-278681,31739
8631,Uruguay,Flores,-33.6518845,-56.8393553,30,370619,-205019,14028
8632,Uruguay,Flores,-33.6518845,-56.8393553,50,352208,-188565,11373
8633,Uruguay,Flores,-33.6518845,-56.8393553,75,309322,-153302,6813
8634,Uruguay,Florida,-33.833333,-55.916667,30,54797380,-22316254,7424742
8635,Uruguay,Florida,-33.833333,-55.916667,50,47964112,-16480393,6337553
8636,Uruguay,Florida,-33.833333,-55.916667,75,40345172,-10933781,5102730
8637,Uruguay,Florida,-33.833333,-55.916667,30,1135229,-318065,60533
8638,Uruguay,Florida,-33.833333,-55.916667,50,1043799,-257821,50267
8639,Uruguay,Florida,-33.833333,-55.916667,75,821601,-171972,27345
8640,Uruguay,Lavalleja,-33.9971964,-54.9992242,30,1781933,-445643,127986
8641,Uruguay,Lavalleja,-33.9971964,-54.9992242,50,1604778,-343497,106681
8642,Uruguay,Lavalleja,-33.9971964,-54.9992242,75,1207727,-202503,59898
8643,Uruguay,Maldonado,-34.9087162,-54.9582718,30,965418,-355296,97257
8644,Uruguay,Maldonado,-34.9087162,-54.9582718,50,877423,-291995,83568
8645,Uruguay,Maldonado,-34.9087162,-54.9582718,75,656710,-168861,50723
8646,Uruguay,Montevideo,-34.9058916,-56.1913095,30,50097,-37563,4718
8647,Uruguay,Montevideo,-34.9058916,-56.1913095,50,39208,-27925,3314
8648,Uruguay,Montevideo,-34.9058916,-56.1913095,75,19351,-11623,1248
8649,Uruguay,Paysandu,-32.3217257,-58.0892136,30,2763028,-479167,172967
8650,Uruguay,Paysandu,-32.3217257,-58.0892136,50,2590503,-372540,146566
8651,Uruguay,Paysandu,-32.3217257,-58.0892136,75,2199196,-212727,94670
8652,Uruguay,Rivera,-30.900058,-55.5408151,30,2797296,-910389,157950
8653,Uruguay,Rivera,-30.900058,-55.5408151,50,2566289,-777718,122451
8654,Uruguay,Rivera,-30.900058,-55.5408151,75,2238937,-634917,83136
8655,Uruguay,Rocha,-34.0,-54.0,30,1353257,-577724,105646
8656,Uruguay,Rocha,-34.0,-54.0,50,1232163,-480623,85602
8657,Uruguay,Rocha,-34.0,-54.0,75,942854,-296268,47716
8658,Uruguay,Rio Negro,-32.7257419,-57.387578,30,2483830,-236222,135707
8659,Uruguay,Rio Negro,-32.7257419,-57.387578,50,2372340,-173370,118005
8660,Uruguay,Rio Negro,-32.7257419,-57.387578,75,2078778,-73352,80483
8661,Uruguay,Salto,-31.38889,-57.9608876,30,375284,-310188,82279
8662,Uruguay,Salto,-31.38889,-57.9608876,50,287531,-226760,64528
8663,Uruguay,Salto,-31.38889,-57.9608876,75,158155,-114504,41914
8664,Uruguay,San Jose,-34.455,-56.616944,30,202913,-110782,30207
8665,Uruguay,San Jose,-34.455,-56.616944,50,166526,-82858,24653
8666,Uruguay,San Jose,-34.455,-56.616944,75,91487,-35686,13699
8667,Uruguay,Soriano,-33.4921266,-57.7893105,30,851759,-225022,72003
8668,Uruguay,Soriano,-33.4921266,-57.7893105,50,790705,-184528,60924
8669,Uruguay,Soriano,-33.4921266,-57.7893105,75,629004,-107786,36551
8670,Uruguay,Tacuarembo,-32.166667,-55.5,30,2574552,-843217,208966
8671,Uruguay,Tacuarembo,-32.166667,-55.5,50,2366190,-692495,166872
8672,Uruguay,Tacuarembo,-32.166667,-55.5,75,1949901,-512764,105019
8673,Uruguay,Treinta y Tres,-33.0,-54.25,30,1140193,-509206,69464
8674,Uruguay,Treinta y Tres,-33.0,-54.25,50,1082570,-459807,57746
8675,Uruguay,Treinta y Tres,-33.0,-54.25,75,972010,-375271,34792
8676,Uzbekistan,Andijon,40.7833471,72.3506746,30,9187,-8958,965
8677,Uzbekistan,Andijon,40.7833471,72.3506746,50,7407,-7244,621
8678,Uzbekistan,Andijon,40.7833471,72.3506746,75,5215,-5117,201
8679,Uzbekistan,Buxoro,39.7759835,64.415153,30,196,-149,405
8680,Uzbekistan,Buxoro,39.7759835,64.415153,50,106,-70,218
8681,Uzbekistan,Buxoro,39.7759835,64.415153,75,15,9,33
8682,Uzbekistan,Fargona,40.3764879,71.7913193,30,15594,-15494,268
8683,Uzbekistan,Fargona,40.3764879,71.7913193,50,14606,-14540,84
8684,Uzbekistan,Fargona,40.3764879,71.7913193,75,14218,-14187,8
8685,Uzbekistan,Jizzax,40.1331797,67.8234081,30,115029,-113156,27077
8686,Uzbekistan,Jizzax,40.1331797,67.8234081,50,50703,-49190,13555
8687,Uzbekistan,Jizzax,40.1331797,67.8234081,75,19564,-18678,5383
8688,Uzbekistan,Namangan,40.9996482,71.6726238,30,8382,-8248,295
8689,Uzbekistan,Namangan,40.9996482,71.6726238,50,7188,-7103,66
8690,Uzbekistan,Namangan,40.9996482,71.6726238,75,6948,-6889,18
8691,Uzbekistan,Navoiy,42.0,64.0,30,9971,-9142,2919
8692,Uzbekistan,Navoiy,42.0,64.0,50,6411,-5665,1986
8693,Uzbekistan,Navoiy,42.0,64.0,75,3107,-2550,1031
8694,Uzbekistan,Qaraqalpaqstan,43.7738841,57.6234617,30,11753,-8303,24390
8695,Uzbekistan,Qaraqalpaqstan,43.7738841,57.6234617,50,4735,-2183,9943
8696,Uzbekistan,Qaraqalpaqstan,43.7738841,57.6234617,75,512,660,1107
8697,Uzbekistan,Qashqadaryo,38.5639397,65.5311095,30,24187,-23803,4340
8698,Uzbekistan,Qashqadaryo,38.5639397,65.5311095,50,6240,-5896,1032
8699,Uzbekistan,Qashqadaryo,38.5639397,65.5311095,75,2439,-2198,216
8700,Uzbekistan,Samarqand,39.6550017,66.9756954,30,23938,-21956,4392
8701,Uzbekistan,Samarqand,39.6550017,66.9756954,50,16397,-14702,2910
8702,Uzbekistan,Samarqand,39.6550017,66.9756954,75,9954,-8799,1635
8703,Uzbekistan,Sirdaryo,40.202901,69.2851015,30,8258,-7932,4512
8704,Uzbekistan,Sirdaryo,40.202901,69.2851015,50,6084,-5812,3290
8705,Uzbekistan,Sirdaryo,40.202901,69.2851015,75,3781,-3622,2088
8706,Uzbekistan,Surxondaryo,37.9520843,67.1265996,30,16118,-16067,2477
8707,Uzbekistan,Surxondaryo,37.9520843,67.1265996,50,5269,-5243,491
8708,Uzbekistan,Surxondaryo,37.9520843,67.1265996,75,2941,-2930,58
8709,Uzbekistan,Toshkent,41.3123363,69.2787079,30,163525,-161084,32818
8710,Uzbekistan,Toshkent,41.3123363,69.2787079,50,79419,-77338,16281
8711,Uzbekistan,Toshkent,41.3123363,69.2787079,75,42913,-41644,8332
8712,Uzbekistan,Toshkent Shahri,41.3123363,69.2787079,30,937,-338,1206
8713,Uzbekistan,Toshkent Shahri,41.3123363,69.2787079,50,721,-253,825
8714,Uzbekistan,Toshkent Shahri,41.3123363,69.2787079,75,433,-188,361
8715,Uzbekistan,Xorazm,41.2902835,60.5428537,30,53,-41,113
8716,Uzbekistan,Xorazm,41.2902835,60.5428537,50,36,-29,75
8717,Uzbekistan,Xorazm,41.2902835,60.5428537,75,1,3,2
8718,Vanuatu,Malampa,-16.2975,167.8103716,30,1238864,-1189542,267832
8719,Vanuatu,Malampa,-16.2975,167.8103716,50,1220496,-1172214,264526
8720,Vanuatu,Malampa,-16.2975,167.8103716,75,1162959,-1120320,253599
8721,Vanuatu,Penama,-15.2116666,167.9360319,30,504785,-422720,118139
8722,Vanuatu,Penama,-15.2116666,167.9360319,50,501990,-420050,117545
8723,Vanuatu,Penama,-15.2116666,167.9360319,75,485711,-404912,114017
8724,Vanuatu,Sanma,-15.158134,166.9393865,30,1826707,-1755874,417432
8725,Vanuatu,Sanma,-15.158134,166.9393865,50,1794412,-1725123,411795
8726,Vanuatu,Sanma,-15.158134,166.9393865,75,1668460,-1604220,389399
8727,Vanuatu,Shefa,-17.3283967,168.2547316,30,680401,-610115,145705
8728,Vanuatu,Shefa,-17.3283967,168.2547316,50,646197,-577375,139832
8729,Vanuatu,Shefa,-17.3283967,168.2547316,75,573889,-510386,127181
8730,Vanuatu,Tafea,-19.3706034,169.6752428,30,621154,-521534,149631
8731,Vanuatu,Tafea,-19.3706034,169.6752428,50,601612,-505434,145947
8732,Vanuatu,Tafea,-19.3706034,169.6752428,75,547808,-464507,135250
8733,Vanuatu,Torba,-13.6644135,167.1741636,30,347325,-312876,82414
8734,Vanuatu,Torba,-13.6644135,167.1741636,50,344739,-310411,81829
8735,Vanuatu,Torba,-13.6644135,167.1741636,75,332545,-298763,79005
8736,Venezuela,Amazonas,3.422575,-65.723231,30,338657077,-207194289,149835640
8737,Venezuela,Amazonas,3.422575,-65.723231,50,336339306,-205346515,149394541
8738,Venezuela,Amazonas,3.422575,-65.723231,75,332243151,-202355917,148599240
8739,Venezuela,Amazonas,3.422575,-65.723231,30,22518742,-21085438,10751506
8740,Venezuela,Amazonas,3.422575,-65.723231,50,22496171,-21067264,10746642
8741,Venezuela,Amazonas,3.422575,-65.723231,75,22450218,-21030033,10736271
8742,Venezuela,Amazonas,3.422575,-65.723231,30,6443547,-2295845,3492641
8743,Venezuela,Amazonas,3.422575,-65.723231,50,6023224,-1918699,3391225
8744,Venezuela,Amazonas,3.422575,-65.723231,75,5280611,-1287910,3178393
8745,Venezuela,Amazonas,3.422575,-65.723231,30,34987173,-30031986,17567910
8746,Venezuela,Amazonas,3.422575,-65.723231,50,34449581,-29512017,17452014
8747,Venezuela,Amazonas,3.422575,-65.723231,75,33741068,-28846360,17295170
8748,Venezuela,Anzoategui,9.0197925,-64.2168001,30,7922464,-5282604,1522652
8749,Venezuela,Anzoategui,9.0197925,-64.2168001,50,6556499,-4206935,1276414
8750,Venezuela,Anzoategui,9.0197925,-64.2168001,75,3799934,-2193354,753328
8751,Venezuela,Apure,7.0735781,-68.8202025,30,7266619,-4914419,1421767
8752,Venezuela,Apure,7.0735781,-68.8202025,50,5596936,-3356175,1137160
8753,Venezuela,Apure,7.0735781,-68.8202025,75,3605135,-1697638,781259
8754,Venezuela,Aragua,9.9897564,-67.0839257,30,1559835,-1333968,349454
8755,Venezuela,Aragua,9.9897564,-67.0839257,50,1197147,-1006348,285221
8756,Venezuela,Aragua,9.9897564,-67.0839257,75,662554,-556305,186196
8757,Venezuela,Barinas,8.1739775,-69.9755552,30,6039855,-3157801,1248901
8758,Venezuela,Barinas,8.1739775,-69.9755552,50,4845503,-2102915,1043372
8759,Venezuela,Barinas,8.1739775,-69.9755552,75,3072360,-924137,700782
8760,Venezuela,Bolivar,6.2003493,-63.2775558,30,993078,-888464,229559
8761,Venezuela,Bolivar,6.2003493,-63.2775558,50,814008,-715946,186492
8762,Venezuela,Bolivar,6.2003493,-63.2775558,75,554337,-478134,124484
8763,Venezuela,Bolivar,6.2003493,-63.2775558,30,44003754,-31653370,19096469
8764,Venezuela,Bolivar,6.2003493,-63.2775558,50,42274322,-30029359,18761131
8765,Venezuela,Bolivar,6.2003493,-63.2775558,75,40148466,-28184980,18338209
8766,Venezuela,Carabobo,10.2137258,-68.0396345,30,866777,-679473,207659
8767,Venezuela,Carabobo,10.2137258,-68.0396345,50,717442,-546940,181086
8768,Venezuela,Carabobo,10.2137258,-68.0396345,75,517963,-385214,143168
8769,Venezuela,Cojedes,9.3094457,-68.3590546,30,3441349,-2810610,600783
8770,Venezuela,Cojedes,9.3094457,-68.3590546,50,2880991,-2293310,504135
8771,Venezuela,Cojedes,9.3094457,-68.3590546,75,1840494,-1424192,318221
8772,Venezuela,Delta Amacuro,8.7939846,-61.3232805,30,9792707,-9103766,3400468
8773,Venezuela,Delta Amacuro,8.7939846,-61.3232805,50,9622327,-8937871,3369841
8774,Venezuela,Delta Amacuro,8.7939846,-61.3232805,75,9376054,-8702120,3321647
8775,Venezuela,Dependencias Federales,11.8592541,-66.7707981,30,43698,-43578,569
8776,Venezuela,Dependencias Federales,11.8592541,-66.7707981,50,43144,-43026,456
8777,Venezuela,Dependencias Federales,11.8592541,-66.7707981,75,42461,-42346,280
8778,Venezuela,Distrito Capital,10.4658389,-66.9949964,30,50514,-45902,15377
8779,Venezuela,Distrito Capital,10.4658389,-66.9949964,50,39142,-35422,12534
8780,Venezuela,Distrito Capital,10.4658389,-66.9949964,75,23296,-21070,8332
8781,Venezuela,Falcon,11.273946,-69.5834205,30,4285560,-2036393,995952
8782,Venezuela,Falcon,11.273946,-69.5834205,50,3537581,-1426595,817785
8783,Venezuela,Falcon,11.273946,-69.5834205,75,2560910,-803117,576037
8784,Venezuela,Guarico,8.8378585,-66.3821,30,8623913,-6957294,1494700
8785,Venezuela,Guarico,8.8378585,-66.3821,50,6170644,-4807185,1072604
8786,Venezuela,Guarico,8.8378585,-66.3821,75,2589497,-1957710,434480
8787,Venezuela,Lara,10.0714491,-70.0270358,30,2953552,-1751266,700096
8788,Venezuela,Lara,10.0714491,-70.0270358,50,2361145,-1266438,556480
8789,Venezuela,Lara,10.0714491,-70.0270358,75,1671081,-820105,392571
8790,Venezuela,Miranda,10.2343499,-66.3807249,30,2909647,-1785514,690132
8791,Venezuela,Miranda,10.2343499,-66.3807249,50,2727156,-1630743,656821
8792,Venezuela,Miranda,10.2343499,-66.3807249,75,2345807,-1337159,585103
8793,Venezuela,Monagas,9.3437846,-63.1589318,30,6597823,-2786787,1313023
8794,Venezuela,Monagas,9.3437846,-63.1589318,50,6087141,-2519727,1217681
8795,Venezuela,Monagas,9.3437846,-63.1589318,75,5287630,-2187709,1066889
8796,Venezuela,Merida,8.5816963,-71.1658075,30,2337849,-1770735,800587
8797,Venezuela,Merida,8.5816963,-71.1658075,50,2054876,-1503767,733116
8798,Venezuela,Merida,8.5816963,-71.1658075,75,1524970,-1025433,579853
8799,Venezuela,Nueva Esparta,10.9645415,-64.0975447,30,110371,-107241,14206
8800,Venezuela,Nueva Esparta,10.9645415,-64.0975447,50,90062,-87599,10803
8801,Venezuela,Nueva Esparta,10.9645415,-64.0975447,75,69697,-68032,7292
8802,Venezuela,Portuguesa,8.9674808,-69.3915205,30,4083060,-2508790,781826
8803,Venezuela,Portuguesa,8.9674808,-69.3915205,50,3539019,-2048668,687600
8804,Venezuela,Portuguesa,8.9674808,-69.3915205,75,2401471,-1337100,473477
8805,Venezuela,Sucre,10.4088276,-63.351996,30,2146842,-1332116,413917
8806,Venezuela,Sucre,10.4088276,-63.351996,50,1707289,-942449,331768
8807,Venezuela,Sucre,10.4088276,-63.351996,75,963611,-358974,187247
8808,Venezuela,Sucre,10.4088276,-63.351996,30,2597864,-884353,850043
8809,Venezuela,Sucre,10.4088276,-63.351996,50,2483863,-790366,813408
8810,Venezuela,Sucre,10.4088276,-63.351996,75,2304056,-685397,751494
8811,Venezuela,Trujillo,9.4958129,-70.7688907,30,1719464,-989665,471567
8812,Venezuela,Trujillo,9.4958129,-70.7688907,50,1467327,-778373,416077
8813,Venezuela,Trujillo,9.4958129,-70.7688907,75,1073222,-498197,320348
8814,Venezuela,Tachira,7.8954983,-72.0214319,30,2377751,-1260621,682194
8815,Venezuela,Tachira,7.8954983,-72.0214319,50,2077266,-988770,616761
8816,Venezuela,Tachira,7.8954983,-72.0214319,75,1635505,-625763,512236
8817,Venezuela,Vargas,10.5802547,-66.8603468,30,176067,-133202,81345
8818,Venezuela,Vargas,10.5802547,-66.8603468,50,162369,-121050,76813
8819,Venezuela,Vargas,10.5802547,-66.8603468,75,138981,-102141,68481
8820,Venezuela,Yaracuy,10.3040312,-68.7014018,30,1633671,-1130428,354284
8821,Venezuela,Yaracuy,10.3040312,-68.7014018,50,1499908,-1019068,327992
8822,Venezuela,Yaracuy,10.3040312,-68.7014018,75,1234391,-818120,274652
8823,Venezuela,Zulia,9.8910697,-72.087479,30,6937372,-2519728,1857508
8824,Venezuela,Zulia,9.8910697,-72.087479,50,6241219,-1999973,1705453
8825,Venezuela,Zulia,9.8910697,-72.087479,75,5184934,-1352167,1466601
8826,Vietnam,An Giang,10.3188672,105.0432488,30,362121,-328709,38544
8827,Vietnam,An Giang,10.3188672,105.0432488,50,261578,-233257,27280
8828,Vietnam,An Giang,10.3188672,105.0432488,75,91280,-73229,9933
8829,Vietnam,Ba Ria - Vung Tau,10.3668459,107.0843152,30,526309,-193941,56711
8830,Vietnam,Ba Ria - Vung Tau,10.3668459,107.0843152,50,466356,-163662,47424
8831,Vietnam,Ba Ria - Vung Tau,10.3668459,107.0843152,75,309883,-106153,25773
8832,Vietnam,Binh Duong,11.1826157,106.6738179,30,646405,1328313,97463
8833,Vietnam,Binh Duong,11.1826157,106.6738179,50,610625,1245586,82436
8834,Vietnam,Binh Duong,11.1826157,106.6738179,75,554698,858494,52572
8835,Vietnam,Binh Phuoc,11.8000378,106.9151381,30,3664129,-1669,369729
8836,Vietnam,Binh Phuoc,11.8000378,106.9151381,50,3233153,222203,303520
8837,Vietnam,Binh Phuoc,11.8000378,106.9151381,75,2587860,382388,205133
8838,Vietnam,Binh Thuan,10.9685906,108.0032715,30,907368,291430,282493
8839,Vietnam,Binh Thuan,10.9685906,108.0032715,50,826824,269609,253970
8840,Vietnam,Binh Thuan,10.9685906,108.0032715,75,675451,117983,192436
8841,Vietnam,Binh Dinh,14.1086959,109.1145897,30,2782442,821520,365177
8842,Vietnam,Binh Dinh,14.1086959,109.1145897,50,2469290,759364,343761
8843,Vietnam,Binh Dinh,14.1086959,109.1145897,75,1802820,537947,296629
8844,Vietnam,Bac Lieu,8.8961366,105.6969598,30,103900,-96819,7338
8845,Vietnam,Bac Lieu,8.8961366,105.6969598,50,84893,-78573,3704
8846,Vietnam,Bac Lieu,8.8961366,105.6969598,75,71254,-66668,834
8847,Vietnam,Bac Giang,21.3740092,106.4663176,30,1942377,324627,123081
8848,Vietnam,Bac Giang,21.3740092,106.4663176,50,1570902,374018,106275
8849,Vietnam,Bac Giang,21.3740092,106.4663176,75,855841,310965,71640
8850,Vietnam,Bac Kan,22.2728552,105.8564601,30,3031679,-1217497,413868
8851,Vietnam,Bac Kan,22.2728552,105.8564601,50,2826716,-1080546,390336
8852,Vietnam,Bac Kan,22.2728552,105.8564601,75,1962985,-613056,301543
8853,Vietnam,Bac Ninh,21.3282166,106.4625257,30,13250,-10046,262
8854,Vietnam,Bac Ninh,21.3282166,106.4625257,50,12697,-9603,105
8855,Vietnam,Bac Ninh,21.3282166,106.4625257,75,12531,-9543,23
8856,Vietnam,Ben Tre,9.8837431,106.7340154,30,254178,-249367,33677
8857,Vietnam,Ben Tre,9.8837431,106.7340154,50,173565,-169608,17269
8858,Vietnam,Ben Tre,9.8837431,106.7340154,75,98286,-95837,3476
8859,Vietnam,Cao Bang,22.7426936,106.1060926,30,1484998,-902315,459072
8860,Vietnam,Cao Bang,22.7426936,106.1060926,50,1251684,-735631,398675
8861,Vietnam,Cao Bang,22.7426936,106.1060926,75,610653,-323105,211258
8862,Vietnam,Ca Mau,9.0180177,105.0869724,30,2425089,-1637774,78106
8863,Vietnam,Ca Mau,9.0180177,105.0869724,50,2146078,-1464826,58154
8864,Vietnam,Ca Mau,9.0180177,105.0869724,75,1754781,-1304693,28970
8865,Vietnam,Can Tho,10.0362046,105.7872656,30,44260,-41646,9993
8866,Vietnam,Can Tho,10.0362046,105.7872656,50,26892,-24516,5023
8867,Vietnam,Can Tho,10.0362046,105.7872656,75,14535,-12886,1446
8868,Vietnam,Gia Lai,14.0201373,108.6354524,30,3000133,1701249,720602
8869,Vietnam,Gia Lai,14.0201373,108.6354524,50,2456157,1716597,609329
8870,Vietnam,Gia Lai,14.0201373,108.6354524,75,1748624,1119414,461391
8871,Vietnam,Hoa Binh,20.7090533,105.2576439,30,2429079,-627344,274731
8872,Vietnam,Hoa Binh,20.7090533,105.2576439,50,2009514,-520565,239749
8873,Vietnam,Hoa Binh,20.7090533,105.2576439,75,898908,-264713,146042
8874,Vietnam,Ha Giang,22.8168007,104.9504515,30,743264,56588,460058
8875,Vietnam,Ha Giang,22.8168007,104.9504515,50,592517,102328,385270
8876,Vietnam,Ha Giang,22.8168007,104.9504515,75,262099,59902,200153
8877,Vietnam,Ha Nam,20.5340294,105.9810248,30,30833,-16151,5416
8878,Vietnam,Ha Nam,20.5340294,105.9810248,50,23396,-11468,4325
8879,Vietnam,Ha Nam,20.5340294,105.9810248,75,15906,-7989,2274
8880,Vietnam,Ha Noi,21.0283334,105.854041,30,381506,-300870,17139
8881,Vietnam,Ha Noi,21.0283334,105.854041,50,308348,-246548,12409
8882,Vietnam,Ha Noi,21.0283334,105.854041,75,154528,-119001,4783
8883,Vietnam,Ha Tinh,18.3504832,105.7623047,30,3063882,211159,339200
8884,Vietnam,Ha Tinh,18.3504832,105.7623047,50,2830408,231492,324449
8885,Vietnam,Ha Tinh,18.3504832,105.7623047,75,2210520,170985,287306
8886,Vietnam,Hung Yen,20.6065846,106.2843471,30,14337,-14024,124
8887,Vietnam,Hung Yen,20.6065846,106.2843471,50,14194,-13895,54
8888,Vietnam,Hung Yen,20.6065846,106.2843471,75,14138,-13885,25
8889,Vietnam,Hai Duong,20.9602884,106.3604393,30,163127,-88168,6194
8890,Vietnam,Hai Duong,20.9602884,106.3604393,50,136652,-74053,4605
8891,Vietnam,Hai Duong,20.9602884,106.3604393,75,85032,-45643,2265
8892,Vietnam,Hai Phong,20.8623278,106.6799266,30,116879,-99705,15828
8893,Vietnam,Hai Phong,20.8623278,106.6799266,50,106540,-91823,14211
8894,Vietnam,Hai Phong,20.8623278,106.6799266,75,83843,-72913,8474
8895,Vietnam,Hau Giang,9.7881262,105.6390398,30,188309,-174791,27243
8896,Vietnam,Hau Giang,9.7881262,105.6390398,50,119778,-109561,12847
8897,Vietnam,Hau Giang,9.7881262,105.6390398,75,36123,-31191,2723
8898,Vietnam,Ho Chi Minh,10.7755254,106.7021047,30,488609,-420516,42900
8899,Vietnam,Ho Chi Minh,10.7755254,106.7021047,50,458904,-396752,35758
8900,Vietnam,Ho Chi Minh,10.7755254,106.7021047,75,435479,-386054,26790
8901,Vietnam,Khanh Hoa,12.2980751,108.9950386,30,2058685,-257114,292556
8902,Vietnam,Khanh Hoa,12.2980751,108.9950386,50,1843470,-203978,278431
8903,Vietnam,Khanh Hoa,12.2980751,108.9950386,75,1297792,-117549,241770
8904,Vietnam,Kien Giang,9.7667502,104.4726437,30,665578,-475752,86577
8905,Vietnam,Kien Giang,9.7667502,104.4726437,50,513970,-366014,64589
8906,Vietnam,Kien Giang,9.7667502,104.4726437,75,388663,-296175,42152
8907,Vietnam,Kon Tum,14.6995372,107.9323831,30,2437646,3007019,746395
8908,Vietnam,Kon Tum,14.6995372,107.9323831,50,2259930,3030618,720645
8909,Vietnam,Kon Tum,14.6995372,107.9323831,75,1865452,2855030,657461
8910,Vietnam,Lai Chau,22.2921668,103.1798662,30,1460905,-816657,559355
8911,Vietnam,Lai Chau,22.2921668,103.1798662,50,1103993,-540248,478494
8912,Vietnam,Lai Chau,22.2921668,103.1798662,75,359132,-95550,227326
8913,Vietnam,Long An,10.480828,107.2008562,30,677134,-421557,60808
8914,Vietnam,Long An,10.480828,107.2008562,50,399314,-223681,34878
8915,Vietnam,Long An,10.480828,107.2008562,75,171522,-70030,11373
8916,Vietnam,Lao Cai,22.3069302,104.1829592,30,1971000,-1309484,325688
8917,Vietnam,Lao Cai,22.3069302,104.1829592,50,1250046,-731476,264169
8918,Vietnam,Lao Cai,22.3069302,104.1829592,75,317774,-88566,144200
8919,Vietnam,Lam Dong,11.6614957,108.1335279,30,3727498,-1103088,717824
8920,Vietnam,Lam Dong,11.6614957,108.1335279,50,3215858,-694292,653022
8921,Vietnam,Lam Dong,11.6614957,108.1335279,75,2378532,-176958,545696
8922,Vietnam,Lang Son,21.8487579,106.6140692,30,7622427,-3385524,572742
8923,Vietnam,Lang Son,21.8487579,106.6140692,50,6495050,-2710485,513569
8924,Vietnam,Lang Son,21.8487579,106.6140692,75,3515273,-1133076,335662
8925,Vietnam,Nam Dinh,19.9952624,106.485807,30,40534,-38800,2440
8926,Vietnam,Nam Dinh,19.9952624,106.485807,50,38076,-36393,1323
8927,Vietnam,Nam Dinh,19.9952624,106.485807,75,37138,-35727,675
8928,Vietnam,Nghe An,19.1976001,105.060676,30,4802908,1756995,1086292
8929,Vietnam,Nghe An,19.1976001,105.060676,50,4196989,1744465,1023944
8930,Vietnam,Nghe An,19.1976001,105.060676,75,2614961,1170463,794256
8931,Vietnam,Ninh Binh,20.2421142,105.9746207,30,106442,-45125,24067
8932,Vietnam,Ninh Binh,20.2421142,105.9746207,50,87057,-39093,21203
8933,Vietnam,Ninh Binh,20.2421142,105.9746207,75,46885,-25740,14461
8934,Vietnam,Ninh Thuan,11.4639176,109.1316501,30,343904,-63573,137618
8935,Vietnam,Ninh Thuan,11.4639176,109.1316501,50,305533,-49296,126055
8936,Vietnam,Ninh Thuan,11.4639176,109.1316501,75,225121,-31291,98619
8937,Vietnam,Phu Tho,21.4144881,105.2293463,30,2467875,-379576,140938
8938,Vietnam,Phu Tho,21.4144881,105.2293463,50,1970542,-290811,115725
8939,Vietnam,Phu Tho,21.4144881,105.2293463,75,899686,-188320,63091
8940,Vietnam,Phu Yen,13.1998999,109.2390033,30,1964675,632253,254054
8941,Vietnam,Phu Yen,13.1998999,109.2390033,50,1747288,614646,236799
8942,Vietnam,Phu Yen,13.1998999,109.2390033,75,1283109,462705,195600
8943,Vietnam,Quang Binh,17.5157162,106.6225405,30,3540485,-597040,604416
8944,Vietnam,Quang Binh,17.5157162,106.6225405,50,3319225,-647959,587668
8945,Vietnam,Quang Binh,17.5157162,106.6225405,75,2519629,-865178,507734
8946,Vietnam,Quang Nam,11.9537073,108.4306103,30,5371177,2060808,810948
8947,Vietnam,Quang Nam,11.9537073,108.4306103,50,4943567,1958154,782988
8948,Vietnam,Quang Nam,11.9537073,108.4306103,75,3472775,1409525,686527
8949,Vietnam,Quang Ngai,15.1209627,108.7813826,30,3943887,1583822,321366
8950,Vietnam,Quang Ngai,15.1209627,108.7813826,50,3541516,1497246,297831
8951,Vietnam,Quang Ngai,15.1209627,108.7813826,75,2472347,1090056,236406
8952,Vietnam,Quang Ninh,21.1718046,107.2012742,30,7113547,-988486,339129
8953,Vietnam,Quang Ninh,21.1718046,107.2012742,50,6238219,-785651,303648
8954,Vietnam,Quang Ninh,21.1718046,107.2012742,75,3562030,-612849,191191
8955,Vietnam,Quang Tri,17.2166964,106.9548246,30,2982427,695984,311363
8956,Vietnam,Quang Tri,17.2166964,106.9548246,50,2662754,719061,287385
8957,Vietnam,Quang Tri,17.2166964,106.9548246,75,1921295,549891,228896
8958,Vietnam,Soc Trang,9.3203771,106.1059371,30,181104,-128512,21117
8959,Vietnam,Soc Trang,9.3203771,106.1059371,50,134858,-92481,11678
8960,Vietnam,Soc Trang,9.3203771,106.1059371,75,64479,-53240,2745
8961,Vietnam,Son La,21.2276769,104.1575944,30,2384329,336993,830447
8962,Vietnam,Son La,21.2276769,104.1575944,50,1972075,514997,719742
8963,Vietnam,Son La,21.2276769,104.1575944,75,1040340,571964,432589
8964,Vietnam,Thanh Hoa,19.9781573,105.4816107,30,6091594,-2165334,612567
8965,Vietnam,Thanh Hoa,19.9781573,105.4816107,50,5496838,-1965844,566970
8966,Vietnam,Thanh Hoa,19.9781573,105.4816107,75,3606062,-1368010,435410
8967,Vietnam,Thai Binh,20.4031348,106.5941615,30,53722,-51871,2674
8968,Vietnam,Thai Binh,20.4031348,106.5941615,50,51338,-49537,1405
8969,Vietnam,Thai Binh,20.4031348,106.5941615,75,50466,-48983,374
8970,Vietnam,Thai Nguyen,21.9610968,105.8440789,30,2931097,5704,185640
8971,Vietnam,Thai Nguyen,21.9610968,105.8440789,50,2489906,109214,162808
8972,Vietnam,Thai Nguyen,21.9610968,105.8440789,75,1344481,132855,107546
8973,Vietnam,Thua Thien Hue,16.5530473,107.6900375,30,2705095,89766,334733
8974,Vietnam,Thua Thien Hue,16.5530473,107.6900375,50,2366660,54991,316810
8975,Vietnam,Thua Thien Hue,16.5530473,107.6900375,75,1476932,-87607,271287
8976,Vietnam,Tien Giang,10.7803737,105.3031732,30,234866,-214080,33588
8977,Vietnam,Tien Giang,10.7803737,105.3031732,50,150015,-135255,14715
8978,Vietnam,Tien Giang,10.7803737,105.3031732,75,96837,-86089,2433
8979,Vietnam,Tra Vinh,9.5815192,106.5307116,30,94643,-89567,14737
8980,Vietnam,Tra Vinh,9.5815192,106.5307116,50,68543,-64098,8270
8981,Vietnam,Tra Vinh,9.5815192,106.5307116,75,45794,-42924,2565
8982,Vietnam,Tuyen Quang,21.7746611,105.2357063,30,4521975,-630405,388329
8983,Vietnam,Tuyen Quang,21.7746611,105.2357063,50,3831129,-432411,350190
8984,Vietnam,Tuyen Quang,21.7746611,105.2357063,75,1904090,-75597,231371
8985,Vietnam,Tay Ninh,11.0800527,106.2610531,30,991248,-107533,82585
8986,Vietnam,Tay Ninh,11.0800527,106.2610531,50,946320,-108037,71800
8987,Vietnam,Tay Ninh,11.0800527,106.2610531,75,860198,-191523,47316
8988,Vietnam,Vinh Long,10.046765,106.2947443,30,82261,-79305,16708
8989,Vietnam,Vinh Long,10.046765,106.2947443,50,53275,-50593,8425
8990,Vietnam,Vinh Long,10.046765,106.2947443,75,35146,-33088,3156
8991,Vietnam,Vinh Phuc,21.1744314,106.0041135,30,429854,-263659,21364
8992,Vietnam,Vinh Phuc,21.1744314,106.0041135,50,355753,-231620,18719
8993,Vietnam,Vinh Phuc,21.1744314,106.0041135,75,192925,-132408,13194
8994,Vietnam,Yen Bai,21.8091042,104.5182832,30,5813063,-3409911,435975
8995,Vietnam,Yen Bai,21.8091042,104.5182832,50,4467110,-2626815,374055
8996,Vietnam,Yen Bai,21.8091042,104.5182832,75,1670327,-1002825,214632
8997,Vietnam,Dien Bien,21.6546566,103.2168632,30,1691329,755885,605466
8998,Vietnam,Dien Bien,21.6546566,103.2168632,50,1373786,812142,518302
8999,Vietnam,Dien Bien,21.6546566,103.2168632,75,590040,559803,256829
9000,Vietnam,Da Nang,16.068,108.212,30,337748,84914,61925
9001,Vietnam,Da Nang,16.068,108.212,50,295163,79816,59178
9002,Vietnam,Da Nang,16.068,108.212,75,183528,54944,51449
9003,Vietnam,Dak Lak,12.8741856,108.7979302,30,2337200,735821,544607
9004,Vietnam,Dak Lak,12.8741856,108.7979302,50,2008835,848297,454964
9005,Vietnam,Dak Lak,12.8741856,108.7979302,75,1563364,789994,339945
9006,Vietnam,Dak Nong,12.2807367,107.742636,30,1946042,1344403,424629
9007,Vietnam,Dak Nong,12.2807367,107.742636,50,1692870,1541964,381729
9008,Vietnam,Dak Nong,12.2807367,107.742636,75,1323264,1686084,319224
9009,Vietnam,Dong Nai,11.4285446,107.1624245,30,1648328,-284852,260517
9010,Vietnam,Dong Nai,11.4285446,107.1624245,50,1417172,-222549,225799
9011,Vietnam,Dong Nai,11.4285446,107.1624245,75,1093885,-275277,171539
9012,Vietnam,Dong Thap,10.425183,105.9271362,30,237384,-194946,33705
9013,Vietnam,Dong Thap,10.425183,105.9271362,50,162379,-124950,20626
9014,Vietnam,Dong Thap,10.425183,105.9271362,75,82618,-52265,8173
9015,"Virgin Islands, U.S.",Saint Croix,17.729124,-64.7589156,30,41478,-8171,10210
9016,"Virgin Islands, U.S.",Saint Croix,17.729124,-64.7589156,50,38737,-5716,9483
9017,"Virgin Islands, U.S.",Saint Croix,17.729124,-64.7589156,75,34129,-2171,8232
9018,"Virgin Islands, U.S.",Saint John,18.3356013,-64.7550406,30,13397,-11113,4080
9019,"Virgin Islands, U.S.",Saint John,18.3356013,-64.7550406,50,13014,-10733,3977
9020,"Virgin Islands, U.S.",Saint John,18.3356013,-64.7550406,75,12107,-9900,3725
9021,"Virgin Islands, U.S.",Saint Thomas,18.3429082,-64.9188997,30,23423,-20451,4707
9022,"Virgin Islands, U.S.",Saint Thomas,18.3429082,-64.9188997,50,21909,-18978,4385
9023,"Virgin Islands, U.S.",Saint Thomas,18.3429082,-64.9188997,75,19399,-16640,3853
9024,Yemen,Abyan,13.786202,46.141766,30,49,-49,0
9025,Yemen,Abyan,13.786202,46.141766,50,49,-49,0
9026,Yemen,Abyan,13.786202,46.141766,75,49,-49,0
9027,Yemen,Al Bayda,14.34166,45.394422,30,70,-70,0
9028,Yemen,Al Bayda,14.34166,45.394422,50,70,-70,0
9029,Yemen,Al Bayda,14.34166,45.394422,75,70,-70,0
9030,Yemen,Al Dali,13.922542,44.768269,30,298,-298,0
9031,Yemen,Al Dali,13.922542,44.768269,50,298,-298,0
9032,Yemen,Al Dali,13.922542,44.768269,75,298,-298,0
9033,Yemen,Al Hudaydah,15.1159326,42.844785,30,4619,-4619,0
9034,Yemen,Al Hudaydah,15.1159326,42.844785,50,4619,-4619,0
9035,Yemen,Al Hudaydah,15.1159326,42.844785,75,4619,-4619,0
9036,Yemen,Al Jawf,16.689733,45.611556,30,4,-4,7
9037,Yemen,Al Jawf,16.689733,45.611556,50,4,-4,7
9038,Yemen,Al Jawf,16.689733,45.611556,75,0,0,0
9039,Yemen,Al Jawf,16.689733,45.611556,30,0,0,0
9040,Yemen,Al Jawf,16.689733,45.611556,50,0,0,0
9041,Yemen,Al Jawf,16.689733,45.611556,75,0,0,0
9042,Yemen,Al Mahrah,17.0,51.5,30,458,-458,0
9043,Yemen,Al Mahrah,17.0,51.5,50,457,-457,0
9044,Yemen,Al Mahrah,17.0,51.5,75,457,-457,0
9045,Yemen,Al Mahwit,15.391981,43.536162,30,734,-734,17
9046,Yemen,Al Mahwit,15.391981,43.536162,50,692,-692,2
9047,Yemen,Al Mahwit,15.391981,43.536162,75,686,-686,0
9048,Yemen,Amanat Al Asimah,15.35,44.2,30,56,-56,0
9049,Yemen,Amanat Al Asimah,15.35,44.2,50,56,-56,0
9050,Yemen,Amanat Al Asimah,15.35,44.2,75,56,-56,0
9051,Yemen,Amran,16.230218,43.909834,30,446,-446,0
9052,Yemen,Amran,16.230218,43.909834,50,446,-446,0
9053,Yemen,Amran,16.230218,43.909834,75,446,-446,0
9054,Yemen,Dhamar,14.7384268,44.2709597,30,3901,-3901,7
9055,Yemen,Dhamar,14.7384268,44.2709597,50,3879,-3879,0
9056,Yemen,Dhamar,14.7384268,44.2709597,75,3879,-3879,0
9057,Yemen,Hadramawt,16.7323022,48.6084967,30,93,-93,72
9058,Yemen,Hadramawt,16.7323022,48.6084967,50,51,-51,5
9059,Yemen,Hadramawt,16.7323022,48.6084967,75,48,-48,0
9060,Yemen,Hajjah,16.0,43.25,30,2485,-2485,0
9061,Yemen,Hajjah,16.0,43.25,50,2485,-2485,0
9062,Yemen,Hajjah,16.0,43.25,75,2485,-2485,0
9063,Yemen,Ibb,14.1419291,44.1389849,30,3901,-3901,26
9064,Yemen,Ibb,14.1419291,44.1389849,50,3828,-3828,2
9065,Yemen,Ibb,14.1419291,44.1389849,75,3822,-3822,0
9066,Yemen,Lahij,13.166667,44.583333,30,142,-142,0
9067,Yemen,Lahij,13.166667,44.583333,50,142,-142,0
9068,Yemen,Lahij,13.166667,44.583333,75,142,-142,0
9069,Yemen,Marib,15.4578788,45.3230242,30,16,-16,0
9070,Yemen,Marib,15.4578788,45.3230242,50,16,-16,0
9071,Yemen,Marib,15.4578788,45.3230242,75,16,-16,0
9072,Yemen,Raymah,14.6875552,43.6648264,30,1081,-1081,2
9073,Yemen,Raymah,14.6875552,43.6648264,50,1077,-1077,0
9074,Yemen,Raymah,14.6875552,43.6648264,75,1076,-1076,0
9075,Yemen,Sa'dah,17.063405,43.914884,30,880,-880,0
9076,Yemen,Sa'dah,17.063405,43.914884,50,880,-880,0
9077,Yemen,Sa'dah,17.063405,43.914884,75,880,-880,0
9078,Yemen,Sana'a,15.35,44.2,30,4897,-4897,1
9079,Yemen,Sana'a,15.35,44.2,50,4895,-4895,0
9080,Yemen,Sana'a,15.35,44.2,75,4894,-4894,0
9081,Yemen,Shabwah,14.9274109,46.6084967,30,24,-24,0
9082,Yemen,Shabwah,14.9274109,46.6084967,50,24,-24,0
9083,Yemen,Shabwah,14.9274109,46.6084967,75,24,-24,0
9084,Yemen,Taizz,13.5752242,44.0215268,30,1758,-1758,0
9085,Yemen,Taizz,13.5752242,44.0215268,50,1757,-1757,0
9086,Yemen,Taizz,13.5752242,44.0215268,75,1757,-1757,0
9087,Yemen,Aden,12.789585,45.028504,30,0,0,0
9088,Yemen,Aden,12.789585,45.028504,50,0,0,0
9089,Yemen,Aden,12.789585,45.028504,75,0,0,0
9090,Zambia,Central,-14.183507,29.0375543,30,18805,-17663,4184
9091,Zambia,Central,-14.183507,29.0375543,50,4010,-3501,141
9092,Zambia,Central,-14.183507,29.0375543,75,3610,-3524,5
9093,Zambia,Central,-14.183507,29.0375543,30,1685610,-1564217,420186
9094,Zambia,Central,-14.183507,29.0375543,50,1584548,-1465693,402314
9095,Zambia,Central,-14.183507,29.0375543,75,1445104,-1331983,376003
9096,Zambia,Central,-14.183507,29.0375543,30,5231700,-167875,750595
9097,Zambia,Central,-14.183507,29.0375543,50,3357357,182991,465307
9098,Zambia,Central,-14.183507,29.0375543,75,472347,62146,18025
9099,Zambia,Central,-14.183507,29.0375543,30,4192611,-3765965,1160588
9100,Zambia,Central,-14.183507,29.0375543,50,3481695,-3123775,987702
9101,Zambia,Central,-14.183507,29.0375543,75,1327181,-1135990,448751
9102,Zambia,Central,-14.183507,29.0375543,30,5228223,-3252554,2663684
9103,Zambia,Central,-14.183507,29.0375543,50,5025644,-3058486,2605597
9104,Zambia,Central,-14.183507,29.0375543,75,4594461,-2679008,2475829
9105,Zambia,Central,-14.183507,29.0375543,30,475523,-387323,65704
9106,Zambia,Central,-14.183507,29.0375543,50,308279,-232094,43880
9107,Zambia,Central,-14.183507,29.0375543,75,156982,-105925,21650
9108,Zambia,Central,-14.183507,29.0375543,30,264593,-171759,60108
9109,Zambia,Central,-14.183507,29.0375543,50,260254,-167703,59328
9110,Zambia,Central,-14.183507,29.0375543,75,247011,-156760,56855
9111,Zambia,Central,-14.183507,29.0375543,30,5540593,-900420,2086299
9112,Zambia,Central,-14.183507,29.0375543,50,849445,-208603,169780
9113,Zambia,Central,-14.183507,29.0375543,75,452214,-274285,453
9114,Zambia,Copperbelt,-13.0214171,27.8876177,30,4148554,4832295,1991762
9115,Zambia,Copperbelt,-13.0214171,27.8876177,50,2374445,3448134,1003897
9116,Zambia,Copperbelt,-13.0214171,27.8876177,75,487219,-16001,11352
9117,Zambia,Eastern,-13.6514737,31.9958539,30,502730,-434329,95132
9118,Zambia,Eastern,-13.6514737,31.9958539,50,481493,-414275,91269
9119,Zambia,Eastern,-13.6514737,31.9958539,75,429907,-370325,81525
9120,Zambia,Eastern,-13.6514737,31.9958539,30,8697015,-2359920,974459
9121,Zambia,Eastern,-13.6514737,31.9958539,50,4656505,-998463,537965
9122,Zambia,Eastern,-13.6514737,31.9958539,75,601602,-119994,28736
9123,Zambia,Eastern,-13.6514737,31.9958539,30,5956381,5616691,1457229
9124,Zambia,Eastern,-13.6514737,31.9958539,50,5339928,5733721,1280878
9125,Zambia,Eastern,-13.6514737,31.9958539,75,600492,908936,166813
9126,Zambia,Eastern,-13.6514737,31.9958539,30,3139198,-2149401,882747
9127,Zambia,Eastern,-13.6514737,31.9958539,50,179468,-90195,33154
9128,Zambia,Eastern,-13.6514737,31.9958539,75,71683,-55363,147
9129,Zambia,Luapula,-10.4680244,29.1275609,30,4668677,976014,2320549
9130,Zambia,Luapula,-10.4680244,29.1275609,50,1904590,1105331,821125
9131,Zambia,Luapula,-10.4680244,29.1275609,75,444247,-181052,2061
9132,Zambia,Lusaka,-15.4163395,28.2818414,30,1363168,-1076437,349032
9133,Zambia,Lusaka,-15.4163395,28.2818414,50,107189,-49739,14673
9134,Zambia,Lusaka,-15.4163395,28.2818414,75,58656,-42418,204
9135,Zambia,Muchinga,-11.1005259,31.639964,30,6464090,-4183883,2219952
9136,Zambia,Muchinga,-11.1005259,31.639964,50,899973,-492325,185540
9137,Zambia,Muchinga,-11.1005259,31.639964,75,338836,-170061,677
9138,Zambia,North-Western,-13.0143658,25.4624692,30,18183344,-5509381,9306264
9139,Zambia,North-Western,-13.0143658,25.4624692,50,11497651,-1759581,5815444
9140,Zambia,North-Western,-13.0143658,25.4624692,75,667685,-302216,24051
9141,Zambia,Northern,-9.4514165,30.8881001,30,2880987,-2403151,540047
9142,Zambia,Northern,-9.4514165,30.8881001,50,2630046,-2177470,495215
9143,Zambia,Northern,-9.4514165,30.8881001,75,2378032,-1962428,446362
9144,Zambia,Northern,-9.4514165,30.8881001,30,32471,-27639,407
9145,Zambia,Northern,-9.4514165,30.8881001,50,32223,-30825,53
9146,Zambia,Northern,-9.4514165,30.8881001,75,32191,-31269,3
9147,Zambia,Northern,-9.4514165,30.8881001,30,11021657,2876332,2434926
9148,Zambia,Northern,-9.4514165,30.8881001,50,5200724,2981469,1014675
9149,Zambia,Northern,-9.4514165,30.8881001,75,1373152,-461750,41492
9150,Zambia,Northern,-9.4514165,30.8881001,30,0,0,0
9151,Zambia,Northern,-9.4514165,30.8881001,50,0,0,0
9152,Zambia,Northern,-9.4514165,30.8881001,75,0,0,0
9153,Zambia,Northern,-9.4514165,30.8881001,30,6910550,-2911191,3283320
9154,Zambia,Northern,-9.4514165,30.8881001,50,1844192,-764932,711402
9155,Zambia,Northern,-9.4514165,30.8881001,75,514879,-224588,2161
9156,Zambia,Southern,-16.5381715,26.7374997,30,429,-409,116
9157,Zambia,Southern,-16.5381715,26.7374997,50,163,-161,2
9158,Zambia,Southern,-16.5381715,26.7374997,75,157,-155,0
9159,Zambia,Southern,-16.5381715,26.7374997,30,18508173,731926,1680627
9160,Zambia,Southern,-16.5381715,26.7374997,50,15006089,1107613,1267173
9161,Zambia,Southern,-16.5381715,26.7374997,75,3268742,-2308740,30855
9162,Zambia,Southern,-16.5381715,26.7374997,30,875946,-688750,209429
9163,Zambia,Southern,-16.5381715,26.7374997,50,109939,-95155,2640
9164,Zambia,Southern,-16.5381715,26.7374997,75,101343,-91567,10
9165,Zambia,Western,-15.8543496,23.8016799,30,2617653,-2077173,501198
9166,Zambia,Western,-15.8543496,23.8016799,50,2080585,-1564748,406548
9167,Zambia,Western,-15.8543496,23.8016799,75,1568208,-1112230,311813
9168,Zambia,Western,-15.8543496,23.8016799,30,30331,-21815,3467
9169,Zambia,Western,-15.8543496,23.8016799,50,14194,-12335,31
9170,Zambia,Western,-15.8543496,23.8016799,75,14109,-12470,0
9171,Zambia,Western,-15.8543496,23.8016799,30,8785039,1527388,1348816
9172,Zambia,Western,-15.8543496,23.8016799,50,6572249,1821303,1098324
9173,Zambia,Western,-15.8543496,23.8016799,75,694592,132253,55512
9174,Zambia,Western,-15.8543496,23.8016799,30,20855279,-14863335,9020252
9175,Zambia,Western,-15.8543496,23.8016799,50,19546014,-13615921,8622088
9176,Zambia,Western,-15.8543496,23.8016799,75,16350393,-10846500,7727790
9177,Zambia,Western,-15.8543496,23.8016799,30,418368,-212555,45098
9178,Zambia,Western,-15.8543496,23.8016799,50,289968,-166769,26566
9179,Zambia,Western,-15.8543496,23.8016799,75,155911,-136617,3421
9180,Zambia,Western,-15.8543496,23.8016799,30,1466077,790529,543913
9181,Zambia,Western,-15.8543496,23.8016799,50,1460326,794801,542680
9182,Zambia,Western,-15.8543496,23.8016799,75,1433461,811381,536831
9183,Zambia,Western,-15.8543496,23.8016799,30,3279095,-924793,1425671
9184,Zambia,Western,-15.8543496,23.8016799,50,1225904,-322937,443998
9185,Zambia,Western,-15.8543496,23.8016799,75,402116,-334002,1577
9186,Zimbabwe,Bulawayo,-20.1053948,28.5426856,30,1365,-622,263
9187,Zimbabwe,Bulawayo,-20.1053948,28.5426856,50,478,-269,14
9188,Zimbabwe,Bulawayo,-20.1053948,28.5426856,75,455,-434,0
9189,Zimbabwe,Harare,-17.8567035,31.0601584,30,6778,-2689,1657
9190,Zimbabwe,Harare,-17.8567035,31.0601584,50,1279,-533,81
9191,Zimbabwe,Harare,-17.8567035,31.0601584,75,1067,-956,1
9192,Zimbabwe,Manicaland,-19.0188422,32.368889,30,2755549,1071135,558409
9193,Zimbabwe,Manicaland,-19.0188422,32.368889,50,1542412,1698357,258778
9194,Zimbabwe,Manicaland,-19.0188422,32.368889,75,768321,935327,78590
9195,Zimbabwe,Mashonaland Central,-16.742872,31.2952086,30,521453,-339559,132122
9196,Zimbabwe,Mashonaland Central,-16.742872,31.2952086,50,65732,-21712,4527
9197,Zimbabwe,Mashonaland Central,-16.742872,31.2952086,75,54468,-45537,75
9198,Zimbabwe,Mashonaland East,-17.7927323,31.7678044,30,307777,-218319,73463
9199,Zimbabwe,Mashonaland East,-17.7927323,31.7678044,50,47003,-26115,2718
9200,Zimbabwe,Mashonaland East,-17.7927323,31.7678044,75,39706,-35384,55
9201,Zimbabwe,Mashonaland West,-17.1449001,29.8289885,30,936405,-561891,236885
9202,Zimbabwe,Mashonaland West,-17.1449001,29.8289885,50,94786,-33062,6454
9203,Zimbabwe,Mashonaland West,-17.1449001,29.8289885,75,79391,-70597,187
9204,Zimbabwe,Masvingo,-20.7453957,31.334138,30,655047,-574443,158110
9205,Zimbabwe,Masvingo,-20.7453957,31.334138,50,106012,-87535,11375
9206,Zimbabwe,Masvingo,-20.7453957,31.334138,75,65337,-60227,160
9207,Zimbabwe,Matabeleland North,-18.9283715,27.4992231,30,387361,-286045,90567
9208,Zimbabwe,Matabeleland North,-18.9283715,27.4992231,50,62425,-51668,1174
9209,Zimbabwe,Matabeleland North,-18.9283715,27.4992231,75,59717,-57174,21
9210,Zimbabwe,Matabeleland South,-20.7364801,28.9396495,30,109906,-101468,25511
9211,Zimbabwe,Matabeleland South,-20.7364801,28.9396495,50,13773,-11846,625
9212,Zimbabwe,Matabeleland South,-20.7364801,28.9396495,75,11320,-10875,18
9213,Zimbabwe,Midlands,-19.2785043,29.8790852,30,545744,-338251,134932
9214,Zimbabwe,Midlands,-19.2785043,29.8790852,50,76262,-12384,6897
9215,Zimbabwe,Midlands,-19.2785043,29.8790852,75,58783,-36761,709
9216,Uland,Archipelago,,,30,157003,-133973,31938
9217,Uland,Archipelago,,,50,128776,-106235,24924
9218,Uland,Archipelago,,,75,79579,-59294,14780
9219,Uland,Countryside,,,30,387853,-211797,75078
9220,Uland,Countryside,,,50,329685,-156897,62300
9221,Uland,Countryside,,,75,244756,-84222,45776